                                                                        S      1
,,15HFusionComponent,13HBoxbottomIGES,7Hunknown,7Hunknown,32,38,7,99,15,G      1
,1.,2,2HMM,1,0.08,15H20260712.103305,0.01,10000.,7Hunknown,7Hunknown,11,G      2
0,;                                                                     G      3
     186       1                                                00000000D      1
     186           -1815       1       0                               0D      2
     514       2                                                00010000D      3
     514                      13       1                               0D      4
     510      15                                                00010000D      5
     510           -1815       1       1                               0D      6
     510      16                                                00010000D      7
     510           -1815       1       1                               0D      8
     510      17                                                00010000D      9
     510           -1815       1       1                               0D     10
     510      18                                                00010000D     11
     510           -1815       1       1                               0D     12
     510      19                                                00010000D     13
     510           -1815       1       1                               0D     14
     510      20                                                00010000D     15
     510           -1815       1       1                               0D     16
     510      21                                                00010000D     17
     510           -1815       1       1                               0D     18
     510      22                                                00010000D     19
     510           -1815       1       1                               0D     20
     510      23                                                00010000D     21
     510           -1815       1       1                               0D     22
     510      24                                                00010000D     23
     510           -1815       1       1                               0D     24
     510      25                                                00010000D     25
     510           -1815       1       1                               0D     26
     510      26                                                00010000D     27
     510           -1815       1       1                               0D     28
     510      27                                                00010000D     29
     510           -1815       1       1                               0D     30
     510      28                                                00010000D     31
     510           -1815       1       1                               0D     32
     510      29                                                00010000D     33
     510           -1815       1       1                               0D     34
     510      30                                                00010000D     35
     510           -1815       1       1                               0D     36
     510      31                                                00010000D     37
     510           -1815       1       1                               0D     38
     510      32                                                00010000D     39
     510           -1815       1       1                               0D     40
     510      33                                                00010000D     41
     510           -1815       1       1                               0D     42
     510      34                                                00010000D     43
     510           -1815       1       1                               0D     44
     510      35                                                00010000D     45
     510           -1815       1       1                               0D     46
     510      36                                                00010000D     47
     510           -1815       1       1                               0D     48
     510      37                                                00010000D     49
     510           -1815       1       1                               0D     50
     510      38                                                00010000D     51
     510           -1815       1       1                               0D     52
     510      39                                                00010000D     53
     510           -1815       1       1                               0D     54
     510      40                                                00010000D     55
     510           -1815       1       1                               0D     56
     510      41                                                00010000D     57
     510           -1815       1       1                               0D     58
     510      42                                                00010000D     59
     510           -1815       1       1                               0D     60
     510      43                                                00010000D     61
     510           -1815       1       1                               0D     62
     510      44                                                00010000D     63
     510           -1815       1       1                               0D     64
     510      45                                                00010000D     65
     510           -1815       1       1                               0D     66
     510      46                                                00010000D     67
     510           -1815       1       1                               0D     68
     510      47                                                00010000D     69
     510           -1815       1       1                               0D     70
     510      48                                                00010000D     71
     510           -1815       1       1                               0D     72
     510      49                                                00010000D     73
     510           -1815       1       1                               0D     74
     510      50                                                00010000D     75
     510           -1815       1       1                               0D     76
     510      51                                                00010000D     77
     510           -1815       1       1                               0D     78
     510      52                                                00010000D     79
     510           -1815       1       1                               0D     80
     510      53                                                00010000D     81
     510           -1815       1       1                               0D     82
     510      54                                                00010000D     83
     510           -1815       1       1                               0D     84
     510      55                                                00010000D     85
     510           -1815       1       1                               0D     86
     510      56                                                00010000D     87
     510           -1815       1       1                               0D     88
     510      57                                                00010000D     89
     510           -1815       2       1                               0D     90
     510      59                                                00010000D     91
     510           -1815       1       1                               0D     92
     510      60                                                00010000D     93
     510           -1815       1       1                               0D     94
     510      61                                                00010000D     95
     510           -1815       1       1                               0D     96
     510      62                                                00010000D     97
     510           -1815       1       1                               0D     98
     510      63                                                00010000D     99
     510           -1815       1       1                               0D    100
     510      64                                                00010000D    101
     510           -1815       1       1                               0D    102
     510      65                                                00010000D    103
     510           -1815       1       1                               0D    104
     510      66                                                00010000D    105
     510           -1815       1       1                               0D    106
     510      67                                                00010000D    107
     510           -1815       1       1                               0D    108
     510      68                                                00010000D    109
     510           -1815       1       1                               0D    110
     510      69                                                00010000D    111
     510           -1815       1       1                               0D    112
     510      70                                                00010000D    113
     510           -1815       1       1                               0D    114
     510      71                                                00010000D    115
     510           -1815       1       1                               0D    116
     510      72                                                00010000D    117
     510           -1815       1       1                               0D    118
     510      73                                                00010000D    119
     510           -1815       1       1                               0D    120
     510      74                                                00010000D    121
     510           -1815       1       1                               0D    122
     510      75                                                00010000D    123
     510           -1815       1       1                               0D    124
     510      76                                                00010000D    125
     510           -1815       1       1                               0D    126
     510      77                                                00010000D    127
     510           -1815       1       1                               0D    128
     510      78                                                00010000D    129
     510           -1815       1       1                               0D    130
     510      79                                                00010000D    131
     510           -1815       1       1                               0D    132
     510      80                                                00010000D    133
     510           -1815       1       1                               0D    134
     510      81                                                00010000D    135
     510           -1815       1       1                               0D    136
     510      82                                                00010000D    137
     510           -1815       1       1                               0D    138
     510      83                                                00010000D    139
     510           -1815       1       1                               0D    140
     510      84                                                00010000D    141
     510           -1815       1       1                               0D    142
     510      85                                                00010000D    143
     510           -1815       1       1                               0D    144
     510      86                                                00010000D    145
     510           -1815       1       1                               0D    146
     510      87                                                00010000D    147
     510           -1815       1       1                               0D    148
     510      88                                                00010000D    149
     510           -1815       1       1                               0D    150
     510      89                                                00010000D    151
     510           -1815       1       1                               0D    152
     510      90                                                00010000D    153
     510           -1815       1       1                               0D    154
     510      91                                                00010000D    155
     510           -1815       1       1                               0D    156
     510      92                                                00010000D    157
     510           -1815       1       1                               0D    158
     510      93                                                00010000D    159
     510           -1815       1       1                               0D    160
     510      94                                                00010000D    161
     510           -1815       1       1                               0D    162
     510      95                                                00010000D    163
     510           -1815       1       1                               0D    164
     510      96                                                00010000D    165
     510           -1815       1       1                               0D    166
     510      97                                                00010000D    167
     510           -1815       1       1                               0D    168
     510      98                                                00010000D    169
     510           -1815       1       1                               0D    170
     510      99                                                00010000D    171
     510           -1815       1       1                               0D    172
     510     100                                                00010000D    173
     510           -1815       1       1                               0D    174
     510     101                                                00010000D    175
     510           -1815       1       1                               0D    176
     510     102                                                00010000D    177
     510           -1815       1       1                               0D    178
     510     103                                                00010000D    179
     510           -1815       1       1                               0D    180
     510     104                                                00010000D    181
     510           -1815       1       1                               0D    182
     510     105                                                00010000D    183
     510           -1815       1       1                               0D    184
     510     106                                                00010000D    185
     510           -1815       1       1                               0D    186
     510     107                                                00010000D    187
     510           -1815       1       1                               0D    188
     510     108                                                00010000D    189
     510           -1815       1       1                               0D    190
     510     109                                                00010000D    191
     510           -1815       1       1                               0D    192
     510     110                                                00010000D    193
     510           -1815       1       1                               0D    194
     510     111                                                00010000D    195
     510           -1815       1       1                               0D    196
     510     112                                                00010000D    197
     510           -1815       1       1                               0D    198
     510     113                                                00010000D    199
     510           -1815       1       1                               0D    200
     510     114                                                00010000D    201
     510           -1815       1       1                               0D    202
     510     115                                                00010000D    203
     510           -1815       1       1                               0D    204
     510     116                                                00010000D    205
     510           -1815       1       1                               0D    206
     510     117                                                00010000D    207
     510           -1815       1       1                               0D    208
     510     118                                                00010000D    209
     510           -1815       1       1                               0D    210
     510     119                                                00010000D    211
     510           -1815       1       1                               0D    212
     510     120                                                00010000D    213
     510           -1815       1       1                               0D    214
     510     121                                                00010000D    215
     510           -1815       1       1                               0D    216
     510     122                                                00010000D    217
     510           -1815       1       1                               0D    218
     510     123                                                00010000D    219
     510           -1815       1       1                               0D    220
     510     124                                                00010000D    221
     510           -1815       1       1                               0D    222
     510     125                                                00010000D    223
     510           -1815       1       1                               0D    224
     510     126                                                00010000D    225
     510           -1815       1       1                               0D    226
     510     127                                                00010000D    227
     510           -1815       1       1                               0D    228
     510     128                                                00010000D    229
     510           -1815       1       1                               0D    230
     510     129                                                00010000D    231
     510           -1815       1       1                               0D    232
     510     130                                                00010000D    233
     510           -1815       1       1                               0D    234
     510     131                                                00010000D    235
     510           -1815       1       1                               0D    236
     510     132                                                00010000D    237
     510           -1815       1       1                               0D    238
     510     133                                                00010000D    239
     510           -1815       1       1                               0D    240
     510     134                                                00010000D    241
     510           -1815       1       1                               0D    242
     510     135                                                00010000D    243
     510           -1815       1       1                               0D    244
     510     136                                                00010000D    245
     510           -1815       1       1                               0D    246
     510     137                                                00010000D    247
     510           -1815       1       1                               0D    248
     510     138                                                00010000D    249
     510           -1815       1       1                               0D    250
     510     139                                                00010000D    251
     510           -1815       1       1                               0D    252
     510     140                                                00010000D    253
     510           -1815       1       1                               0D    254
     510     141                                                00010000D    255
     510           -1815       1       1                               0D    256
     510     142                                                00010000D    257
     510           -1815       1       1                               0D    258
     510     143                                                00010000D    259
     510           -1815       1       1                               0D    260
     510     144                                                00010000D    261
     510           -1815       1       1                               0D    262
     510     145                                                00010000D    263
     510           -1815       1       1                               0D    264
     510     146                                                00010000D    265
     510           -1815       1       1                               0D    266
     510     147                                                00010000D    267
     510           -1815       1       1                               0D    268
     510     148                                                00010000D    269
     510           -1815       1       1                               0D    270
     510     149                                                00010000D    271
     510           -1815       1       1                               0D    272
     510     150                                                00010000D    273
     510           -1815       1       1                               0D    274
     510     151                                                00010000D    275
     510           -1815       1       1                               0D    276
     510     152                                                00010000D    277
     510           -1815       1       1                               0D    278
     510     153                                                00010000D    279
     510           -1815       1       1                               0D    280
     510     154                                                00010000D    281
     510           -1815       1       1                               0D    282
     510     155                                                00010000D    283
     510           -1815       1       1                               0D    284
     510     156                                                00010000D    285
     510           -1815       1       1                               0D    286
     510     157                                                00010000D    287
     510           -1815       1       1                               0D    288
     508     158                                                00010000D    289
     508                       1       1                               0D    290
     508     159                                                00010000D    291
     508                       1       1                               0D    292
     508     160                                                00010000D    293
     508                       1       1                               0D    294
     508     161                                                00010000D    295
     508                       1       1                               0D    296
     508     162                                                00010000D    297
     508                       1       1                               0D    298
     508     163                                                00010000D    299
     508                       1       1                               0D    300
     508     164                                                00010000D    301
     508                       2       1                               0D    302
     508     166                                                00010000D    303
     508                       1       1                               0D    304
     508     167                                                00010000D    305
     508                       1       1                               0D    306
     508     168                                                00010000D    307
     508                       1       1                               0D    308
     508     169                                                00010000D    309
     508                       1       1                               0D    310
     508     170                                                00010000D    311
     508                       1       1                               0D    312
     508     171                                                00010000D    313
     508                       1       1                               0D    314
     508     172                                                00010000D    315
     508                       1       1                               0D    316
     508     173                                                00010000D    317
     508                       2       1                               0D    318
     508     175                                                00010000D    319
     508                       1       1                               0D    320
     508     176                                                00010000D    321
     508                       1       1                               0D    322
     508     177                                                00010000D    323
     508                       1       1                               0D    324
     508     178                                                00010000D    325
     508                       1       1                               0D    326
     508     179                                                00010000D    327
     508                       1       1                               0D    328
     508     180                                                00010000D    329
     508                       1       1                               0D    330
     508     181                                                00010000D    331
     508                       1       1                               0D    332
     508     182                                                00010000D    333
     508                       2       1                               0D    334
     508     184                                                00010000D    335
     508                       1       1                               0D    336
     508     185                                                00010000D    337
     508                       1       1                               0D    338
     508     186                                                00010000D    339
     508                       1       1                               0D    340
     508     187                                                00010000D    341
     508                       1       1                               0D    342
     508     188                                                00010000D    343
     508                       1       1                               0D    344
     508     189                                                00010000D    345
     508                       1       1                               0D    346
     508     190                                                00010000D    347
     508                       1       1                               0D    348
     508     191                                                00010000D    349
     508                       2       1                               0D    350
     508     193                                                00010000D    351
     508                       1       1                               0D    352
     508     194                                                00010000D    353
     508                       1       1                               0D    354
     508     195                                                00010000D    355
     508                       1       1                               0D    356
     508     196                                                00010000D    357
     508                       1       1                               0D    358
     508     197                                                00010000D    359
     508                       1       1                               0D    360
     508     198                                                00010000D    361
     508                       1       1                               0D    362
     508     199                                                00010000D    363
     508                       2       1                               0D    364
     508     201                                                00010000D    365
     508                       2       1                               0D    366
     508     203                                                00010000D    367
     508                       2       1                               0D    368
     508     205                                                00010000D    369
     508                       2       1                               0D    370
     508     207                                                00010000D    371
     508                       2       1                               0D    372
     508     209                                                00010000D    373
     508                       3       1                               0D    374
     508     212                                                00010000D    375
     508                       2       1                               0D    376
     508     214                                                00010000D    377
     508                       2       1                               0D    378
     508     216                                                00010000D    379
     508                       2       1                               0D    380
     508     218                                                00010000D    381
     508                       2       1                               0D    382
     508     220                                                00010000D    383
     508                       2       1                               0D    384
     508     222                                                00010000D    385
     508                       2       1                               0D    386
     508     224                                                00010000D    387
     508                       2       1                               0D    388
     508     226                                                00010000D    389
     508                       2       1                               0D    390
     508     228                                                00010000D    391
     508                       2       1                               0D    392
     508     230                                                00010000D    393
     508                       2       1                               0D    394
     508     232                                                00010000D    395
     508                       2       1                               0D    396
     508     234                                                00010000D    397
     508                       2       1                               0D    398
     508     236                                                00010000D    399
     508                       2       1                               0D    400
     508     238                                                00010000D    401
     508                       2       1                               0D    402
     508     240                                                00010000D    403
     508                       2       1                               0D    404
     508     242                                                00010000D    405
     508                       2       1                               0D    406
     508     244                                                00010000D    407
     508                       2       1                               0D    408
     508     246                                                00010000D    409
     508                       1       1                               0D    410
     508     247                                                00010000D    411
     508                       1       1                               0D    412
     508     248                                                00010000D    413
     508                       1       1                               0D    414
     508     249                                                00010000D    415
     508                       1       1                               0D    416
     508     250                                                00010000D    417
     508                       1       1                               0D    418
     508     251                                                00010000D    419
     508                       1       1                               0D    420
     508     252                                                00010000D    421
     508                       1       1                               0D    422
     508     253                                                00010000D    423
     508                       1       1                               0D    424
     508     254                                                00010000D    425
     508                       2       1                               0D    426
     508     256                                                00010000D    427
     508                       2       1                               0D    428
     508     258                                                00010000D    429
     508                       2       1                               0D    430
     508     260                                                00010000D    431
     508                       2       1                               0D    432
     508     262                                                00010000D    433
     508                       2       1                               0D    434
     508     264                                                00010000D    435
     508                       2       1                               0D    436
     508     266                                                00010000D    437
     508                       2       1                               0D    438
     508     268                                                00010000D    439
     508                       2       1                               0D    440
     508     270                                                00010000D    441
     508                       2       1                               0D    442
     508     272                                                00010000D    443
     508                       2       1                               0D    444
     508     274                                                00010000D    445
     508                       2       1                               0D    446
     508     276                                                00010000D    447
     508                       2       1                               0D    448
     508     278                                                00010000D    449
     508                       2       1                               0D    450
     508     280                                                00010000D    451
     508                       2       1                               0D    452
     508     282                                                00010000D    453
     508                       2       1                               0D    454
     508     284                                                00010000D    455
     508                       2       1                               0D    456
     508     286                                                00010000D    457
     508                       2       1                               0D    458
     508     288                                                00010000D    459
     508                       2       1                               0D    460
     508     290                                                00010000D    461
     508                       3       1                               0D    462
     508     293                                                00010000D    463
     508                       1       1                               0D    464
     508     294                                                00010000D    465
     508                       8       1                               0D    466
     508     302                                                00010000D    467
     508                       1       1                               0D    468
     508     303                                                00010000D    469
     508                       1       1                               0D    470
     508     304                                                00010000D    471
     508                       1       1                               0D    472
     508     305                                                00010000D    473
     508                       1       1                               0D    474
     508     306                                                00010000D    475
     508                       1       1                               0D    476
     508     307                                                00010000D    477
     508                       1       1                               0D    478
     508     308                                                00010000D    479
     508                       1       1                               0D    480
     508     309                                                00010000D    481
     508                       1       1                               0D    482
     508     310                                                00010000D    483
     508                       1       1                               0D    484
     508     311                                                00010000D    485
     508                       1       1                               0D    486
     508     312                                                00010000D    487
     508                       1       1                               0D    488
     508     313                                                00010000D    489
     508                       1       1                               0D    490
     508     314                                                00010000D    491
     508                       2       1                               0D    492
     508     316                                                00010000D    493
     508                       2       1                               0D    494
     508     318                                                00010000D    495
     508                       1       1                               0D    496
     508     319                                                00010000D    497
     508                       2       1                               0D    498
     508     321                                                00010000D    499
     508                       2       1                               0D    500
     508     323                                                00010000D    501
     508                       2       1                               0D    502
     508     325                                                00010000D    503
     508                       2       1                               0D    504
     508     327                                                00010000D    505
     508                       2       1                               0D    506
     508     329                                                00010000D    507
     508                       2       1                               0D    508
     508     331                                                00010000D    509
     508                       2       1                               0D    510
     508     333                                                00010000D    511
     508                       2       1                               0D    512
     508     335                                                00010000D    513
     508                       2       1                               0D    514
     508     337                                                00010000D    515
     508                       2       1                               0D    516
     508     339                                                00010000D    517
     508                       2       1                               0D    518
     508     341                                                00010000D    519
     508                       2       1                               0D    520
     508     343                                                00010000D    521
     508                       2       1                               0D    522
     508     345                                                00010000D    523
     508                       2       1                               0D    524
     508     347                                                00010000D    525
     508                       2       1                               0D    526
     508     349                                                00010000D    527
     508                       2       1                               0D    528
     508     351                                                00010000D    529
     508                       2       1                               0D    530
     508     353                                                00010000D    531
     508                       2       1                               0D    532
     508     355                                                00010000D    533
     508                       2       1                               0D    534
     508     357                                                00010000D    535
     508                       2       1                               0D    536
     508     359                                                00010000D    537
     508                       2       1                               0D    538
     508     361                                                00010000D    539
     508                       2       1                               0D    540
     508     363                                                00010000D    541
     508                       2       1                               0D    542
     508     365                                                00010000D    543
     508                       2       1                               0D    544
     508     367                                                00010000D    545
     508                       2       1                               0D    546
     508     369                                                00010000D    547
     508                       2       1                               0D    548
     508     371                                                00010000D    549
     508                       2       1                               0D    550
     508     373                                                00010000D    551
     508                       2       1                               0D    552
     508     375                                                00010000D    553
     508                       2       1                               0D    554
     508     377                                                00010000D    555
     508                       2       1                               0D    556
     508     379                                                00010000D    557
     508                       2       1                               0D    558
     508     381                                                00010000D    559
     508                       2       1                               0D    560
     508     383                                                00010000D    561
     508                       2       1                               0D    562
     508     385                                                00010000D    563
     508                       2       1                               0D    564
     508     387                                                00010000D    565
     508                       2       1                               0D    566
     508     389                                                00010000D    567
     508                       2       1                               0D    568
     508     391                                                00010000D    569
     508                       2       1                               0D    570
     508     393                                                00010000D    571
     508                       2       1                               0D    572
     508     395                                                00010000D    573
     508                       2       1                               0D    574
     508     397                                                00010000D    575
     508                       2       1                               0D    576
     508     399                                                00010000D    577
     508                       2       1                               0D    578
     508     401                                                00010000D    579
     508                       2       1                               0D    580
     508     403                                                00010000D    581
     508                       2       1                               0D    582
     508     405                                                00010000D    583
     508                       2       1                               0D    584
     508     407                                                00010000D    585
     508                       2       1                               0D    586
     508     409                                                00010000D    587
     508                       2       1                               0D    588
     508     411                                                00010000D    589
     508                       2       1                               0D    590
     508     413                                                00010000D    591
     508                       2       1                               0D    592
     508     415                                                00010000D    593
     508                       2       1                               0D    594
     508     417                                                00010000D    595
     508                       2       1                               0D    596
     508     419                                                00010000D    597
     508                       2       1                               0D    598
     508     421                                                00010000D    599
     508                       2       1                               0D    600
     508     423                                                00010000D    601
     508                       2       1                               0D    602
     508     425                                                00010000D    603
     508                       2       1                               0D    604
     508     427                                                00010000D    605
     508                       2       1                               0D    606
     508     429                                                00010000D    607
     508                       2       1                               0D    608
     508     431                                                00010000D    609
     508                       2       1                               0D    610
     508     433                                                00010000D    611
     508                       2       1                               0D    612
     508     435                                                00010000D    613
     508                       2       1                               0D    614
     508     437                                                00010000D    615
     508                       2       1                               0D    616
     508     439                                                00010000D    617
     508                       2       1                               0D    618
     508     441                                                00010000D    619
     508                       2       1                               0D    620
     508     443                                                00010000D    621
     508                       2       1                               0D    622
     508     445                                                00010000D    623
     508                       2       1                               0D    624
     508     447                                                00010000D    625
     508                       2       1                               0D    626
     508     449                                                00010000D    627
     508                       2       1                               0D    628
     508     451                                                00010000D    629
     508                       2       1                               0D    630
     508     453                                                00010000D    631
     508                       2       1                               0D    632
     508     455                                                00010000D    633
     508                       2       1                               0D    634
     508     457                                                00010000D    635
     508                       2       1                               0D    636
     508     459                                                00010000D    637
     508                       2       1                               0D    638
     508     461                                                00010000D    639
     508                       2       1                               0D    640
     508     463                                                00010000D    641
     508                       2       1                               0D    642
     508     465                                                00010000D    643
     508                       2       1                               0D    644
     508     467                                                00010000D    645
     508                       2       1                               0D    646
     508     469                                                00010000D    647
     508                       2       1                               0D    648
     508     471                                                00010000D    649
     508                       2       1                               0D    650
     508     473                                                00010000D    651
     508                       2       1                               0D    652
     508     475                                                00010000D    653
     508                       2       1                               0D    654
     508     477                                                00010000D    655
     508                       2       1                               0D    656
     508     479                                                00010000D    657
     508                       2       1                               0D    658
     508     481                                                00010000D    659
     508                       2       1                               0D    660
     508     483                                                00010000D    661
     508                       2       1                               0D    662
     508     485                                                00010000D    663
     508                       2       1                               0D    664
     508     487                                                00010000D    665
     508                       2       1                               0D    666
     508     489                                                00010000D    667
     508                       2       1                               0D    668
     508     491                                                00010000D    669
     508                       2       1                               0D    670
     508     493                                                00010000D    671
     508                       2       1                               0D    672
     508     495                                                00010000D    673
     508                       2       1                               0D    674
     508     497                                                00010000D    675
     508                       2       1                               0D    676
     508     499                                                00010000D    677
     508                       2       1                               0D    678
     508     501                                                00010000D    679
     508                       2       1                               0D    680
     508     503                                                00010000D    681
     508                       2       1                               0D    682
     508     505                                                00010000D    683
     508                       2       1                               0D    684
     508     507                                                00010000D    685
     508                       2       1                               0D    686
     508     509                                                00010000D    687
     508                       2       1                               0D    688
     508     511                                                00010000D    689
     508                       2       1                               0D    690
     126     513                                                00010000D    691
     126       0              12       0                               0D    692
     126     525                                                00010000D    693
     126       0               3       0                               0D    694
     126     528                                                00010000D    695
     126       0              12       0                               0D    696
     126     540                                                00010000D    697
     126       0               3       0                               0D    698
     126     543                                                00010000D    699
     126       0               3       0                               0D    700
     126     546                                                00010000D    701
     126       0               3       0                               0D    702
     126     549                                                00010000D    703
     126       0               3       0                               0D    704
     126     552                                                00010000D    705
     126       0               5       0                               0D    706
     126     557                                                00010000D    707
     126       0               5       0                               0D    708
     126     562                                                00010000D    709
     126       0               3       0                               0D    710
     126     565                                                00010000D    711
     126       0               3       0                               0D    712
     126     568                                                00010000D    713
     126       0               3       0                               0D    714
     126     571                                                00010000D    715
     126       0               2       0                               0D    716
     126     573                                                00010000D    717
     126       0               3       0                               0D    718
     126     576                                                00010000D    719
     126       0               2       0                               0D    720
     126     578                                                00010000D    721
     126       0               3       0                               0D    722
     126     581                                                00010000D    723
     126       0               3       0                               0D    724
     126     584                                                00010000D    725
     126       0               5       0                               0D    726
     126     589                                                00010000D    727
     126       0               5       0                               0D    728
     126     594                                                00010000D    729
     126       0               4       0                               0D    730
     126     598                                                00010000D    731
     126       0              12       0                               0D    732
     126     610                                                00010000D    733
     126       0               3       0                               0D    734
     126     613                                                00010000D    735
     126       0              12       0                               0D    736
     126     625                                                00010000D    737
     126       0               3       0                               0D    738
     126     628                                                00010000D    739
     126       0               3       0                               0D    740
     126     631                                                00010000D    741
     126       0               3       0                               0D    742
     126     634                                                00010000D    743
     126       0               3       0                               0D    744
     126     637                                                00010000D    745
     126       0               5       0                               0D    746
     126     642                                                00010000D    747
     126       0               5       0                               0D    748
     126     647                                                00010000D    749
     126       0               3       0                               0D    750
     126     650                                                00010000D    751
     126       0               3       0                               0D    752
     126     653                                                00010000D    753
     126       0               3       0                               0D    754
     126     656                                                00010000D    755
     126       0               2       0                               0D    756
     126     658                                                00010000D    757
     126       0               3       0                               0D    758
     126     661                                                00010000D    759
     126       0               2       0                               0D    760
     126     663                                                00010000D    761
     126       0               3       0                               0D    762
     126     666                                                00010000D    763
     126       0               3       0                               0D    764
     126     669                                                00010000D    765
     126       0               5       0                               0D    766
     126     674                                                00010000D    767
     126       0               5       0                               0D    768
     126     679                                                00010000D    769
     126       0               4       0                               0D    770
     126     683                                                00010000D    771
     126       0              12       0                               0D    772
     126     695                                                00010000D    773
     126       0               3       0                               0D    774
     126     698                                                00010000D    775
     126       0              12       0                               0D    776
     126     710                                                00010000D    777
     126       0               5       0                               0D    778
     126     715                                                00010000D    779
     126       0               3       0                               0D    780
     126     718                                                00010000D    781
     126       0               5       0                               0D    782
     126     723                                                00010000D    783
     126       0               3       0                               0D    784
     126     726                                                00010000D    785
     126       0               3       0                               0D    786
     126     729                                                00010000D    787
     126       0               3       0                               0D    788
     126     732                                                00010000D    789
     126       0               3       0                               0D    790
     126     735                                                00010000D    791
     126       0               5       0                               0D    792
     126     740                                                00010000D    793
     126       0               5       0                               0D    794
     126     745                                                00010000D    795
     126       0               3       0                               0D    796
     126     748                                                00010000D    797
     126       0               3       0                               0D    798
     126     751                                                00010000D    799
     126       0               3       0                               0D    800
     126     754                                                00010000D    801
     126       0               2       0                               0D    802
     126     756                                                00010000D    803
     126       0               3       0                               0D    804
     126     759                                                00010000D    805
     126       0               2       0                               0D    806
     126     761                                                00010000D    807
     126       0               3       0                               0D    808
     126     764                                                00010000D    809
     126       0               4       0                               0D    810
     126     768                                                00010000D    811
     126       0              12       0                               0D    812
     126     780                                                00010000D    813
     126       0               3       0                               0D    814
     126     783                                                00010000D    815
     126       0              12       0                               0D    816
     126     795                                                00010000D    817
     126       0               5       0                               0D    818
     126     800                                                00010000D    819
     126       0               3       0                               0D    820
     126     803                                                00010000D    821
     126       0               5       0                               0D    822
     126     808                                                00010000D    823
     126       0               3       0                               0D    824
     126     811                                                00010000D    825
     126       0               3       0                               0D    826
     126     814                                                00010000D    827
     126       0               3       0                               0D    828
     126     817                                                00010000D    829
     126       0               3       0                               0D    830
     126     820                                                00010000D    831
     126       0               5       0                               0D    832
     126     825                                                00010000D    833
     126       0               5       0                               0D    834
     126     830                                                00010000D    835
     126       0               3       0                               0D    836
     126     833                                                00010000D    837
     126       0               3       0                               0D    838
     126     836                                                00010000D    839
     126       0               3       0                               0D    840
     126     839                                                00010000D    841
     126       0               2       0                               0D    842
     126     841                                                00010000D    843
     126       0               3       0                               0D    844
     126     844                                                00010000D    845
     126       0               2       0                               0D    846
     126     846                                                00010000D    847
     126       0               3       0                               0D    848
     126     849                                                00010000D    849
     126       0               4       0                               0D    850
     126     853                                                00010000D    851
     126       0               5       0                               0D    852
     126     858                                                00010000D    853
     126       0               2       0                               0D    854
     126     860                                                00010000D    855
     126       0               5       0                               0D    856
     126     865                                                00010000D    857
     126       0               2       0                               0D    858
     126     867                                                00010000D    859
     126       0               2       0                               0D    860
     126     869                                                00010000D    861
     126       0               2       0                               0D    862
     126     871                                                00010000D    863
     126       0               2       0                               0D    864
     126     873                                                00010000D    865
     126       0               3       0                               0D    866
     126     876                                                00010000D    867
     126       0               4       0                               0D    868
     126     880                                                00010000D    869
     126       0               3       0                               0D    870
     126     883                                                00010000D    871
     126       0               4       0                               0D    872
     126     887                                                00010000D    873
     126       0               3       0                               0D    874
     126     890                                                00010000D    875
     126       0               4       0                               0D    876
     126     894                                                00010000D    877
     126       0               3       0                               0D    878
     126     897                                                00010000D    879
     126       0               4       0                               0D    880
     126     901                                                00010000D    881
     126       0               3       0                               0D    882
     126     904                                                00010000D    883
     126       0               4       0                               0D    884
     126     908                                                00010000D    885
     126       0               3       0                               0D    886
     126     911                                                00010000D    887
     126       0               4       0                               0D    888
     126     915                                                00010000D    889
     126       0               3       0                               0D    890
     126     918                                                00010000D    891
     126       0               4       0                               0D    892
     126     922                                                00010000D    893
     126       0               3       0                               0D    894
     126     925                                                00010000D    895
     126       0               4       0                               0D    896
     126     929                                                00010000D    897
     126       0               5       0                               0D    898
     126     934                                                00010000D    899
     126       0               2       0                               0D    900
     126     936                                                00010000D    901
     126       0               5       0                               0D    902
     126     941                                                00010000D    903
     126       0               2       0                               0D    904
     126     943                                                00010000D    905
     126       0               2       0                               0D    906
     126     945                                                00010000D    907
     126       0               3       0                               0D    908
     126     948                                                00010000D    909
     126       0               5       0                               0D    910
     126     953                                                00010000D    911
     126       0               5       0                               0D    912
     126     958                                                00010000D    913
     126       0               5       0                               0D    914
     126     963                                                00010000D    915
     126       0               7       0                               0D    916
     126     970                                                00010000D    917
     126       0               5       0                               0D    918
     126     975                                                00010000D    919
     126       0               7       0                               0D    920
     126     982                                                00010000D    921
     126       0               5       0                               0D    922
     126     987                                                00010000D    923
     126       0               7       0                               0D    924
     126     994                                                00010000D    925
     126       0               5       0                               0D    926
     126     999                                                00010000D    927
     126       0               2       0                               0D    928
     126    1001                                                00010000D    929
     126       0               5       0                               0D    930
     126    1006                                                00010000D    931
     126       0               2       0                               0D    932
     126    1008                                                00010000D    933
     126       0               3       0                               0D    934
     126    1011                                                00010000D    935
     126       0               2       0                               0D    936
     126    1013                                                00010000D    937
     126       0               2       0                               0D    938
     126    1015                                                00010000D    939
     126       0               3       0                               0D    940
     126    1018                                                00010000D    941
     126       0               4       0                               0D    942
     126    1022                                                00010000D    943
     126       0               4       0                               0D    944
     126    1026                                                00010000D    945
     126       0               6       0                               0D    946
     126    1032                                                00010000D    947
     126       0               4       0                               0D    948
     126    1036                                                00010000D    949
     126       0               6       0                               0D    950
     126    1042                                                00010000D    951
     126       0               4       0                               0D    952
     126    1046                                                00010000D    953
     126       0               6       0                               0D    954
     126    1052                                                00010000D    955
     126       0               4       0                               0D    956
     126    1056                                                00010000D    957
     126       0               5       0                               0D    958
     126    1061                                                00010000D    959
     126       0               2       0                               0D    960
     126    1063                                                00010000D    961
     126       0               4       0                               0D    962
     126    1067                                                00010000D    963
     126       0               2       0                               0D    964
     126    1069                                                00010000D    965
     126       0               5       0                               0D    966
     126    1074                                                00010000D    967
     126       0               2       0                               0D    968
     126    1076                                                00010000D    969
     126       0               5       0                               0D    970
     126    1081                                                00010000D    971
     126       0               2       0                               0D    972
     126    1083                                                00010000D    973
     126       0               5       0                               0D    974
     126    1088                                                00010000D    975
     126       0               2       0                               0D    976
     126    1090                                                00010000D    977
     126       0               4       0                               0D    978
     126    1094                                                00010000D    979
     126       0               5       0                               0D    980
     126    1099                                                00010000D    981
     126       0               2       0                               0D    982
     126    1101                                                00010000D    983
     126       0               2       0                               0D    984
     126    1103                                                00010000D    985
     126       0               2       0                               0D    986
     126    1105                                                00010000D    987
     126       0               5       0                               0D    988
     126    1110                                                00010000D    989
     126       0               6       0                               0D    990
     126    1116                                                00010000D    991
     126       0               4       0                               0D    992
     126    1120                                                00010000D    993
     126       0               4       0                               0D    994
     126    1124                                                00010000D    995
     126       0               4       0                               0D    996
     126    1128                                                00010000D    997
     126       0               4       0                               0D    998
     126    1132                                                00010000D    999
     126       0               3       0                               0D   1000
     126    1135                                                00010000D   1001
     126       0               4       0                               0D   1002
     126    1139                                                00010000D   1003
     126       0               4       0                               0D   1004
     126    1143                                                00010000D   1005
     126       0               3       0                               0D   1006
     126    1146                                                00010000D   1007
     126       0               4       0                               0D   1008
     126    1150                                                00010000D   1009
     126       0               4       0                               0D   1010
     126    1154                                                00010000D   1011
     126       0               3       0                               0D   1012
     126    1157                                                00010000D   1013
     126       0               4       0                               0D   1014
     126    1161                                                00010000D   1015
     126       0               4       0                               0D   1016
     126    1165                                                00010000D   1017
     126       0               3       0                               0D   1018
     126    1168                                                00010000D   1019
     126       0               4       0                               0D   1020
     126    1172                                                00010000D   1021
     126       0               4       0                               0D   1022
     126    1176                                                00010000D   1023
     126       0               3       0                               0D   1024
     126    1179                                                00010000D   1025
     126       0               4       0                               0D   1026
     126    1183                                                00010000D   1027
     126       0               4       0                               0D   1028
     126    1187                                                00010000D   1029
     126       0               3       0                               0D   1030
     126    1190                                                00010000D   1031
     126       0               4       0                               0D   1032
     126    1194                                                00010000D   1033
     126       0               4       0                               0D   1034
     126    1198                                                00010000D   1035
     126       0               3       0                               0D   1036
     126    1201                                                00010000D   1037
     126       0               4       0                               0D   1038
     126    1205                                                00010000D   1039
     126       0               4       0                               0D   1040
     126    1209                                                00010000D   1041
     126       0               3       0                               0D   1042
     126    1212                                                00010000D   1043
     126       0               4       0                               0D   1044
     126    1216                                                00010000D   1045
     126       0               4       0                               0D   1046
     126    1220                                                00010000D   1047
     126       0               3       0                               0D   1048
     126    1223                                                00010000D   1049
     126       0               4       0                               0D   1050
     126    1227                                                00010000D   1051
     126       0               4       0                               0D   1052
     126    1231                                                00010000D   1053
     126       0               3       0                               0D   1054
     126    1234                                                00010000D   1055
     126       0               4       0                               0D   1056
     126    1238                                                00010000D   1057
     126       0               4       0                               0D   1058
     126    1242                                                00010000D   1059
     126       0               3       0                               0D   1060
     126    1245                                                00010000D   1061
     126       0               4       0                               0D   1062
     126    1249                                                00010000D   1063
     126       0               3       0                               0D   1064
     126    1252                                                00010000D   1065
     126       0               3       0                               0D   1066
     126    1255                                                00010000D   1067
     126       0               4       0                               0D   1068
     126    1259                                                00010000D   1069
     126       0               4       0                               0D   1070
     126    1263                                                00010000D   1071
     126       0               4       0                               0D   1072
     126    1267                                                00010000D   1073
     126       0               4       0                               0D   1074
     126    1271                                                00010000D   1075
     126       0               4       0                               0D   1076
     126    1275                                                00010000D   1077
     126       0               4       0                               0D   1078
     126    1279                                                00010000D   1079
     126       0               4       0                               0D   1080
     126    1283                                                00010000D   1081
     126       0               4       0                               0D   1082
     126    1287                                                00010000D   1083
     126       0               3       0                               0D   1084
     126    1290                                                00010000D   1085
     126       0               4       0                               0D   1086
     126    1294                                                00010000D   1087
     126       0               4       0                               0D   1088
     126    1298                                                00010000D   1089
     126       0               3       0                               0D   1090
     126    1301                                                00010000D   1091
     126       0               4       0                               0D   1092
     126    1305                                                00010000D   1093
     126       0               4       0                               0D   1094
     126    1309                                                00010000D   1095
     126       0               4       0                               0D   1096
     126    1313                                                00010000D   1097
     126       0               4       0                               0D   1098
     126    1317                                                00010000D   1099
     126       0               4       0                               0D   1100
     126    1321                                                00010000D   1101
     126       0               4       0                               0D   1102
     126    1325                                                00010000D   1103
     126       0               4       0                               0D   1104
     126    1329                                                00010000D   1105
     126       0               4       0                               0D   1106
     126    1333                                                00010000D   1107
     126       0               4       0                               0D   1108
     126    1337                                                00010000D   1109
     126       0               4       0                               0D   1110
     126    1341                                                00010000D   1111
     126       0               4       0                               0D   1112
     126    1345                                                00010000D   1113
     126       0               2       0                               0D   1114
     126    1347                                                00010000D   1115
     126       0               5       0                               0D   1116
     126    1352                                                00010000D   1117
     126       0              12       0                               0D   1118
     126    1364                                                00010000D   1119
     126       0              12       0                               0D   1120
     126    1376                                                00010000D   1121
     126       0              12       0                               0D   1122
     126    1388                                                00010000D   1123
     126       0              12       0                               0D   1124
     126    1400                                                00010000D   1125
     126       0              12       0                               0D   1126
     126    1412                                                00010000D   1127
     126       0              12       0                               0D   1128
     126    1424                                                00010000D   1129
     126       0              12       0                               0D   1130
     126    1436                                                00010000D   1131
     126       0              12       0                               0D   1132
     126    1448                                                00010000D   1133
     126       0               2       0                               0D   1134
     126    1450                                                00010000D   1135
     126       0               2       0                               0D   1136
     126    1452                                                00010000D   1137
     126       0               4       0                               0D   1138
     126    1456                                                00010000D   1139
     126       0               5       0                               0D   1140
     126    1461                                                00010000D   1141
     126       0               4       0                               0D   1142
     126    1465                                                00010000D   1143
     126       0               4       0                               0D   1144
     126    1469                                                00010000D   1145
     126       0               4       0                               0D   1146
     126    1473                                                00010000D   1147
     126       0               6       0                               0D   1148
     126    1479                                                00010000D   1149
     126       0               3       0                               0D   1150
     126    1482                                                00010000D   1151
     126       0               4       0                               0D   1152
     126    1486                                                00010000D   1153
     126       0               4       0                               0D   1154
     126    1490                                                00010000D   1155
     126       0               3       0                               0D   1156
     126    1493                                                00010000D   1157
     126       0               4       0                               0D   1158
     126    1497                                                00010000D   1159
     126       0               4       0                               0D   1160
     126    1501                                                00010000D   1161
     126       0               3       0                               0D   1162
     126    1504                                                00010000D   1163
     126       0               4       0                               0D   1164
     126    1508                                                00010000D   1165
     126       0               4       0                               0D   1166
     126    1512                                                00010000D   1167
     126       0               3       0                               0D   1168
     126    1515                                                00010000D   1169
     126       0               4       0                               0D   1170
     126    1519                                                00010000D   1171
     126       0               4       0                               0D   1172
     126    1523                                                00010000D   1173
     126       0               3       0                               0D   1174
     126    1526                                                00010000D   1175
     126       0               4       0                               0D   1176
     126    1530                                                00010000D   1177
     126       0               4       0                               0D   1178
     126    1534                                                00010000D   1179
     126       0               3       0                               0D   1180
     126    1537                                                00010000D   1181
     126       0               4       0                               0D   1182
     126    1541                                                00010000D   1183
     126       0               4       0                               0D   1184
     126    1545                                                00010000D   1185
     126       0               3       0                               0D   1186
     126    1548                                                00010000D   1187
     126       0               4       0                               0D   1188
     126    1552                                                00010000D   1189
     126       0               4       0                               0D   1190
     126    1556                                                00010000D   1191
     126       0               3       0                               0D   1192
     126    1559                                                00010000D   1193
     126       0               4       0                               0D   1194
     126    1563                                                00010000D   1195
     126       0               4       0                               0D   1196
     126    1567                                                00010000D   1197
     126       0               3       0                               0D   1198
     126    1570                                                00010000D   1199
     126       0               4       0                               0D   1200
     126    1574                                                00010000D   1201
     126       0               4       0                               0D   1202
     126    1578                                                00010000D   1203
     126       0               3       0                               0D   1204
     126    1581                                                00010000D   1205
     126       0               4       0                               0D   1206
     126    1585                                                00010000D   1207
     126       0               4       0                               0D   1208
     126    1589                                                00010000D   1209
     126       0               3       0                               0D   1210
     126    1592                                                00010000D   1211
     126       0               4       0                               0D   1212
     126    1596                                                00010000D   1213
     126       0               4       0                               0D   1214
     126    1600                                                00010000D   1215
     126       0               3       0                               0D   1216
     126    1603                                                00010000D   1217
     126       0               4       0                               0D   1218
     126    1607                                                00010000D   1219
     126       0               4       0                               0D   1220
     126    1611                                                00010000D   1221
     126       0               3       0                               0D   1222
     126    1614                                                00010000D   1223
     126       0               4       0                               0D   1224
     126    1618                                                00010000D   1225
     126       0               4       0                               0D   1226
     126    1622                                                00010000D   1227
     126       0               3       0                               0D   1228
     126    1625                                                00010000D   1229
     126       0               4       0                               0D   1230
     126    1629                                                00010000D   1231
     126       0               4       0                               0D   1232
     126    1633                                                00010000D   1233
     126       0               3       0                               0D   1234
     126    1636                                                00010000D   1235
     126       0               4       0                               0D   1236
     126    1640                                                00010000D   1237
     126       0               4       0                               0D   1238
     126    1644                                                00010000D   1239
     126       0               3       0                               0D   1240
     126    1647                                                00010000D   1241
     126       0               4       0                               0D   1242
     126    1651                                                00010000D   1243
     126       0               4       0                               0D   1244
     126    1655                                                00010000D   1245
     126       0               4       0                               0D   1246
     126    1659                                                00010000D   1247
     126       0               4       0                               0D   1248
     126    1663                                                00010000D   1249
     126       0               4       0                               0D   1250
     126    1667                                                00010000D   1251
     126       0               4       0                               0D   1252
     126    1671                                                00010000D   1253
     126       0               4       0                               0D   1254
     126    1675                                                00010000D   1255
     126       0               4       0                               0D   1256
     126    1679                                                00010000D   1257
     126       0               4       0                               0D   1258
     126    1683                                                00010000D   1259
     126       0               4       0                               0D   1260
     126    1687                                                00010000D   1261
     126       0               2       0                               0D   1262
     126    1689                                                00010000D   1263
     126       0               2       0                               0D   1264
     126    1691                                                00010000D   1265
     126       0               3       0                               0D   1266
     126    1694                                                00010000D   1267
     126       0               4       0                               0D   1268
     126    1698                                                00010000D   1269
     126       0               3       0                               0D   1270
     126    1701                                                00010000D   1271
     126       0               4       0                               0D   1272
     126    1705                                                00010000D   1273
     126       0               3       0                               0D   1274
     126    1708                                                00010000D   1275
     126       0               4       0                               0D   1276
     126    1712                                                00010000D   1277
     126       0               3       0                               0D   1278
     126    1715                                                00010000D   1279
     126       0               4       0                               0D   1280
     126    1719                                                00010000D   1281
     126       0               3       0                               0D   1282
     126    1722                                                00010000D   1283
     126       0               4       0                               0D   1284
     126    1726                                                00010000D   1285
     126       0               3       0                               0D   1286
     126    1729                                                00010000D   1287
     126       0               4       0                               0D   1288
     126    1733                                                00010000D   1289
     126       0               3       0                               0D   1290
     126    1736                                                00010000D   1291
     126       0               4       0                               0D   1292
     126    1740                                                00010000D   1293
     126       0               3       0                               0D   1294
     126    1743                                                00010000D   1295
     126       0               4       0                               0D   1296
     126    1747                                                00010000D   1297
     126       0               4       0                               0D   1298
     126    1751                                                00010000D   1299
     126       0               2       0                               0D   1300
     126    1753                                                00010000D   1301
     126       0               4       0                               0D   1302
     126    1757                                                00010000D   1303
     126       0               3       0                               0D   1304
     126    1760                                                00010000D   1305
     126       0               2       0                               0D   1306
     126    1762                                                00010000D   1307
     126       0               3       0                               0D   1308
     126    1765                                                00010000D   1309
     126       0              12       0                               0D   1310
     126    1777                                                00010000D   1311
     126       0               5       0                               0D   1312
     126    1782                                                00010000D   1313
     126       0              12       0                               0D   1314
     126    1794                                                00010000D   1315
     126       0              12       0                               0D   1316
     126    1806                                                00010000D   1317
     126       0              12       0                               0D   1318
     126    1818                                                00010000D   1319
     126       0              12       0                               0D   1320
     126    1830                                                00010000D   1321
     126       0              12       0                               0D   1322
     126    1842                                                00010000D   1323
     126       0              12       0                               0D   1324
     126    1854                                                00010000D   1325
     126       0              12       0                               0D   1326
     126    1866                                                00010000D   1327
     126       0              12       0                               0D   1328
     126    1878                                                00010000D   1329
     126       0               2       0                               0D   1330
     126    1880                                                00010000D   1331
     126       0               2       0                               0D   1332
     126    1882                                                00010000D   1333
     126       0              12       0                               0D   1334
     126    1894                                                00010000D   1335
     126       0               4       0                               0D   1336
     126    1898                                                00010000D   1337
     126       0               4       0                               0D   1338
     126    1902                                                00010000D   1339
     126       0               4       0                               0D   1340
     126    1906                                                00010000D   1341
     126       0               4       0                               0D   1342
     126    1910                                                00010000D   1343
     126       0               4       0                               0D   1344
     126    1914                                                00010000D   1345
     126       0               4       0                               0D   1346
     126    1918                                                00010000D   1347
     126       0               4       0                               0D   1348
     126    1922                                                00010000D   1349
     126       0               4       0                               0D   1350
     126    1926                                                00010000D   1351
     126       0               4       0                               0D   1352
     126    1930                                                00010000D   1353
     126       0               3       0                               0D   1354
     126    1933                                                00010000D   1355
     126       0               3       0                               0D   1356
     126    1936                                                00010000D   1357
     126       0               3       0                               0D   1358
     126    1939                                                00010000D   1359
     126       0               3       0                               0D   1360
     126    1942                                                00010000D   1361
     126       0               3       0                               0D   1362
     126    1945                                                00010000D   1363
     126       0               3       0                               0D   1364
     126    1948                                                00010000D   1365
     126       0               3       0                               0D   1366
     126    1951                                                00010000D   1367
     126       0               3       0                               0D   1368
     126    1954                                                00010000D   1369
     126       0               3       0                               0D   1370
     126    1957                                                00010000D   1371
     126       0               3       0                               0D   1372
     126    1960                                                00010000D   1373
     126       0               3       0                               0D   1374
     126    1963                                                00010000D   1375
     126       0               3       0                               0D   1376
     126    1966                                                00010000D   1377
     126       0               3       0                               0D   1378
     126    1969                                                00010000D   1379
     126       0               3       0                               0D   1380
     126    1972                                                00010000D   1381
     126       0               3       0                               0D   1382
     126    1975                                                00010000D   1383
     126       0               3       0                               0D   1384
     126    1978                                                00010000D   1385
     126       0               3       0                               0D   1386
     126    1981                                                00010000D   1387
     126       0               3       0                               0D   1388
     126    1984                                                00010000D   1389
     126       0               3       0                               0D   1390
     126    1987                                                00010000D   1391
     126       0               3       0                               0D   1392
     126    1990                                                00010000D   1393
     126       0               3       0                               0D   1394
     126    1993                                                00010000D   1395
     126       0               3       0                               0D   1396
     126    1996                                                00010000D   1397
     126       0               4       0                               0D   1398
     126    2000                                                00010000D   1399
     126       0               4       0                               0D   1400
     126    2004                                                00010000D   1401
     126       0               4       0                               0D   1402
     126    2008                                                00010000D   1403
     126       0               4       0                               0D   1404
     126    2012                                                00010000D   1405
     126       0               4       0                               0D   1406
     126    2016                                                00010000D   1407
     126       0               4       0                               0D   1408
     126    2020                                                00010000D   1409
     126       0               4       0                               0D   1410
     126    2024                                                00010000D   1411
     126       0               4       0                               0D   1412
     126    2028                                                00010000D   1413
     126       0               4       0                               0D   1414
     126    2032                                                00010000D   1415
     126       0               4       0                               0D   1416
     126    2036                                                00010000D   1417
     126       0               4       0                               0D   1418
     126    2040                                                00010000D   1419
     126       0               4       0                               0D   1420
     126    2044                                                00010000D   1421
     126       0               4       0                               0D   1422
     126    2048                                                00010000D   1423
     126       0               4       0                               0D   1424
     126    2052                                                00010000D   1425
     126       0               4       0                               0D   1426
     126    2056                                                00010000D   1427
     126       0               4       0                               0D   1428
     126    2060                                                00010000D   1429
     126       0               4       0                               0D   1430
     126    2064                                                00010000D   1431
     126       0               4       0                               0D   1432
     126    2068                                                00010000D   1433
     126       0               4       0                               0D   1434
     126    2072                                                00010000D   1435
     126       0               4       0                               0D   1436
     126    2076                                                00010000D   1437
     126       0               4       0                               0D   1438
     126    2080                                                00010000D   1439
     126       0               4       0                               0D   1440
     126    2084                                                00010000D   1441
     126       0               4       0                               0D   1442
     126    2088                                                00010000D   1443
     126       0               4       0                               0D   1444
     126    2092                                                00010000D   1445
     126       0               4       0                               0D   1446
     126    2096                                                00010000D   1447
     126       0               4       0                               0D   1448
     126    2100                                                00010000D   1449
     126       0               4       0                               0D   1450
     126    2104                                                00010000D   1451
     126       0               4       0                               0D   1452
     126    2108                                                00010000D   1453
     126       0               4       0                               0D   1454
     126    2112                                                00010000D   1455
     126       0               4       0                               0D   1456
     126    2116                                                00010000D   1457
     126       0               4       0                               0D   1458
     126    2120                                                00010000D   1459
     126       0               4       0                               0D   1460
     126    2124                                                00010000D   1461
     126       0               4       0                               0D   1462
     126    2128                                                00010000D   1463
     126       0               4       0                               0D   1464
     126    2132                                                00010000D   1465
     126       0               4       0                               0D   1466
     126    2136                                                00010000D   1467
     126       0               4       0                               0D   1468
     126    2140                                                00010000D   1469
     126       0               4       0                               0D   1470
     126    2144                                                00010000D   1471
     126       0               4       0                               0D   1472
     126    2148                                                00010000D   1473
     126       0               4       0                               0D   1474
     126    2152                                                00010000D   1475
     126       0               4       0                               0D   1476
     126    2156                                                00010000D   1477
     126       0               4       0                               0D   1478
     126    2160                                                00010000D   1479
     126       0               4       0                               0D   1480
     126    2164                                                00010000D   1481
     126       0               4       0                               0D   1482
     126    2168                                                00010000D   1483
     126       0               4       0                               0D   1484
     126    2172                                                00010000D   1485
     126       0               4       0                               0D   1486
     126    2176                                                00010000D   1487
     126       0               4       0                               0D   1488
     126    2180                                                00010000D   1489
     126       0               4       0                               0D   1490
     126    2184                                                00010000D   1491
     126       0               4       0                               0D   1492
     126    2188                                                00010000D   1493
     126       0               4       0                               0D   1494
     126    2192                                                00010000D   1495
     126       0               4       0                               0D   1496
     126    2196                                                00010000D   1497
     126       0               4       0                               0D   1498
     126    2200                                                00010000D   1499
     126       0               4       0                               0D   1500
     126    2204                                                00010000D   1501
     126       0               4       0                               0D   1502
     126    2208                                                00010000D   1503
     126       0               4       0                               0D   1504
     126    2212                                                00010000D   1505
     126       0               4       0                               0D   1506
     126    2216                                                00010000D   1507
     126       0               4       0                               0D   1508
     126    2220                                                00010000D   1509
     126       0               4       0                               0D   1510
     126    2224                                                00010000D   1511
     126       0               4       0                               0D   1512
     126    2228                                                00010000D   1513
     126       0               4       0                               0D   1514
     126    2232                                                00010000D   1515
     126       0               4       0                               0D   1516
     126    2236                                                00010000D   1517
     126       0               4       0                               0D   1518
     126    2240                                                00010000D   1519
     126       0               4       0                               0D   1520
     126    2244                                                00010000D   1521
     126       0               4       0                               0D   1522
     126    2248                                                00010000D   1523
     126       0               4       0                               0D   1524
     128    2252                                                00010000D   1525
     128       0   -1815      20       0                               0D   1526
     128    2272                                                00010000D   1527
     128       0   -1815       6       0                               0D   1528
     128    2278                                                00010000D   1529
     128       0   -1815       8       0                               0D   1530
     128    2286                                                00010000D   1531
     128       0   -1815       6       0                               0D   1532
     128    2292                                                00010000D   1533
     128       0   -1815       6       0                               0D   1534
     128    2298                                                00010000D   1535
     128       0   -1815       8       0                               0D   1536
     128    2306                                                00010000D   1537
     128       0   -1815       7       0                               0D   1538
     128    2313                                                00010000D   1539
     128       0   -1815      20       0                               0D   1540
     128    2333                                                00010000D   1541
     128       0   -1815       6       0                               0D   1542
     128    2339                                                00010000D   1543
     128       0   -1815       8       0                               0D   1544
     128    2347                                                00010000D   1545
     128       0   -1815       5       0                               0D   1546
     128    2352                                                00010000D   1547
     128       0   -1815       5       0                               0D   1548
     128    2357                                                00010000D   1549
     128       0   -1815       8       0                               0D   1550
     128    2365                                                00010000D   1551
     128       0   -1815       7       0                               0D   1552
     128    2372                                                00010000D   1553
     128       0   -1815      20       0                               0D   1554
     128    2392                                                00010000D   1555
     128       0   -1815       8       0                               0D   1556
     128    2400                                                00010000D   1557
     128       0   -1815       6       0                               0D   1558
     128    2406                                                00010000D   1559
     128       0   -1815       8       0                               0D   1560
     128    2414                                                00010000D   1561
     128       0   -1815       6       0                               0D   1562
     128    2420                                                00010000D   1563
     128       0   -1815       5       0                               0D   1564
     128    2425                                                00010000D   1565
     128       0   -1815       7       0                               0D   1566
     128    2432                                                00010000D   1567
     128       0   -1815      20       0                               0D   1568
     128    2452                                                00010000D   1569
     128       0   -1815       8       0                               0D   1570
     128    2460                                                00010000D   1571
     128       0   -1815       6       0                               0D   1572
     128    2466                                                00010000D   1573
     128       0   -1815       8       0                               0D   1574
     128    2474                                                00010000D   1575
     128       0   -1815       5       0                               0D   1576
     128    2479                                                00010000D   1577
     128       0   -1815       6       0                               0D   1578
     128    2485                                                00010000D   1579
     128       0   -1815       7       0                               0D   1580
     128    2492                                                00010000D   1581
     128       0   -1815       7       0                               0D   1582
     128    2499                                                00010000D   1583
     128       0   -1815       4       0                               0D   1584
     128    2503                                                00010000D   1585
     128       0   -1815       8       0                               0D   1586
     128    2511                                                00010000D   1587
     128       0   -1815       4       0                               0D   1588
     128    2515                                                00010000D   1589
     128       0   -1815       7       0                               0D   1590
     128    2522                                                00010000D   1591
     128       0   -1815       4       0                               0D   1592
     128    2526                                                00010000D   1593
     128       0   -1815       4       0                               0D   1594
     128    2530                                                00010000D   1595
     128       0   -1815       7       0                               0D   1596
     128    2537                                                00010000D   1597
     128       0   -1815       4       0                               0D   1598
     128    2541                                                00010000D   1599
     128       0   -1815       3       0                               0D   1600
     128    2544                                                00010000D   1601
     128       0   -1815       4       0                               0D   1602
     128    2548                                                00010000D   1603
     128       0   -1815       4       0                               0D   1604
     128    2552                                                00010000D   1605
     128       0   -1815       6       0                               0D   1606
     128    2558                                                00010000D   1607
     128       0   -1815       4       0                               0D   1608
     128    2562                                                00010000D   1609
     128       0   -1815       6       0                               0D   1610
     128    2568                                                00010000D   1611
     128       0   -1815       6       0                               0D   1612
     128    2574                                                00010000D   1613
     128       0   -1815       4       0                               0D   1614
     128    2578                                                00010000D   1615
     128       0   -1815      21       0                               0D   1616
     128    2599                                                00010000D   1617
     128       0   -1815      22       0                               0D   1618
     128    2621                                                00010000D   1619
     128       0   -1815      22       0                               0D   1620
     128    2643                                                00010000D   1621
     128       0   -1815      22       0                               0D   1622
     128    2665                                                00010000D   1623
     128       0   -1815      22       0                               0D   1624
     128    2687                                                00010000D   1625
     128       0   -1815      22       0                               0D   1626
     128    2709                                                00010000D   1627
     128       0   -1815      22       0                               0D   1628
     128    2731                                                00010000D   1629
     128       0   -1815      22       0                               0D   1630
     128    2753                                                00010000D   1631
     128       0   -1815      22       0                               0D   1632
     128    2775                                                00010000D   1633
     128       0   -1815       7       0                               0D   1634
     128    2782                                                00010000D   1635
     128       0   -1815      10       0                               0D   1636
     128    2792                                                00010000D   1637
     128       0   -1815       7       0                               0D   1638
     128    2799                                                00010000D   1639
     128       0   -1815       9       0                               0D   1640
     128    2808                                                00010000D   1641
     128       0   -1815       7       0                               0D   1642
     128    2815                                                00010000D   1643
     128       0   -1815       9       0                               0D   1644
     128    2824                                                00010000D   1645
     128       0   -1815       7       0                               0D   1646
     128    2831                                                00010000D   1647
     128       0   -1815       9       0                               0D   1648
     128    2840                                                00010000D   1649
     128       0   -1815       6       0                               0D   1650
     128    2846                                                00010000D   1651
     128       0   -1815       6       0                               0D   1652
     128    2852                                                00010000D   1653
     128       0   -1815       5       0                               0D   1654
     128    2857                                                00010000D   1655
     128       0   -1815       5       0                               0D   1656
     128    2862                                                00010000D   1657
     128       0   -1815       7       0                               0D   1658
     128    2869                                                00010000D   1659
     128       0   -1815       5       0                               0D   1660
     128    2874                                                00010000D   1661
     128       0   -1815       7       0                               0D   1662
     128    2881                                                00010000D   1663
     128       0   -1815       5       0                               0D   1664
     128    2886                                                00010000D   1665
     128       0   -1815       5       0                               0D   1666
     128    2891                                                00010000D   1667
     128       0   -1815       5       0                               0D   1668
     128    2896                                                00010000D   1669
     128       0   -1815       5       0                               0D   1670
     128    2901                                                00010000D   1671
     128       0   -1815       5       0                               0D   1672
     128    2906                                                00010000D   1673
     128       0   -1815       5       0                               0D   1674
     128    2911                                                00010000D   1675
     128       0   -1815       5       0                               0D   1676
     128    2916                                                00010000D   1677
     128       0   -1815       5       0                               0D   1678
     128    2921                                                00010000D   1679
     128       0   -1815       5       0                               0D   1680
     128    2926                                                00010000D   1681
     128       0   -1815       6       0                               0D   1682
     128    2932                                                00010000D   1683
     128       0   -1815       7       0                               0D   1684
     128    2939                                                00010000D   1685
     128       0   -1815       6       0                               0D   1686
     128    2945                                                00010000D   1687
     128       0   -1815       6       0                               0D   1688
     128    2951                                                00010000D   1689
     128       0   -1815       7       0                               0D   1690
     128    2958                                                00010000D   1691
     128       0   -1815       6       0                               0D   1692
     128    2964                                                00010000D   1693
     128       0   -1815       6       0                               0D   1694
     128    2970                                                00010000D   1695
     128       0   -1815       7       0                               0D   1696
     128    2977                                                00010000D   1697
     128       0   -1815       7       0                               0D   1698
     128    2984                                                00010000D   1699
     128       0   -1815       7       0                               0D   1700
     128    2991                                                00010000D   1701
     128       0   -1815       7       0                               0D   1702
     128    2998                                                00010000D   1703
     128       0   -1815       6       0                               0D   1704
     128    3004                                                00010000D   1705
     128       0   -1815       6       0                               0D   1706
     128    3010                                                00010000D   1707
     128       0   -1815       6       0                               0D   1708
     128    3016                                                00010000D   1709
     128       0   -1815       7       0                               0D   1710
     128    3023                                                00010000D   1711
     128       0   -1815       7       0                               0D   1712
     128    3030                                                00010000D   1713
     128       0   -1815       6       0                               0D   1714
     128    3036                                                00010000D   1715
     128       0   -1815       6       0                               0D   1716
     128    3042                                                00010000D   1717
     128       0   -1815       6       0                               0D   1718
     128    3048                                                00010000D   1719
     128       0   -1815       7       0                               0D   1720
     128    3055                                                00010000D   1721
     128       0   -1815       6       0                               0D   1722
     128    3061                                                00010000D   1723
     128       0   -1815       7       0                               0D   1724
     128    3068                                                00010000D   1725
     128       0   -1815       7       0                               0D   1726
     128    3075                                                00010000D   1727
     128       0   -1815       6       0                               0D   1728
     128    3081                                                00010000D   1729
     128       0   -1815       7       0                               0D   1730
     128    3088                                                00010000D   1731
     128       0   -1815       8       0                               0D   1732
     128    3096                                                00010000D   1733
     128       0   -1815       7       0                               0D   1734
     128    3103                                                00010000D   1735
     128       0   -1815       6       0                               0D   1736
     128    3109                                                00010000D   1737
     128       0   -1815       8       0                               0D   1738
     128    3117                                                00010000D   1739
     128       0   -1815       6       0                               0D   1740
     128    3123                                                00010000D   1741
     128       0   -1815       6       0                               0D   1742
     128    3129                                                00010000D   1743
     128       0   -1815       8       0                               0D   1744
     128    3137                                                00010000D   1745
     128       0   -1815       6       0                               0D   1746
     128    3143                                                00010000D   1747
     128       0   -1815       7       0                               0D   1748
     128    3150                                                00010000D   1749
     128       0   -1815       8       0                               0D   1750
     128    3158                                                00010000D   1751
     128       0   -1815       6       0                               0D   1752
     128    3164                                                00010000D   1753
     128       0   -1815       6       0                               0D   1754
     128    3170                                                00010000D   1755
     128       0   -1815       8       0                               0D   1756
     128    3178                                                00010000D   1757
     128       0   -1815       7       0                               0D   1758
     128    3185                                                00010000D   1759
     128       0   -1815       8       0                               0D   1760
     128    3193                                                00010000D   1761
     128       0   -1815       8       0                               0D   1762
     128    3201                                                00010000D   1763
     128       0   -1815       6       0                               0D   1764
     128    3207                                                00010000D   1765
     128       0   -1815       7       0                               0D   1766
     128    3214                                                00010000D   1767
     128       0   -1815       8       0                               0D   1768
     128    3222                                                00010000D   1769
     128       0   -1815       7       0                               0D   1770
     128    3229                                                00010000D   1771
     128       0   -1815       7       0                               0D   1772
     128    3236                                                00010000D   1773
     128       0   -1815       7       0                               0D   1774
     128    3243                                                00010000D   1775
     128       0   -1815       7       0                               0D   1776
     128    3250                                                00010000D   1777
     128       0   -1815       6       0                               0D   1778
     128    3256                                                00010000D   1779
     128       0   -1815       6       0                               0D   1780
     128    3262                                                00010000D   1781
     128       0   -1815       6       0                               0D   1782
     128    3268                                                00010000D   1783
     128       0   -1815       6       0                               0D   1784
     128    3274                                                00010000D   1785
     128       0   -1815       6       0                               0D   1786
     128    3280                                                00010000D   1787
     128       0   -1815       6       0                               0D   1788
     128    3286                                                00010000D   1789
     128       0   -1815       6       0                               0D   1790
     128    3292                                                00010000D   1791
     128       0   -1815       6       0                               0D   1792
     128    3298                                                00010000D   1793
     128       0   -1815       6       0                               0D   1794
     128    3304                                                00010000D   1795
     128       0   -1815       6       0                               0D   1796
     128    3310                                                00010000D   1797
     128       0   -1815       6       0                               0D   1798
     128    3316                                                00010000D   1799
     128       0   -1815       6       0                               0D   1800
     128    3322                                                00010000D   1801
     128       0   -1815       6       0                               0D   1802
     128    3328                                                00010000D   1803
     128       0   -1815       6       0                               0D   1804
     128    3334                                                00010000D   1805
     128       0   -1815       6       0                               0D   1806
     128    3340                                                00010000D   1807
     128       0   -1815       6       0                               0D   1808
     502    3346                                                00010000D   1809
     502                     151       1                               0D   1810
     504    3497                                                00010001D   1811
     504                     149       1                               0D   1812
     406    3646                                                00000000D   1813
     406                       1      15                               0D   1814
     314    3647                                                00000200D   1815
     314                       2       0                               0D   1816
186,3,1,0,0,1,1813;                                                    1P      1
514,142,5,1,7,1,9,1,11,1,13,1,15,1,17,1,19,1,21,1,23,1,25,1,27,        3P      2
1,29,1,31,1,33,1,35,1,37,1,39,1,41,1,43,1,45,1,47,1,49,1,51,1,         3P      3
53,1,55,1,57,1,59,1,61,1,63,1,65,1,67,1,69,1,71,1,73,1,75,1,77,        3P      4
1,79,1,81,1,83,1,85,1,87,1,89,1,91,1,93,1,95,1,97,1,99,1,101,1,        3P      5
103,1,105,1,107,1,109,1,111,1,113,1,115,1,117,1,119,1,121,1,123,       3P      6
1,125,1,127,1,129,1,131,1,133,1,135,1,137,1,139,1,141,1,143,1,         3P      7
145,1,147,1,149,1,151,1,153,1,155,1,157,1,159,1,161,1,163,1,165,       3P      8
1,167,1,169,1,171,1,173,1,175,1,177,1,179,1,181,1,183,1,185,1,         3P      9
187,1,189,1,191,1,193,1,195,1,197,1,199,1,201,1,203,1,205,1,207,       3P     10
1,209,1,211,1,213,1,215,1,217,1,219,1,221,1,223,1,225,1,227,1,         3P     11
229,1,231,1,233,1,235,1,237,1,239,1,241,1,243,1,245,1,247,1,249,       3P     12
1,251,1,253,1,255,1,257,1,259,1,261,1,263,1,265,1,267,1,269,1,         3P     13
271,1,273,1,275,1,277,1,279,1,281,1,283,1,285,1,287,1;                 3P     14
510,1525,1,1,289;                                                      5P     15
510,1527,1,1,291;                                                      7P     16
510,1529,1,1,293;                                                      9P     17
510,1531,1,1,295;                                                     11P     18
510,1533,1,1,297;                                                     13P     19
510,1535,1,1,299;                                                     15P     20
510,1537,2,1,301,303;                                                 17P     21
510,1539,1,1,305;                                                     19P     22
510,1541,1,1,307;                                                     21P     23
510,1543,1,1,309;                                                     23P     24
510,1545,1,1,311;                                                     25P     25
510,1547,1,1,313;                                                     27P     26
510,1549,1,1,315;                                                     29P     27
510,1551,2,1,317,319;                                                 31P     28
510,1553,1,1,321;                                                     33P     29
510,1555,1,1,323;                                                     35P     30
510,1557,1,1,325;                                                     37P     31
510,1559,1,1,327;                                                     39P     32
510,1561,1,1,329;                                                     41P     33
510,1563,1,1,331;                                                     43P     34
510,1565,2,1,333,335;                                                 45P     35
510,1567,1,1,337;                                                     47P     36
510,1569,1,1,339;                                                     49P     37
510,1571,1,1,341;                                                     51P     38
510,1573,1,1,343;                                                     53P     39
510,1575,1,1,345;                                                     55P     40
510,1577,1,1,347;                                                     57P     41
510,1579,2,1,349,351;                                                 59P     42
510,1581,1,1,353;                                                     61P     43
510,1583,5,1,355,357,359,361,363;                                     63P     44
510,1585,1,1,365;                                                     65P     45
510,1587,2,1,367,369;                                                 67P     46
510,1589,1,1,371;                                                     69P     47
510,1591,2,1,373,375;                                                 71P     48
510,1593,2,1,377,379;                                                 73P     49
510,1595,1,1,381;                                                     75P     50
510,1597,12,1,383,385,387,389,391,393,395,397,399,401,403,405;        77P     51
510,1599,9,1,407,409,411,413,415,417,419,421,423;                     79P     52
510,1601,12,1,425,427,429,431,433,435,437,439,441,443,445,447;        81P     53
510,1603,5,1,449,451,453,455,457;                                     83P     54
510,1605,1,1,459;                                                     85P     55
510,1607,2,1,461,463;                                                 87P     56
510,1609,13,1,465,467,469,471,473,475,477,479,481,483,485,487,        89P     57
489;                                                                  89P     58
510,1611,1,1,491;                                                     91P     59
510,1613,2,1,493,495;                                                 93P     60
510,1615,1,1,497;                                                     95P     61
510,1617,1,1,499;                                                     97P     62
510,1619,1,1,501;                                                     99P     63
510,1621,1,1,503;                                                    101P     64
510,1623,1,1,505;                                                    103P     65
510,1625,1,1,507;                                                    105P     66
510,1627,1,1,509;                                                    107P     67
510,1629,1,1,511;                                                    109P     68
510,1631,1,1,513;                                                    111P     69
510,1633,1,1,515;                                                    113P     70
510,1635,1,1,517;                                                    115P     71
510,1637,1,1,519;                                                    117P     72
510,1639,1,1,521;                                                    119P     73
510,1641,1,1,523;                                                    121P     74
510,1643,1,1,525;                                                    123P     75
510,1645,1,1,527;                                                    125P     76
510,1647,1,1,529;                                                    127P     77
510,1649,1,1,531;                                                    129P     78
510,1651,1,1,533;                                                    131P     79
510,1653,1,1,535;                                                    133P     80
510,1655,1,1,537;                                                    135P     81
510,1657,1,1,539;                                                    137P     82
510,1659,1,1,541;                                                    139P     83
510,1661,1,1,543;                                                    141P     84
510,1663,1,1,545;                                                    143P     85
510,1665,1,1,547;                                                    145P     86
510,1667,1,1,549;                                                    147P     87
510,1669,1,1,551;                                                    149P     88
510,1671,1,1,553;                                                    151P     89
510,1673,1,1,555;                                                    153P     90
510,1675,1,1,557;                                                    155P     91
510,1677,1,1,559;                                                    157P     92
510,1679,1,1,561;                                                    159P     93
510,1681,1,1,563;                                                    161P     94
510,1683,1,1,565;                                                    163P     95
510,1685,1,1,567;                                                    165P     96
510,1687,1,1,569;                                                    167P     97
510,1689,1,1,571;                                                    169P     98
510,1691,1,1,573;                                                    171P     99
510,1693,1,1,575;                                                    173P    100
510,1695,1,1,577;                                                    175P    101
510,1697,1,1,579;                                                    177P    102
510,1699,1,1,581;                                                    179P    103
510,1701,1,1,583;                                                    181P    104
510,1703,1,1,585;                                                    183P    105
510,1705,1,1,587;                                                    185P    106
510,1707,1,1,589;                                                    187P    107
510,1709,1,1,591;                                                    189P    108
510,1711,1,1,593;                                                    191P    109
510,1713,1,1,595;                                                    193P    110
510,1715,1,1,597;                                                    195P    111
510,1717,1,1,599;                                                    197P    112
510,1719,1,1,601;                                                    199P    113
510,1721,1,1,603;                                                    201P    114
510,1723,1,1,605;                                                    203P    115
510,1725,1,1,607;                                                    205P    116
510,1727,1,1,609;                                                    207P    117
510,1729,1,1,611;                                                    209P    118
510,1731,1,1,613;                                                    211P    119
510,1733,1,1,615;                                                    213P    120
510,1735,1,1,617;                                                    215P    121
510,1737,1,1,619;                                                    217P    122
510,1739,1,1,621;                                                    219P    123
510,1741,1,1,623;                                                    221P    124
510,1743,1,1,625;                                                    223P    125
510,1745,1,1,627;                                                    225P    126
510,1747,1,1,629;                                                    227P    127
510,1749,1,1,631;                                                    229P    128
510,1751,1,1,633;                                                    231P    129
510,1753,1,1,635;                                                    233P    130
510,1755,1,1,637;                                                    235P    131
510,1757,1,1,639;                                                    237P    132
510,1759,1,1,641;                                                    239P    133
510,1761,1,1,643;                                                    241P    134
510,1763,1,1,645;                                                    243P    135
510,1765,1,1,647;                                                    245P    136
510,1767,1,1,649;                                                    247P    137
510,1769,1,1,651;                                                    249P    138
510,1771,1,1,653;                                                    251P    139
510,1773,1,1,655;                                                    253P    140
510,1775,1,1,657;                                                    255P    141
510,1777,1,1,659;                                                    257P    142
510,1779,1,1,661;                                                    259P    143
510,1781,1,1,663;                                                    261P    144
510,1783,1,1,665;                                                    263P    145
510,1785,1,1,667;                                                    265P    146
510,1787,1,1,669;                                                    267P    147
510,1789,1,1,671;                                                    269P    148
510,1791,1,1,673;                                                    271P    149
510,1793,1,1,675;                                                    273P    150
510,1795,1,1,677;                                                    275P    151
510,1797,1,1,679;                                                    277P    152
510,1799,1,1,681;                                                    279P    153
510,1801,1,1,683;                                                    281P    154
510,1803,1,1,685;                                                    283P    155
510,1805,1,1,687;                                                    285P    156
510,1807,1,1,689;                                                    287P    157
508,4,0,1811,1,0,0,0,1811,2,1,0,0,1811,3,0,0,0,1811,2,0,0;           289P    158
508,4,0,1811,4,1,0,0,1811,5,1,0,0,1811,6,0,0,0,1811,7,0,0;           291P    159
508,4,0,1811,8,0,0,0,1811,7,1,0,0,1811,9,0,0,0,1811,10,0,0;          293P    160
508,4,0,1811,11,1,0,0,1811,10,1,0,0,1811,12,0,0,0,1811,13,0,0;       295P    161
508,4,0,1811,14,1,0,0,1811,15,0,0,0,1811,16,0,0,0,1811,17,0,0;       297P    162
508,4,0,1811,18,0,0,0,1811,17,1,0,0,1811,19,0,0,0,1811,5,0,0;        299P    163
508,6,0,1811,19,1,0,0,1811,16,1,0,0,1811,20,0,0,0,1811,12,1,0,0,     301P    164
1811,9,1,0,0,1811,6,1,0;                                             301P    165
508,1,0,1811,1,1,0;                                                  303P    166
508,4,0,1811,21,0,0,0,1811,22,1,0,0,1811,23,0,0,0,1811,22,0,0;       305P    167
508,4,0,1811,24,0,0,0,1811,25,1,0,0,1811,26,0,0,0,1811,27,0,0;       307P    168
508,4,0,1811,28,0,0,0,1811,27,1,0,0,1811,29,0,0,0,1811,30,0,0;       309P    169
508,4,0,1811,31,0,0,0,1811,30,1,0,0,1811,32,0,0,0,1811,33,0,0;       311P    170
508,4,0,1811,34,0,0,0,1811,35,0,0,0,1811,36,0,0,0,1811,37,0,0;       313P    171
508,4,0,1811,38,0,0,0,1811,37,1,0,0,1811,39,0,0,0,1811,25,0,0;       315P    172
508,6,0,1811,39,1,0,0,1811,36,1,0,0,1811,40,0,0,0,1811,32,1,0,0,     317P    173
1811,29,1,0,0,1811,26,1,0;                                           317P    174
508,1,0,1811,21,1,0;                                                 319P    175
508,4,0,1811,41,0,0,0,1811,42,1,0,0,1811,43,0,0,0,1811,42,0,0;       321P    176
508,4,0,1811,44,0,0,0,1811,45,1,0,0,1811,46,0,0,0,1811,47,0,0;       323P    177
508,4,0,1811,48,0,0,0,1811,47,1,0,0,1811,49,0,0,0,1811,50,0,0;       325P    178
508,4,0,1811,51,0,0,0,1811,50,1,0,0,1811,52,0,0,0,1811,53,0,0;       327P    179
508,4,0,1811,54,0,0,0,1811,53,1,0,0,1811,55,0,0,0,1811,56,0,0;       329P    180
508,4,0,1811,57,0,0,0,1811,58,0,0,0,1811,59,0,0,0,1811,45,0,0;       331P    181
508,6,0,1811,59,1,0,0,1811,60,0,0,0,1811,55,1,0,0,1811,52,1,0,0,     333P    182
1811,49,1,0,0,1811,46,1,0;                                           333P    183
508,1,0,1811,41,1,0;                                                 335P    184
508,4,0,1811,61,0,0,0,1811,62,1,0,0,1811,63,0,0,0,1811,62,0,0;       337P    185
508,4,0,1811,64,0,0,0,1811,65,1,0,0,1811,66,0,0,0,1811,67,0,0;       339P    186
508,4,0,1811,68,1,0,0,1811,67,1,0,0,1811,69,0,0,0,1811,70,0,0;       341P    187
508,4,0,1811,71,0,0,0,1811,70,1,0,0,1811,72,0,0,0,1811,73,0,0;       343P    188
508,4,0,1811,74,1,0,0,1811,73,1,0,0,1811,75,0,0,0,1811,76,0,0;       345P    189
508,4,0,1811,77,1,0,0,1811,78,0,0,0,1811,79,0,0,0,1811,65,0,0;       347P    190
508,6,0,1811,79,1,0,0,1811,80,0,0,0,1811,75,1,0,0,1811,72,1,0,0,     349P    191
1811,69,1,0,0,1811,66,1,0;                                           349P    192
508,1,0,1811,61,1,0;                                                 351P    193
508,4,0,1811,81,0,0,0,1811,82,1,0,0,1811,83,1,0,0,1811,84,1,0;       353P    194
508,4,0,1811,84,0,0,0,1811,85,0,0,0,1811,86,0,0,0,1811,87,0,0;       355P    195
508,4,0,1811,88,1,0,0,1811,89,1,0,0,1811,90,1,0,0,1811,91,1,0;       357P    196
508,4,0,1811,92,1,0,0,1811,93,1,0,0,1811,94,1,0,0,1811,95,1,0;       359P    197
508,4,0,1811,96,1,0,0,1811,97,1,0,0,1811,98,1,0,0,1811,99,1,0;       361P    198
508,4,0,1811,100,1,0,0,1811,101,1,0,0,1811,102,1,0,0,1811,103,1,     363P    199
0;                                                                   363P    200
508,4,0,1811,104,0,0,0,1811,105,1,0,0,1811,106,1,0,0,1811,107,1,     365P    201
0;                                                                   365P    202
508,4,0,1811,82,0,0,0,1811,108,0,0,0,1811,107,0,0,0,1811,109,0,      367P    203
0;                                                                   367P    204
508,8,0,1811,110,1,0,0,1811,111,1,0,0,1811,112,1,0,0,1811,113,1,     369P    205
0,0,1811,114,1,0,0,1811,115,1,0,0,1811,116,1,0,0,1811,117,1,0;       369P    206
508,4,0,1811,118,1,0,0,1811,119,1,0,0,1811,120,1,0,0,1811,121,1,     371P    207
0;                                                                   371P    208
508,12,0,1811,15,1,0,0,1811,122,1,0,0,1811,119,0,0,0,1811,123,0,     373P    209
0,0,1811,124,0,0,0,1811,125,1,0,0,1811,56,1,0,0,1811,60,1,0,0,       373P    210
1811,58,1,0,0,1811,126,1,0,0,1811,13,1,0,0,1811,20,1,0;              373P    211
508,8,0,1811,127,1,0,0,1811,128,1,0,0,1811,129,1,0,0,1811,130,1,     375P    212
0,0,1811,131,1,0,0,1811,132,1,0,0,1811,133,1,0,0,1811,134,1,0;       375P    213
508,8,0,1811,118,0,0,0,1811,135,1,0,0,1811,136,0,0,0,1811,137,1,     377P    214
0,0,1811,138,0,0,0,1811,139,1,0,0,1811,140,0,0,0,1811,123,1,0;       377P    215
508,8,0,1811,141,1,0,0,1811,142,0,0,0,1811,143,1,0,0,1811,144,0,     379P    216
0,0,1811,85,1,0,0,1811,83,0,0,0,1811,109,1,0,0,1811,106,0,0;         379P    217
508,4,0,1811,145,1,0,0,1811,124,1,0,0,1811,140,1,0,0,1811,146,1,     381P    218
0;                                                                   381P    219
508,4,0,1811,105,0,0,0,1811,147,0,0,0,1811,148,0,0,0,1811,141,0,     383P    220
0;                                                                   383P    221
508,6,0,1811,149,1,0,0,1811,150,1,0,0,1811,151,1,0,0,1811,152,1,     385P    222
0,0,1811,153,1,0,0,1811,154,1,0;                                     385P    223
508,6,0,1811,155,1,0,0,1811,156,1,0,0,1811,157,1,0,0,1811,158,1,     387P    224
0,0,1811,159,1,0,0,1811,160,1,0;                                     387P    225
508,6,0,1811,161,1,0,0,1811,162,1,0,0,1811,163,1,0,0,1811,164,1,     389P    226
0,0,1811,165,1,0,0,1811,166,1,0;                                     389P    227
508,6,0,1811,167,1,0,0,1811,168,1,0,0,1811,169,1,0,0,1811,170,1,     391P    228
0,0,1811,171,1,0,0,1811,172,1,0;                                     391P    229
508,6,0,1811,173,1,0,0,1811,174,1,0,0,1811,175,1,0,0,1811,176,1,     393P    230
0,0,1811,177,1,0,0,1811,178,1,0;                                     393P    231
508,6,0,1811,179,1,0,0,1811,180,1,0,0,1811,181,1,0,0,1811,182,1,     395P    232
0,0,1811,183,1,0,0,1811,184,1,0;                                     395P    233
508,6,0,1811,185,1,0,0,1811,186,1,0,0,1811,187,1,0,0,1811,188,1,     397P    234
0,0,1811,189,1,0,0,1811,190,1,0;                                     397P    235
508,6,0,1811,191,1,0,0,1811,192,1,0,0,1811,193,1,0,0,1811,194,1,     399P    236
0,0,1811,195,1,0,0,1811,196,1,0;                                     399P    237
508,6,0,1811,197,1,0,0,1811,198,1,0,0,1811,199,1,0,0,1811,200,1,     401P    238
0,0,1811,201,1,0,0,1811,202,1,0;                                     401P    239
508,4,0,1811,203,1,0,0,1811,204,1,0,0,1811,205,1,0,0,1811,206,1,     403P    240
0;                                                                   403P    241
508,4,0,1811,207,1,0,0,1811,208,1,0,0,1811,209,1,0,0,1811,210,1,     405P    242
0;                                                                   405P    243
508,8,0,1811,81,1,0,0,1811,87,1,0,0,1811,211,1,0,0,1811,212,1,0,     407P    244
0,1811,213,1,0,0,1811,147,1,0,0,1811,104,1,0,0,1811,108,1,0;         407P    245
508,1,0,1811,214,1,0;                                                409P    246
508,1,0,1811,215,1,0;                                                411P    247
508,1,0,1811,216,1,0;                                                413P    248
508,1,0,1811,217,1,0;                                                415P    249
508,1,0,1811,218,1,0;                                                417P    250
508,1,0,1811,219,1,0;                                                419P    251
508,1,0,1811,220,1,0;                                                421P    252
508,1,0,1811,221,1,0;                                                423P    253
508,4,0,1811,146,0,0,0,1811,139,0,0,0,1811,222,0,0,0,1811,223,1,     425P    254
0;                                                                   425P    255
508,6,0,1811,224,1,0,0,1811,225,1,0,0,1811,226,1,0,0,1811,227,1,     427P    256
0,0,1811,228,1,0,0,1811,229,1,0;                                     427P    257
508,6,0,1811,230,1,0,0,1811,231,1,0,0,1811,232,1,0,0,1811,233,1,     429P    258
0,0,1811,234,1,0,0,1811,235,1,0;                                     429P    259
508,6,0,1811,236,1,0,0,1811,237,1,0,0,1811,238,1,0,0,1811,239,1,     431P    260
0,0,1811,240,1,0,0,1811,241,1,0;                                     431P    261
508,6,0,1811,242,1,0,0,1811,243,1,0,0,1811,244,1,0,0,1811,245,1,     433P    262
0,0,1811,246,1,0,0,1811,247,1,0;                                     433P    263
508,6,0,1811,248,1,0,0,1811,249,1,0,0,1811,250,1,0,0,1811,251,1,     435P    264
0,0,1811,252,1,0,0,1811,253,1,0;                                     435P    265
508,6,0,1811,254,1,0,0,1811,255,1,0,0,1811,256,1,0,0,1811,257,1,     437P    266
0,0,1811,258,1,0,0,1811,259,1,0;                                     437P    267
508,6,0,1811,260,1,0,0,1811,261,1,0,0,1811,262,1,0,0,1811,263,1,     439P    268
0,0,1811,264,1,0,0,1811,265,1,0;                                     439P    269
508,6,0,1811,266,1,0,0,1811,267,1,0,0,1811,268,1,0,0,1811,269,1,     441P    270
0,0,1811,270,1,0,0,1811,271,1,0;                                     441P    271
508,6,0,1811,272,1,0,0,1811,273,1,0,0,1811,274,1,0,0,1811,275,1,     443P    272
0,0,1811,276,1,0,0,1811,277,1,0;                                     443P    273
508,4,0,1811,278,1,0,0,1811,279,1,0,0,1811,280,1,0,0,1811,281,1,     445P    274
0;                                                                   445P    275
508,4,0,1811,282,1,0,0,1811,283,1,0,0,1811,284,1,0,0,1811,285,1,     447P    276
0;                                                                   447P    277
508,4,0,1811,121,0,0,0,1811,286,1,0,0,1811,287,0,0,0,1811,135,0,     449P    278
0;                                                                   449P    279
508,4,0,1811,288,1,0,0,1811,289,1,0,0,1811,290,1,0,0,1811,291,1,     451P    280
0;                                                                   451P    281
508,4,0,1811,292,1,0,0,1811,293,1,0,0,1811,294,1,0,0,1811,295,1,     453P    282
0;                                                                   453P    283
508,4,0,1811,296,1,0,0,1811,297,1,0,0,1811,298,1,0,0,1811,299,1,     455P    284
0;                                                                   455P    285
508,4,0,1811,300,1,0,0,1811,301,1,0,0,1811,302,1,0,0,1811,303,1,     457P    286
0;                                                                   457P    287
508,4,0,1811,136,1,0,0,1811,287,1,0,0,1811,304,1,0,0,1811,305,1,     459P    288
0;                                                                   459P    289
508,12,0,1811,35,1,0,0,1811,306,1,0,0,1811,76,1,0,0,1811,80,1,0,     461P    290
0,1811,78,1,0,0,1811,307,1,0,0,1811,308,0,0,0,1811,137,0,0,0,        461P    291
1811,305,0,0,0,1811,309,1,0,0,1811,33,1,0,0,1811,40,1,0;             461P    292
508,1,0,1811,310,1,0;                                                463P    293
508,32,0,1811,120,0,0,0,1811,122,0,0,0,1811,14,0,0,0,1811,18,1,      465P    294
0,0,1811,4,0,0,0,1811,8,1,0,0,1811,11,0,0,0,1811,126,0,0,0,1811,     465P    295
57,1,0,0,1811,44,1,0,0,1811,48,1,0,0,1811,51,1,0,0,1811,54,1,0,      465P    296
0,1811,125,0,0,0,1811,145,0,0,0,1811,223,0,0,0,1811,311,0,0,0,       465P    297
1811,307,0,0,0,1811,77,0,0,0,1811,64,1,0,0,1811,68,0,0,0,1811,       465P    298
71,1,0,0,1811,74,0,0,0,1811,306,0,0,0,1811,34,1,0,0,1811,38,1,0,     465P    299
0,1811,24,1,0,0,1811,28,1,0,0,1811,31,1,0,0,1811,309,0,0,0,1811,     465P    300
304,0,0,0,1811,286,0,0;                                              465P    301
508,1,0,1811,3,1,0;                                                  467P    302
508,1,0,1811,23,1,0;                                                 469P    303
508,1,0,1811,43,1,0;                                                 471P    304
508,1,0,1811,63,1,0;                                                 473P    305
508,1,0,1811,312,1,0;                                                475P    306
508,1,0,1811,313,1,0;                                                477P    307
508,1,0,1811,314,1,0;                                                479P    308
508,1,0,1811,315,1,0;                                                481P    309
508,1,0,1811,316,1,0;                                                483P    310
508,1,0,1811,317,1,0;                                                485P    311
508,1,0,1811,318,1,0;                                                487P    312
508,1,0,1811,319,1,0;                                                489P    313
508,4,0,1811,211,0,0,0,1811,86,1,0,0,1811,144,1,0,0,1811,320,1,      491P    314
0;                                                                   491P    315
508,4,0,1811,320,0,0,0,1811,143,0,0,0,1811,321,0,0,0,1811,212,0,     493P    316
0;                                                                   493P    317
508,1,0,1811,322,1,0;                                                495P    318
508,4,0,1811,322,0,0,0,1811,323,1,0,0,1811,310,0,0,0,1811,323,0,     497P    319
0;                                                                   497P    320
508,4,0,1811,214,0,0,0,1811,324,1,0,0,1811,319,0,0,0,1811,324,0,     499P    321
0;                                                                   499P    322
508,4,0,1811,215,0,0,0,1811,325,1,0,0,1811,318,0,0,0,1811,325,0,     501P    323
0;                                                                   501P    324
508,4,0,1811,216,0,0,0,1811,326,1,0,0,1811,317,0,0,0,1811,326,0,     503P    325
0;                                                                   503P    326
508,4,0,1811,217,0,0,0,1811,327,1,0,0,1811,316,0,0,0,1811,327,0,     505P    327
0;                                                                   505P    328
508,4,0,1811,218,0,0,0,1811,328,1,0,0,1811,315,0,0,0,1811,328,0,     507P    329
0;                                                                   507P    330
508,4,0,1811,219,0,0,0,1811,329,1,0,0,1811,314,0,0,0,1811,329,0,     509P    331
0;                                                                   509P    332
508,4,0,1811,220,0,0,0,1811,330,1,0,0,1811,313,0,0,0,1811,330,0,     511P    333
0;                                                                   511P    334
508,4,0,1811,221,0,0,0,1811,331,1,0,0,1811,312,0,0,0,1811,331,0,     513P    335
0;                                                                   513P    336
508,4,0,1811,114,0,0,0,1811,332,0,0,0,1811,131,0,0,0,1811,333,1,     515P    337
0;                                                                   515P    338
508,4,0,1811,115,0,0,0,1811,333,0,0,0,1811,130,0,0,0,1811,334,1,     517P    339
0;                                                                   517P    340
508,4,0,1811,116,0,0,0,1811,334,0,0,0,1811,129,0,0,0,1811,335,1,     519P    341
0;                                                                   519P    342
508,4,0,1811,117,0,0,0,1811,335,0,0,0,1811,128,0,0,0,1811,336,1,     521P    343
0;                                                                   521P    344
508,4,0,1811,110,0,0,0,1811,336,0,0,0,1811,127,0,0,0,1811,337,1,     523P    345
0;                                                                   523P    346
508,4,0,1811,111,0,0,0,1811,337,0,0,0,1811,134,0,0,0,1811,338,1,     525P    347
0;                                                                   525P    348
508,4,0,1811,112,0,0,0,1811,338,0,0,0,1811,133,0,0,0,1811,339,1,     527P    349
0;                                                                   527P    350
508,4,0,1811,113,0,0,0,1811,339,0,0,0,1811,132,0,0,0,1811,332,1,     529P    351
0;                                                                   529P    352
508,4,0,1811,213,0,0,0,1811,321,1,0,0,1811,142,1,0,0,1811,148,1,     531P    353
0;                                                                   531P    354
508,4,0,1811,138,1,0,0,1811,308,1,0,0,1811,311,1,0,0,1811,222,1,     533P    355
0;                                                                   533P    356
508,4,0,1811,152,0,0,0,1811,340,0,0,0,1811,227,0,0,0,1811,341,1,     535P    357
0;                                                                   535P    358
508,4,0,1811,153,0,0,0,1811,341,0,0,0,1811,226,0,0,0,1811,342,1,     537P    359
0;                                                                   537P    360
508,4,0,1811,154,0,0,0,1811,342,0,0,0,1811,225,0,0,0,1811,343,1,     539P    361
0;                                                                   539P    362
508,4,0,1811,149,0,0,0,1811,343,0,0,0,1811,224,0,0,0,1811,344,1,     541P    363
0;                                                                   541P    364
508,4,0,1811,150,0,0,0,1811,344,0,0,0,1811,229,0,0,0,1811,345,1,     543P    365
0;                                                                   543P    366
508,4,0,1811,151,0,0,0,1811,345,0,0,0,1811,228,0,0,0,1811,340,1,     545P    367
0;                                                                   545P    368
508,4,0,1811,209,0,0,0,1811,346,0,0,0,1811,284,0,0,0,1811,347,1,     547P    369
0;                                                                   547P    370
508,4,0,1811,210,0,0,0,1811,347,0,0,0,1811,283,0,0,0,1811,348,1,     549P    371
0;                                                                   549P    372
508,4,0,1811,207,0,0,0,1811,348,0,0,0,1811,282,0,0,0,1811,349,1,     551P    373
0;                                                                   551P    374
508,4,0,1811,208,0,0,0,1811,349,0,0,0,1811,285,0,0,0,1811,346,1,     553P    375
0;                                                                   553P    376
508,4,0,1811,205,0,0,0,1811,350,0,0,0,1811,280,0,0,0,1811,351,1,     555P    377
0;                                                                   555P    378
508,4,0,1811,206,0,0,0,1811,351,0,0,0,1811,279,0,0,0,1811,352,1,     557P    379
0;                                                                   557P    380
508,4,0,1811,203,0,0,0,1811,352,0,0,0,1811,278,0,0,0,1811,353,1,     559P    381
0;                                                                   559P    382
508,4,0,1811,204,0,0,0,1811,353,0,0,0,1811,281,0,0,0,1811,350,1,     561P    383
0;                                                                   561P    384
508,4,0,1811,158,0,0,0,1811,354,1,0,0,1811,233,0,0,0,1811,355,0,     563P    385
0;                                                                   563P    386
508,4,0,1811,159,0,0,0,1811,355,1,0,0,1811,232,0,0,0,1811,356,0,     565P    387
0;                                                                   565P    388
508,4,0,1811,160,0,0,0,1811,356,1,0,0,1811,231,0,0,0,1811,357,0,     567P    389
0;                                                                   567P    390
508,4,0,1811,155,0,0,0,1811,357,1,0,0,1811,230,0,0,0,1811,358,0,     569P    391
0;                                                                   569P    392
508,4,0,1811,157,0,0,0,1811,359,1,0,0,1811,234,0,0,0,1811,354,0,     571P    393
0;                                                                   571P    394
508,4,0,1811,156,0,0,0,1811,358,1,0,0,1811,235,0,0,0,1811,359,0,     573P    395
0;                                                                   573P    396
508,4,0,1811,164,0,0,0,1811,360,1,0,0,1811,239,0,0,0,1811,361,0,     575P    397
0;                                                                   575P    398
508,4,0,1811,165,0,0,0,1811,361,1,0,0,1811,238,0,0,0,1811,362,0,     577P    399
0;                                                                   577P    400
508,4,0,1811,166,0,0,0,1811,362,1,0,0,1811,237,0,0,0,1811,363,0,     579P    401
0;                                                                   579P    402
508,4,0,1811,161,0,0,0,1811,363,1,0,0,1811,236,0,0,0,1811,364,0,     581P    403
0;                                                                   581P    404
508,4,0,1811,163,0,0,0,1811,365,1,0,0,1811,240,0,0,0,1811,360,0,     583P    405
0;                                                                   583P    406
508,4,0,1811,162,0,0,0,1811,364,1,0,0,1811,241,0,0,0,1811,365,0,     585P    407
0;                                                                   585P    408
508,4,0,1811,170,0,0,0,1811,366,1,0,0,1811,245,0,0,0,1811,367,0,     587P    409
0;                                                                   587P    410
508,4,0,1811,171,0,0,0,1811,367,1,0,0,1811,244,0,0,0,1811,368,0,     589P    411
0;                                                                   589P    412
508,4,0,1811,172,0,0,0,1811,368,1,0,0,1811,243,0,0,0,1811,369,0,     591P    413
0;                                                                   591P    414
508,4,0,1811,167,0,0,0,1811,369,1,0,0,1811,242,0,0,0,1811,370,0,     593P    415
0;                                                                   593P    416
508,4,0,1811,169,0,0,0,1811,371,1,0,0,1811,246,0,0,0,1811,366,0,     595P    417
0;                                                                   595P    418
508,4,0,1811,168,0,0,0,1811,370,1,0,0,1811,247,0,0,0,1811,371,0,     597P    419
0;                                                                   597P    420
508,4,0,1811,176,0,0,0,1811,372,1,0,0,1811,251,0,0,0,1811,373,0,     599P    421
0;                                                                   599P    422
508,4,0,1811,177,0,0,0,1811,373,1,0,0,1811,250,0,0,0,1811,374,0,     601P    423
0;                                                                   601P    424
508,4,0,1811,178,0,0,0,1811,374,1,0,0,1811,249,0,0,0,1811,375,0,     603P    425
0;                                                                   603P    426
508,4,0,1811,173,0,0,0,1811,375,1,0,0,1811,248,0,0,0,1811,376,0,     605P    427
0;                                                                   605P    428
508,4,0,1811,175,0,0,0,1811,377,1,0,0,1811,252,0,0,0,1811,372,0,     607P    429
0;                                                                   607P    430
508,4,0,1811,174,0,0,0,1811,376,1,0,0,1811,253,0,0,0,1811,377,0,     609P    431
0;                                                                   609P    432
508,4,0,1811,182,0,0,0,1811,378,1,0,0,1811,257,0,0,0,1811,379,0,     611P    433
0;                                                                   611P    434
508,4,0,1811,183,0,0,0,1811,379,1,0,0,1811,256,0,0,0,1811,380,0,     613P    435
0;                                                                   613P    436
508,4,0,1811,184,0,0,0,1811,380,1,0,0,1811,255,0,0,0,1811,381,0,     615P    437
0;                                                                   615P    438
508,4,0,1811,179,0,0,0,1811,381,1,0,0,1811,254,0,0,0,1811,382,0,     617P    439
0;                                                                   617P    440
508,4,0,1811,181,0,0,0,1811,383,1,0,0,1811,258,0,0,0,1811,378,0,     619P    441
0;                                                                   619P    442
508,4,0,1811,180,0,0,0,1811,382,1,0,0,1811,259,0,0,0,1811,383,0,     621P    443
0;                                                                   621P    444
508,4,0,1811,188,0,0,0,1811,384,1,0,0,1811,263,0,0,0,1811,385,0,     623P    445
0;                                                                   623P    446
508,4,0,1811,189,0,0,0,1811,385,1,0,0,1811,262,0,0,0,1811,386,0,     625P    447
0;                                                                   625P    448
508,4,0,1811,190,0,0,0,1811,386,1,0,0,1811,261,0,0,0,1811,387,0,     627P    449
0;                                                                   627P    450
508,4,0,1811,185,0,0,0,1811,387,1,0,0,1811,260,0,0,0,1811,388,0,     629P    451
0;                                                                   629P    452
508,4,0,1811,187,0,0,0,1811,389,1,0,0,1811,264,0,0,0,1811,384,0,     631P    453
0;                                                                   631P    454
508,4,0,1811,186,0,0,0,1811,388,1,0,0,1811,265,0,0,0,1811,389,0,     633P    455
0;                                                                   633P    456
508,4,0,1811,194,0,0,0,1811,390,1,0,0,1811,269,0,0,0,1811,391,0,     635P    457
0;                                                                   635P    458
508,4,0,1811,195,0,0,0,1811,391,1,0,0,1811,268,0,0,0,1811,392,0,     637P    459
0;                                                                   637P    460
508,4,0,1811,196,0,0,0,1811,392,1,0,0,1811,267,0,0,0,1811,393,0,     639P    461
0;                                                                   639P    462
508,4,0,1811,191,0,0,0,1811,393,1,0,0,1811,266,0,0,0,1811,394,0,     641P    463
0;                                                                   641P    464
508,4,0,1811,193,0,0,0,1811,395,1,0,0,1811,270,0,0,0,1811,390,0,     643P    465
0;                                                                   643P    466
508,4,0,1811,192,0,0,0,1811,394,1,0,0,1811,271,0,0,0,1811,395,0,     645P    467
0;                                                                   645P    468
508,4,0,1811,200,0,0,0,1811,396,1,0,0,1811,275,0,0,0,1811,397,0,     647P    469
0;                                                                   647P    470
508,4,0,1811,201,0,0,0,1811,397,1,0,0,1811,274,0,0,0,1811,398,0,     649P    471
0;                                                                   649P    472
508,4,0,1811,202,0,0,0,1811,398,1,0,0,1811,273,0,0,0,1811,399,0,     651P    473
0;                                                                   651P    474
508,4,0,1811,197,0,0,0,1811,399,1,0,0,1811,272,0,0,0,1811,400,0,     653P    475
0;                                                                   653P    476
508,4,0,1811,199,0,0,0,1811,401,1,0,0,1811,276,0,0,0,1811,396,0,     655P    477
0;                                                                   655P    478
508,4,0,1811,198,0,0,0,1811,400,1,0,0,1811,277,0,0,0,1811,401,0,     657P    479
0;                                                                   657P    480
508,4,0,1811,90,0,0,0,1811,402,1,0,0,1811,302,0,0,0,1811,403,1,      659P    481
0;                                                                   659P    482
508,4,0,1811,91,0,0,0,1811,403,0,0,0,1811,301,0,0,0,1811,404,0,      661P    483
0;                                                                   661P    484
508,4,0,1811,88,0,0,0,1811,404,1,0,0,1811,300,0,0,0,1811,405,1,      663P    485
0;                                                                   663P    486
508,4,0,1811,89,0,0,0,1811,405,0,0,0,1811,303,0,0,0,1811,402,0,      665P    487
0;                                                                   665P    488
508,4,0,1811,94,0,0,0,1811,406,1,0,0,1811,298,0,0,0,1811,407,1,      667P    489
0;                                                                   667P    490
508,4,0,1811,95,0,0,0,1811,407,0,0,0,1811,297,0,0,0,1811,408,0,      669P    491
0;                                                                   669P    492
508,4,0,1811,92,0,0,0,1811,408,1,0,0,1811,296,0,0,0,1811,409,1,      671P    493
0;                                                                   671P    494
508,4,0,1811,93,0,0,0,1811,409,0,0,0,1811,299,0,0,0,1811,406,0,      673P    495
0;                                                                   673P    496
508,4,0,1811,98,0,0,0,1811,410,1,0,0,1811,294,0,0,0,1811,411,1,      675P    497
0;                                                                   675P    498
508,4,0,1811,99,0,0,0,1811,411,0,0,0,1811,293,0,0,0,1811,412,0,      677P    499
0;                                                                   677P    500
508,4,0,1811,96,0,0,0,1811,412,1,0,0,1811,292,0,0,0,1811,413,1,      679P    501
0;                                                                   679P    502
508,4,0,1811,97,0,0,0,1811,413,0,0,0,1811,295,0,0,0,1811,410,0,      681P    503
0;                                                                   681P    504
508,4,0,1811,102,0,0,0,1811,414,1,0,0,1811,290,0,0,0,1811,415,1,     683P    505
0;                                                                   683P    506
508,4,0,1811,103,0,0,0,1811,415,0,0,0,1811,289,0,0,0,1811,416,0,     685P    507
0;                                                                   685P    508
508,4,0,1811,100,0,0,0,1811,416,1,0,0,1811,288,0,0,0,1811,417,1,     687P    509
0;                                                                   687P    510
508,4,0,1811,101,0,0,0,1811,417,0,0,0,1811,291,0,0,0,1811,414,0,     689P    511
0;                                                                   689P    512
126,8,2,0,1,0,0,-3.14159265358979,-3.14159265358979,                 691P    513
-3.14159265358979,-1.5707963267949,-1.5707963267949,0.,0.,           691P    514
1.5707963267949,1.5707963267949,3.14159265358979,                    691P    515
3.14159265358979,3.14159265358979,1.,0.707106781186556,1.,           691P    516
0.707106781186539,1.,0.707106781186538,1.,0.707106781186555,1.,      691P    517
78.846753418157,-3.47482274839816,4.,78.846753418157,                691P    518
-1.97482274839816,4.,80.346753418157,-1.97482274839816,4.,           691P    519
81.846753418157,-1.97482274839816,4.,81.846753418157,                691P    520
-3.47482274839816,4.,81.846753418157,-4.97482274839816,4.,           691P    521
80.346753418157,-4.97482274839816,4.,78.846753418157,                691P    522
-4.97482274839816,4.,78.846753418157,-3.47482274839816,4.,           691P    523
-3.14159265358979,3.14159265358979,0.,0.,0.;                         691P    524
126,1,1,0,0,1,0,-2.66666666666666,-2.66666666666666,0.,0.,1.,1.,     693P    525
78.846753418157,-3.47482274839816,4.,78.846753418157,                693P    526
-3.47482274839816,0.,-2.66666666666666,0.,0.,0.,0.;                  693P    527
126,8,2,0,1,0,0,-3.14159265358979,-3.14159265358979,                 695P    528
-3.14159265358979,-1.5707963267949,-1.5707963267949,0.,0.,           695P    529
1.5707963267949,1.5707963267949,3.14159265358979,                    695P    530
3.14159265358979,3.14159265358979,1.,0.707106781186555,1.,           695P    531
0.707106781186538,1.,0.707106781186539,1.,0.707106781186556,1.,      695P    532
78.846753418157,-3.47482274839816,0.,78.846753418157,                695P    533
-4.97482274839816,0.,80.346753418157,-4.97482274839816,0.,           695P    534
81.846753418157,-4.97482274839816,0.,81.846753418157,                695P    535
-3.47482274839816,0.,81.846753418157,-1.97482274839816,0.,           695P    536
80.346753418157,-1.97482274839816,0.,78.846753418157,                695P    537
-1.97482274839816,0.,78.846753418157,-3.47482274839816,0.,           695P    538
-3.14159265358979,3.14159265358979,0.,0.,0.;                         695P    539
126,1,1,0,0,1,0,0.,0.,0.482545653204844,0.482545653204844,1.,1.,     697P    540
77.9340251521328,-6.42684340817517,0.,82.7594816841812,              697P    541
-6.42684340817517,0.,0.,0.482545653204844,0.,0.,0.;                  697P    542
126,1,1,0,0,1,0,0.,0.,0.4,0.4,1.,1.,82.7594816841812,                699P    543
-6.42684340817517,0.,82.7594816841812,-6.42684340817517,4.,0.,       699P    544
0.4,0.,0.,0.;                                                        699P    545
126,1,1,0,0,1,0,0.,0.,0.482545653204844,0.482545653204844,1.,1.,     701P    546
77.9340251521328,-6.42684340817517,4.,82.7594816841812,              701P    547
-6.42684340817517,4.,0.,0.482545653204844,0.,0.,0.;                  701P    548
126,1,1,0,0,1,0,0.,0.,0.4,0.4,1.,1.,77.9340251521328,                703P    549
-6.42684340817517,0.,77.9340251521328,-6.42684340817517,4.,0.,       703P    550
0.4,0.,0.,0.;                                                        703P    551
126,2,2,0,0,0,0,0.,0.,0.,1.5707963267949,1.5707963267949,            705P    552
1.5707963267949,1.,0.707106781186542,1.,77.9340251521328,            705P    553
-6.42684340817517,0.,75.7474190692732,-6.42684340817517,0.,          705P    554
75.7474190692732,-4.24023732531563,0.,0.,1.5707963267949,0.,0.,      705P    555
0.;                                                                  705P    556
126,2,2,0,0,0,0,-1.5707963267949,-1.5707963267949,                   707P    557
-1.5707963267949,0.,0.,0.,1.,0.707106781186542,1.,                   707P    558
75.7474190692732,-4.24023732531563,4.,75.7474190692732,              707P    559
-6.42684340817517,4.,77.9340251521328,-6.42684340817517,4.,          707P    560
-1.5707963267949,0.,0.,0.,0.;                                        707P    561
126,1,1,0,0,1,0,0.,0.,0.4,0.4,1.,1.,75.7474190692732,                709P    562
-4.24023732531563,0.,75.7474190692732,-4.24023732531563,4.,0.,       709P    563
0.4,0.,0.,0.;                                                        709P    564
126,1,1,0,0,1,0,0.,0.,0.424023732531566,0.424023732531566,1.,1.,     711P    565
75.7474190692732,3.5527136788005D-14,0.,75.7474190692732,            711P    566
-4.24023732531563,0.,0.,0.424023732531566,0.,0.,0.;                  711P    567
126,1,1,0,0,1,0,0.,0.,0.424023732531566,0.424023732531566,1.,1.,     713P    568
75.7474190692732,3.5527136788005D-14,4.,75.7474190692732,            713P    569
-4.24023732531563,4.,0.,0.424023732531566,0.,0.,0.;                  713P    570
126,1,1,0,0,1,0,-1.,-1.,-0.6,-0.6,1.,1.,75.7474190692732,0.,0.,      715P    571
75.7474190692732,0.,4.,-1.,-0.6,0.,0.,0.;                            715P    572
126,1,1,0,0,1,0,0.,0.,0.424023732531566,0.424023732531566,1.,1.,     717P    573
84.9460877670408,-4.24023732531563,0.,84.9460877670408,              717P    574
3.5527136788005D-14,0.,0.,0.424023732531566,0.,0.,0.;                717P    575
126,1,1,0,0,1,0,0.6,0.6,1.,1.,1.,1.,84.9460877670408,0.,4.,          719P    576
84.9460877670408,0.,0.,0.6,1.,0.,0.,0.;                              719P    577
126,1,1,0,0,1,0,0.,0.,0.424023732531566,0.424023732531566,1.,1.,     721P    578
84.9460877670408,-4.24023732531563,4.,84.9460877670408,              721P    579
3.5527136788005D-14,4.,0.,0.424023732531566,0.,0.,0.;                721P    580
126,1,1,0,0,1,0,0.,0.,0.4,0.4,1.,1.,84.9460877670408,                723P    581
-4.24023732531563,0.,84.9460877670408,-4.24023732531563,4.,0.,       723P    582
0.4,0.,0.,0.;                                                        723P    583
126,2,2,0,0,0,0,0.,0.,0.,1.5707963267949,1.5707963267949,            725P    584
1.5707963267949,1.,0.707106781186554,1.,84.9460877670408,            725P    585
-4.24023732531563,0.,84.9460877670408,-6.42684340817517,0.,          725P    586
82.7594816841812,-6.42684340817517,0.,0.,1.5707963267949,0.,0.,      725P    587
0.;                                                                  725P    588
126,2,2,0,0,0,0,-1.5707963267949,-1.5707963267949,                   727P    589
-1.5707963267949,0.,0.,0.,1.,0.707106781186554,1.,                   727P    590
82.7594816841812,-6.42684340817517,4.,84.9460877670408,              727P    591
-6.42684340817517,4.,84.9460877670408,-4.24023732531563,4.,          727P    592
-1.5707963267949,0.,0.,0.,0.;                                        727P    593
126,1,1,0,0,1,0,4.05740423601947,4.05740423601947,                   729P    594
4.97727110579623,4.97727110579623,1.,1.,75.7474190692732,0.,4.,      729P    595
84.9460877670408,0.,4.,4.05740423601947,4.97727110579623,0.,0.,      729P    596
0.;                                                                  729P    597
126,8,2,0,1,0,0,-3.14159265358979,-3.14159265358979,                 731P    598
-3.14159265358979,-1.5707963267949,-1.5707963267949,0.,0.,           731P    599
1.5707963267949,1.5707963267949,3.14159265358979,                    731P    600
3.14159265358979,3.14159265358979,1.,0.707106781186557,1.,           731P    601
0.70710678118654,1.,0.70710678118654,1.,0.707106781186557,1.,        731P    602
78.846753418157,216.474822748398,4.,78.846753418157,                 731P    603
217.974822748398,4.,80.346753418157,217.974822748398,4.,             731P    604
81.846753418157,217.974822748398,4.,81.846753418157,                 731P    605
216.474822748398,4.,81.846753418157,214.974822748398,4.,             731P    606
80.346753418157,214.974822748398,4.,78.846753418157,                 731P    607
214.974822748398,4.,78.846753418157,216.474822748398,4.,             731P    608
-3.14159265358979,3.14159265358979,0.,0.,0.;                         731P    609
126,1,1,0,0,1,0,-2.66666666666666,-2.66666666666666,0.,0.,1.,1.,     733P    610
78.846753418157,216.474822748398,4.,78.846753418157,                 733P    611
216.474822748398,0.,-2.66666666666666,0.,0.,0.,0.;                   733P    612
126,8,2,0,1,0,0,-3.14159265358979,-3.14159265358979,                 735P    613
-3.14159265358979,-1.5707963267949,-1.5707963267949,0.,0.,           735P    614
1.5707963267949,1.5707963267949,3.14159265358979,                    735P    615
3.14159265358979,3.14159265358979,1.,0.707106781186557,1.,           735P    616
0.70710678118654,1.,0.70710678118654,1.,0.707106781186557,1.,        735P    617
78.846753418157,216.474822748398,0.,78.846753418157,                 735P    618
214.974822748398,0.,80.346753418157,214.974822748398,0.,             735P    619
81.846753418157,214.974822748398,0.,81.846753418157,                 735P    620
216.474822748398,0.,81.846753418157,217.974822748398,0.,             735P    621
80.346753418157,217.974822748398,0.,78.846753418157,                 735P    622
217.974822748398,0.,78.846753418157,216.474822748398,0.,             735P    623
-3.14159265358979,3.14159265358979,0.,0.,0.;                         735P    624
126,1,1,0,0,1,0,0.,0.,0.482545653204844,0.482545653204844,1.,1.,     737P    625
77.9340251521327,219.426843408175,0.,82.7594816841812,               737P    626
219.426843408175,0.,0.,0.482545653204844,0.,0.,0.;                   737P    627
126,1,1,0,0,1,0,0.,0.,0.4,0.4,1.,1.,77.9340251521327,                739P    628
219.426843408175,0.,77.9340251521327,219.426843408175,4.,0.,0.4,     739P    629
0.,0.,0.;                                                            739P    630
126,1,1,0,0,1,0,-0.482545653204844,-0.482545653204844,0.,0.,1.,      741P    631
1.,82.7594816841812,219.426843408175,4.,77.9340251521327,            741P    632
219.426843408175,4.,-0.482545653204844,0.,0.,0.,0.;                  741P    633
126,1,1,0,0,1,0,0.,0.,0.4,0.4,1.,1.,82.7594816841812,                743P    634
219.426843408175,0.,82.7594816841812,219.426843408175,4.,0.,0.4,     743P    635
0.,0.,0.;                                                            743P    636
126,2,2,0,0,0,0,0.,0.,0.,1.5707963267949,1.5707963267949,            745P    637
1.5707963267949,1.,0.707106781186562,1.,82.7594816841812,            745P    638
219.426843408175,0.,84.9460877670407,219.426843408175,0.,            745P    639
84.9460877670407,217.240237325316,0.,0.,1.5707963267949,0.,0.,       745P    640
0.;                                                                  745P    641
126,2,2,0,0,0,0,-1.5707963267949,-1.5707963267949,                   747P    642
-1.5707963267949,0.,0.,0.,1.,0.707106781186562,1.,                   747P    643
84.9460877670407,217.240237325316,4.,84.9460877670407,               747P    644
219.426843408175,4.,82.7594816841812,219.426843408175,4.,            747P    645
-1.5707963267949,0.,0.,0.,0.;                                        747P    646
126,1,1,0,0,1,0,0.,0.,0.4,0.4,1.,1.,84.9460877670407,                749P    647
217.240237325316,0.,84.9460877670407,217.240237325316,4.,0.,0.4,     749P    648
0.,0.,0.;                                                            749P    649
126,1,1,0,0,1,0,0.,0.,0.424023732531566,0.424023732531566,1.,1.,     751P    650
84.9460877670407,217.240237325316,0.,84.9460877670407,213.,0.,       751P    651
0.,0.424023732531566,0.,0.,0.;                                       751P    652
126,1,1,0,0,1,0,-0.424023732531566,-0.424023732531566,0.,0.,1.,      753P    653
1.,84.9460877670407,213.,4.,84.9460877670407,217.240237325316,       753P    654
4.,-0.424023732531566,0.,0.,0.,0.;                                   753P    655
126,1,1,0,0,1,0,-1.,-1.,-0.6,-0.6,1.,1.,84.9460877670407,213.,       755P    656
0.,84.9460877670407,213.,4.,-1.,-0.6,0.,0.,0.;                       755P    657
126,1,1,0,0,1,0,0.,0.,0.424023732531566,0.424023732531566,1.,1.,     757P    658
75.7474190692732,213.,0.,75.7474190692732,217.240237325316,0.,       757P    659
0.,0.424023732531566,0.,0.,0.;                                       757P    660
126,1,1,0,0,1,0,0.6,0.6,1.,1.,1.,1.,75.7474190692732,213.,4.,        759P    661
75.7474190692732,213.,0.,0.6,1.,0.,0.,0.;                            759P    662
126,1,1,0,0,1,0,-0.424023732531566,-0.424023732531566,0.,0.,1.,      761P    663
1.,75.7474190692732,217.240237325316,4.,75.7474190692732,213.,       761P    664
4.,-0.424023732531566,0.,0.,0.,0.;                                   761P    665
126,1,1,0,0,1,0,0.,0.,0.4,0.4,1.,1.,75.7474190692732,                763P    666
217.240237325316,0.,75.7474190692732,217.240237325316,4.,0.,0.4,     763P    667
0.,0.,0.;                                                            763P    668
126,2,2,0,0,0,0,0.,0.,0.,1.5707963267949,1.5707963267949,            765P    669
1.5707963267949,1.,0.70710678118655,1.,75.7474190692732,             765P    670
217.240237325316,0.,75.7474190692732,219.426843408175,0.,            765P    671
77.9340251521327,219.426843408175,0.,0.,1.5707963267949,0.,0.,       765P    672
0.;                                                                  765P    673
126,2,2,0,0,0,0,-1.5707963267949,-1.5707963267949,                   767P    674
-1.5707963267949,0.,0.,0.,1.,0.70710678118655,1.,                    767P    675
77.9340251521327,219.426843408175,4.,75.7474190692732,               767P    676
219.426843408175,4.,75.7474190692732,217.240237325316,4.,            767P    677
-1.5707963267949,0.,0.,0.,0.;                                        767P    678
126,1,1,0,0,1,0,-0.0772711057962248,-0.0772711057962248,             769P    679
0.842595763980529,0.842595763980529,1.,1.,84.9460877670407,213.,     769P    680
4.,75.7474190692732,213.,4.,-0.0772711057962248,                     769P    681
0.842595763980529,0.,0.,0.;                                          769P    682
126,8,2,0,1,0,0,-3.14159265358979,-3.14159265358979,                 771P    683
-3.14159265358979,-1.5707963267949,-1.5707963267949,0.,0.,           771P    684
1.5707963267949,1.5707963267949,3.14159265358979,                    771P    685
3.14159265358979,3.14159265358979,1.,0.707106781186547,1.,           771P    686
0.707106781186548,1.,0.707106781186547,1.,0.707106781186546,1.,      771P    687
-3.84675341815691,-3.4748227483982,4.,-3.84675341815691,             771P    688
-1.9748227483982,4.,-2.34675341815691,-1.9748227483982,4.,           771P    689
-0.846753418156916,-1.9748227483982,4.,-0.846753418156916,           771P    690
-3.4748227483982,4.,-0.846753418156916,-4.9748227483982,4.,          771P    691
-2.34675341815691,-4.9748227483982,4.,-3.84675341815691,             771P    692
-4.9748227483982,4.,-3.84675341815691,-3.4748227483982,4.,           771P    693
-3.14159265358979,3.14159265358979,0.,0.,0.;                         771P    694
126,1,1,0,0,1,0,-2.66666666666667,-2.66666666666667,0.,0.,1.,1.,     773P    695
-3.84675341815691,-3.4748227483982,4.,-3.84675341815691,             773P    696
-3.4748227483982,0.,-2.66666666666667,0.,0.,0.,0.;                   773P    697
126,8,2,0,1,0,0,-3.14159265358979,-3.14159265358979,                 775P    698
-3.14159265358979,-1.5707963267949,-1.5707963267949,0.,0.,           775P    699
1.5707963267949,1.5707963267949,3.14159265358979,                    775P    700
3.14159265358979,3.14159265358979,1.,0.707106781186546,1.,           775P    701
0.707106781186547,1.,0.707106781186548,1.,0.707106781186547,1.,      775P    702
-3.84675341815691,-3.4748227483982,0.,-3.84675341815691,             775P    703
-4.9748227483982,0.,-2.34675341815691,-4.9748227483982,0.,           775P    704
-0.846753418156916,-4.9748227483982,0.,-0.846753418156916,           775P    705
-3.4748227483982,0.,-0.846753418156916,-1.9748227483982,0.,          775P    706
-2.34675341815691,-1.9748227483982,0.,-3.84675341815691,             775P    707
-1.9748227483982,0.,-3.84675341815691,-3.4748227483982,0.,           775P    708
-3.14159265358979,3.14159265358979,0.,0.,0.;                         775P    709
126,2,2,0,0,0,0,0.,0.,0.,1.5707963267949,1.5707963267949,            777P    710
1.5707963267949,1.,0.707106781186547,1.,2.25258093072686,            777P    711
-4.24023732531566,0.,2.25258093072686,-6.42684340817521,0.,          777P    712
0.0659748478673096,-6.42684340817521,0.,0.,1.5707963267949,0.,       777P    713
0.,0.;                                                               777P    714
126,1,1,0,0,1,0,0.,0.,0.4,0.4,1.,1.,2.25258093072686,                779P    715
-4.24023732531566,0.,2.25258093072686,-4.24023732531566,4.,0.,       779P    716
0.4,0.,0.,0.;                                                        779P    717
126,2,2,0,0,0,0,-1.5707963267949,-1.5707963267949,                   781P    718
-1.5707963267949,0.,0.,0.,1.,0.707106781186547,1.,                   781P    719
0.0659748478673096,-6.42684340817521,4.,2.25258093072686,            781P    720
-6.42684340817521,4.,2.25258093072686,-4.24023732531566,4.,          781P    721
-1.5707963267949,0.,0.,0.,0.;                                        781P    722
126,1,1,0,0,1,0,0.,0.,0.4,0.4,1.,1.,0.0659748478673096,              783P    723
-6.42684340817521,0.,0.0659748478673096,-6.42684340817521,4.,0.,     783P    724
0.4,0.,0.,0.;                                                        783P    725
126,1,1,0,0,1,0,0.,0.,0.482545653204845,0.482545653204845,1.,1.,     785P    726
0.0659748478673094,-6.42684340817521,0.,-4.75948168418114,           785P    727
-6.42684340817521,0.,0.,0.482545653204845,0.,0.,0.;                  785P    728
126,1,1,0,0,1,0,-0.482545653204845,-0.482545653204845,0.,0.,1.,      787P    729
1.,-4.75948168418114,-6.42684340817521,4.,0.0659748478673094,        787P    730
-6.42684340817521,4.,-0.482545653204845,0.,0.,0.,0.;                 787P    731
126,1,1,0,0,1,0,0.,0.,0.4,0.4,1.,1.,-4.75948168418114,               789P    732
-6.42684340817521,0.,-4.75948168418114,-6.42684340817521,4.,0.,      789P    733
0.4,0.,0.,0.;                                                        789P    734
126,2,2,0,0,0,0,0.,0.,0.,1.5707963267949,1.5707963267949,            791P    735
1.5707963267949,1.,0.707106781186547,1.,-4.75948168418114,           791P    736
-6.42684340817521,0.,-6.94608776704069,-6.42684340817521,0.,         791P    737
-6.94608776704069,-4.24023732531566,0.,0.,1.5707963267949,0.,0.,     791P    738
0.;                                                                  791P    739
126,2,2,0,0,0,0,-1.5707963267949,-1.5707963267949,                   793P    740
-1.5707963267949,0.,0.,0.,1.,0.707106781186547,1.,                   793P    741
-6.94608776704069,-4.24023732531566,4.,-6.94608776704069,            793P    742
-6.42684340817521,4.,-4.75948168418114,-6.42684340817521,4.,         793P    743
-1.5707963267949,0.,0.,0.,0.;                                        793P    744
126,1,1,0,0,1,0,0.,0.,0.4,0.4,1.,1.,-6.94608776704069,               795P    745
-4.24023732531566,0.,-6.94608776704069,-4.24023732531566,4.,0.,      795P    746
0.4,0.,0.,0.;                                                        795P    747
126,1,1,0,0,1,0,0.,0.,0.424023732531566,0.424023732531566,1.,1.,     797P    748
-6.94608776704069,-4.24023732531566,0.,-6.94608776704069,0.,0.,      797P    749
0.,0.424023732531566,0.,0.,0.;                                       797P    750
126,1,1,0,0,1,0,-0.424023732531566,-0.424023732531566,0.,0.,1.,      799P    751
1.,-6.94608776704069,0.,4.,-6.94608776704069,-4.24023732531566,      799P    752
4.,-0.424023732531566,0.,0.,0.,0.;                                   799P    753
126,1,1,0,0,1,0,-1.,-1.,-0.6,-0.6,1.,1.,-6.94608776704069,0.,0.,     801P    754
-6.94608776704069,0.,4.,-1.,-0.6,0.,0.,0.;                           801P    755
126,1,1,0,0,1,0,0.,0.,0.424023732531566,0.424023732531566,1.,1.,     803P    756
2.25258093072686,0.,0.,2.25258093072686,-4.24023732531566,0.,0.,     803P    757
0.424023732531566,0.,0.,0.;                                          803P    758
126,1,1,0,0,1,0,0.6,0.6,1.,1.,1.,1.,2.25258093072686,0.,4.,          805P    759
2.25258093072686,0.,0.,0.6,1.,0.,0.,0.;                              805P    760
126,1,1,0,0,1,0,-0.424023732531566,-0.424023732531566,0.,0.,1.,      807P    761
1.,2.25258093072686,-4.24023732531566,4.,2.25258093072686,0.,4.,     807P    762
-0.424023732531566,0.,0.,0.,0.;                                      807P    763
126,1,1,0,0,1,0,-0.077271105796223,-0.077271105796223,               809P    764
0.842595763980531,0.842595763980531,1.,1.,-6.94608776704069,0.,      809P    765
4.,2.25258093072686,0.,4.,-0.077271105796223,0.842595763980531,      809P    766
0.,0.,0.;                                                            809P    767
126,8,2,0,1,0,0,-3.14159265358979,-3.14159265358979,                 811P    768
-3.14159265358979,-1.5707963267949,-1.5707963267949,0.,0.,           811P    769
1.5707963267949,1.5707963267949,3.14159265358979,                    811P    770
3.14159265358979,3.14159265358979,1.,0.707106781186597,1.,           811P    771
0.707106781186598,1.,0.707106781186598,1.,0.707106781186597,1.,      811P    772
-3.84675341815695,216.474822748398,4.,-3.84675341815695,             811P    773
217.974822748398,4.,-2.34675341815695,217.974822748398,4.,           811P    774
-0.846753418156952,217.974822748398,4.,-0.846753418156952,           811P    775
216.474822748398,4.,-0.846753418156952,214.974822748398,4.,          811P    776
-2.34675341815695,214.974822748398,4.,-3.84675341815695,             811P    777
214.974822748398,4.,-3.84675341815695,216.474822748398,4.,           811P    778
-3.14159265358979,3.14159265358979,0.,0.,0.;                         811P    779
126,1,1,0,0,1,0,-2.66666666666667,-2.66666666666667,0.,0.,1.,1.,     813P    780
-3.84675341815695,216.474822748398,4.,-3.84675341815695,             813P    781
216.474822748398,0.,-2.66666666666667,0.,0.,0.,0.;                   813P    782
126,8,2,0,1,0,0,-3.14159265358979,-3.14159265358979,                 815P    783
-3.14159265358979,-1.5707963267949,-1.5707963267949,0.,0.,           815P    784
1.5707963267949,1.5707963267949,3.14159265358979,                    815P    785
3.14159265358979,3.14159265358979,1.,0.707106781186597,1.,           815P    786
0.707106781186598,1.,0.707106781186598,1.,0.707106781186597,1.,      815P    787
-3.84675341815695,216.474822748398,0.,-3.84675341815695,             815P    788
214.974822748398,0.,-2.34675341815695,214.974822748398,0.,           815P    789
-0.846753418156952,214.974822748398,0.,-0.846753418156952,           815P    790
216.474822748398,0.,-0.846753418156952,217.974822748398,0.,          815P    791
-2.34675341815695,217.974822748398,0.,-3.84675341815695,             815P    792
217.974822748398,0.,-3.84675341815695,216.474822748398,0.,           815P    793
-3.14159265358979,3.14159265358979,0.,0.,0.;                         815P    794
126,2,2,0,0,0,0,0.,0.,0.,1.5707963267949,1.5707963267949,            817P    795
1.5707963267949,1.,0.707106781186554,1.,-6.94608776704072,           817P    796
217.240237325316,0.,-6.94608776704072,219.426843408175,0.,           817P    797
-4.75948168418117,219.426843408175,0.,0.,1.5707963267949,0.,0.,      817P    798
0.;                                                                  817P    799
126,1,1,0,0,1,0,0.,0.,0.4,0.4,1.,1.,-6.94608776704072,               819P    800
217.240237325316,0.,-6.94608776704072,217.240237325316,4.,0.,        819P    801
0.4,0.,0.,0.;                                                        819P    802
126,2,2,0,0,0,0,-1.5707963267949,-1.5707963267949,                   821P    803
-1.5707963267949,0.,0.,0.,1.,0.707106781186554,1.,                   821P    804
-4.75948168418117,219.426843408175,4.,-6.94608776704072,             821P    805
219.426843408175,4.,-6.94608776704072,217.240237325316,4.,           821P    806
-1.5707963267949,0.,0.,0.,0.;                                        821P    807
126,1,1,0,0,1,0,0.,0.,0.4,0.4,1.,1.,-4.75948168418117,               823P    808
219.426843408175,0.,-4.75948168418117,219.426843408175,4.,0.,        823P    809
0.4,0.,0.,0.;                                                        823P    810
126,1,1,0,0,1,0,0.,0.,0.482545653204844,0.482545653204844,1.,1.,     825P    811
0.065974847867265,219.426843408175,0.,-4.75948168418117,             825P    812
219.426843408175,0.,0.,0.482545653204844,0.,0.,0.;                   825P    813
126,1,1,0,0,1,0,0.,0.,0.482545653204844,0.482545653204844,1.,1.,     827P    814
0.065974847867265,219.426843408175,4.,-4.75948168418117,             827P    815
219.426843408175,4.,0.,0.482545653204844,0.,0.,0.;                   827P    816
126,1,1,0,0,1,0,0.,0.,0.4,0.4,1.,1.,0.065974847867265,               829P    817
219.426843408175,0.,0.065974847867265,219.426843408175,4.,0.,        829P    818
0.4,0.,0.,0.;                                                        829P    819
126,2,2,0,0,0,0,0.,0.,0.,1.5707963267949,1.5707963267949,            831P    820
1.5707963267949,1.,0.707106781186555,1.,0.065974847867265,           831P    821
219.426843408175,0.,2.25258093072681,219.426843408175,0.,            831P    822
2.25258093072681,217.240237325316,0.,0.,1.5707963267949,0.,0.,       831P    823
0.;                                                                  831P    824
126,2,2,0,0,0,0,-1.5707963267949,-1.5707963267949,                   833P    825
-1.5707963267949,0.,0.,0.,1.,0.707106781186555,1.,                   833P    826
2.25258093072681,217.240237325316,4.,2.25258093072681,               833P    827
219.426843408175,4.,0.065974847867265,219.426843408175,4.,           833P    828
-1.5707963267949,0.,0.,0.,0.;                                        833P    829
126,1,1,0,0,1,0,0.,0.,0.4,0.4,1.,1.,2.25258093072681,                835P    830
217.240237325316,0.,2.25258093072681,217.240237325316,4.,0.,0.4,     835P    831
0.,0.,0.;                                                            835P    832
126,1,1,0,0,1,0,0.,0.,0.424023732531566,0.424023732531566,1.,1.,     837P    833
2.25258093072681,213.,0.,2.25258093072681,217.240237325316,0.,       837P    834
0.,0.424023732531566,0.,0.,0.;                                       837P    835
126,1,1,0,0,1,0,0.,0.,0.424023732531566,0.424023732531566,1.,1.,     839P    836
2.25258093072681,213.,4.,2.25258093072681,217.240237325316,4.,       839P    837
0.,0.424023732531566,0.,0.,0.;                                       839P    838
126,1,1,0,0,1,0,-1.,-1.,-0.6,-0.6,1.,1.,2.25258093072682,213.,       841P    839
0.,2.25258093072682,213.,4.,-1.,-0.6,0.,0.,0.;                       841P    840
126,1,1,0,0,1,0,0.,0.,0.424023732531566,0.424023732531566,1.,1.,     843P    841
-6.94608776704072,217.240237325316,0.,-6.94608776704072,213.,0.,     843P    842
0.,0.424023732531566,0.,0.,0.;                                       843P    843
126,1,1,0,0,1,0,0.6,0.6,1.,1.,1.,1.,-6.94608776704072,213.,4.,       845P    844
-6.94608776704072,213.,0.,0.6,1.,0.,0.,0.;                           845P    845
126,1,1,0,0,1,0,0.,0.,0.424023732531566,0.424023732531566,1.,1.,     847P    846
-6.94608776704072,217.240237325316,4.,-6.94608776704072,213.,4.,     847P    847
0.,0.424023732531566,0.,0.,0.;                                       847P    848
126,1,1,0,0,1,0,4.05740423601947,4.05740423601947,                   849P    849
4.97727110579623,4.97727110579623,1.,1.,2.25258093072681,213.,       849P    850
4.,-6.94608776704072,213.,4.,4.05740423601947,4.97727110579623,      849P    851
0.,0.,0.;                                                            849P    852
126,2,2,0,0,0,0,-0.785398163397448,-0.785398163397448,               851P    853
-0.785398163397448,0.785398163397448,0.785398163397448,              851P    854
0.785398163397448,1.,0.707106781186543,1.,91.,1.99999999999999,      851P    855
2.,96.,1.99999999999999,2.,96.,6.99999999999999,2.,                  851P    856
-0.785398163397448,0.785398163397448,0.,0.,0.;                       851P    857
126,1,1,0,0,1,0,-1.8,-1.8,1.3,1.3,1.,1.,91.,1.99999999999999,2.,     853P    858
91.,1.99999999999999,33.,-1.8,1.3,0.,0.,0.;                          853P    859
126,2,2,0,0,0,0,-0.785398163397448,-0.785398163397448,               855P    860
-0.785398163397448,0.785398163397448,0.785398163397448,              855P    861
0.785398163397448,1.,0.707106781186543,1.,91.,1.99999999999999,      855P    862
33.,96.,1.99999999999999,33.,96.,6.99999999999999,33.,               855P    863
-0.785398163397448,0.785398163397448,0.,0.,0.;                       855P    864
126,1,1,0,0,1,0,-1.3,-1.3,1.8,1.8,1.,1.,96.,6.99999999999999,        857P    865
33.,96.,6.99999999999999,2.,-1.3,1.8,0.,0.,0.;                       857P    866
126,1,1,0,0,1,0,-14.15,-14.15,5.75,5.75,1.,1.,96.,206.,33.,96.,      859P    867
6.99999999999999,33.,-14.15,5.75,0.,0.,0.;                           859P    868
126,1,1,0,0,1,0,-1.8,-1.8,1.3,1.3,1.,1.,96.,206.,2.,96.,206.,        861P    869
33.,-1.8,1.3,0.,0.,0.;                                               861P    870
126,1,1,0,0,1,0,-5.75,-5.75,14.15,14.15,1.,1.,96.,                   863P    871
6.99999999999999,2.,96.,206.,2.,-5.75,14.15,0.,0.,0.;                863P    872
126,1,1,0,0,1,0,8.4424,8.4424,10.0336,10.0336,1.,1.,96.,31.24,       865P    873
26.6310960904523,96.,15.328,26.6310960904523,8.4424,10.0336,0.,      865P    874
0.,0.;                                                               865P    875
126,1,1,0,0,1,0,-0.531729804522617,-0.531729804522617,               867P    876
0.268970195477383,0.268970195477383,1.,1.,96.,15.328,                867P    877
26.6310960904523,96.,15.328,18.6240960904523,-0.531729804522617,     867P    878
0.268970195477383,0.,0.,0.;                                          867P    879
126,1,1,0,0,1,0,-10.0336,-10.0336,-8.4424,-8.4424,1.,1.,96.,         869P    880
15.328,18.6240960904523,96.,31.24,18.6240960904523,-10.0336,         869P    881
-8.4424,0.,0.,0.;                                                    869P    882
126,1,1,0,0,1,0,-0.268970195477383,-0.268970195477383,               871P    883
0.531729804522617,0.531729804522617,1.,1.,96.,31.24,                 871P    884
18.6240960904523,96.,31.24,26.6310960904523,-0.268970195477383,      871P    885
0.531729804522617,0.,0.,0.;                                          871P    886
126,1,1,0,0,1,0,7.2864,7.2864,8.8776,8.8776,1.,1.,96.,54.36,         873P    887
26.6310960904523,96.,38.448,26.6310960904523,7.2864,8.8776,0.,       873P    888
0.,0.;                                                               873P    889
126,1,1,0,0,1,0,-0.531729804522617,-0.531729804522617,               875P    890
0.268970195477383,0.268970195477383,1.,1.,96.,38.448,                875P    891
26.6310960904523,96.,38.448,18.6240960904523,-0.531729804522617,     875P    892
0.268970195477383,0.,0.,0.;                                          875P    893
126,1,1,0,0,1,0,-8.8776,-8.8776,-7.2864,-7.2864,1.,1.,96.,           877P    894
38.448,18.6240960904523,96.,54.36,18.6240960904523,-8.8776,          877P    895
-7.2864,0.,0.,0.;                                                    877P    896
126,1,1,0,0,1,0,-0.268970195477383,-0.268970195477383,               879P    897
0.531729804522617,0.531729804522617,1.,1.,96.,54.36,                 879P    898
18.6240960904523,96.,54.36,26.6310960904523,-0.268970195477383,      879P    899
0.531729804522617,0.,0.,0.;                                          879P    900
126,1,1,0,0,1,0,6.1304,6.1304,7.7216,7.7216,1.,1.,96.,77.48,         881P    901
26.6310960904523,96.,61.568,26.6310960904523,6.1304,7.7216,0.,       881P    902
0.,0.;                                                               881P    903
126,1,1,0,0,1,0,-0.531729804522617,-0.531729804522617,               883P    904
0.268970195477383,0.268970195477383,1.,1.,96.,61.568,                883P    905
26.6310960904523,96.,61.568,18.6240960904523,-0.531729804522617,     883P    906
0.268970195477383,0.,0.,0.;                                          883P    907
126,1,1,0,0,1,0,-7.7216,-7.7216,-6.1304,-6.1304,1.,1.,96.,           885P    908
61.568,18.6240960904523,96.,77.48,18.6240960904523,-7.7216,          885P    909
-6.1304,0.,0.,0.;                                                    885P    910
126,1,1,0,0,1,0,-0.268970195477383,-0.268970195477383,               887P    911
0.531729804522617,0.531729804522617,1.,1.,96.,77.48,                 887P    912
18.6240960904523,96.,77.48,26.6310960904523,-0.268970195477383,      887P    913
0.531729804522617,0.,0.,0.;                                          887P    914
126,1,1,0,0,1,0,4.9744,4.9744,6.5656,6.5656,1.,1.,96.,100.6,         889P    915
26.6310960904523,96.,84.688,26.6310960904523,4.9744,6.5656,0.,       889P    916
0.,0.;                                                               889P    917
126,1,1,0,0,1,0,-0.531729804522617,-0.531729804522617,               891P    918
0.268970195477383,0.268970195477383,1.,1.,96.,84.688,                891P    919
26.6310960904523,96.,84.688,18.6240960904523,-0.531729804522617,     891P    920
0.268970195477383,0.,0.,0.;                                          891P    921
126,1,1,0,0,1,0,-6.5656,-6.5656,-4.9744,-4.9744,1.,1.,96.,           893P    922
84.688,18.6240960904523,96.,100.6,18.6240960904523,-6.5656,          893P    923
-4.9744,0.,0.,0.;                                                    893P    924
126,1,1,0,0,1,0,-0.268970195477383,-0.268970195477383,               895P    925
0.531729804522617,0.531729804522617,1.,1.,96.,100.6,                 895P    926
18.6240960904523,96.,100.6,26.6310960904523,-0.268970195477383,      895P    927
0.531729804522617,0.,0.,0.;                                          895P    928
126,2,2,0,0,0,0,-0.785398163397449,-0.785398163397449,               897P    929
-0.785398163397449,0.785398163397448,0.785398163397448,              897P    930
0.785398163397448,1.,0.707106781186547,1.,-18.,6.99999999999999,     897P    931
2.,-18.,1.99999999999999,2.,-13.,1.99999999999999,2.,                897P    932
-0.785398163397449,0.785398163397448,0.,0.,0.;                       897P    933
126,1,1,0,0,1,0,-1.8,-1.8,1.3,1.3,1.,1.,-18.,6.99999999999999,       899P    934
2.,-18.,6.99999999999999,33.,-1.8,1.3,0.,0.,0.;                      899P    935
126,2,2,0,0,0,0,-0.785398163397449,-0.785398163397449,               901P    936
-0.785398163397449,0.785398163397448,0.785398163397448,              901P    937
0.785398163397448,1.,0.707106781186547,1.,-18.,6.99999999999999,     901P    938
33.,-18.,1.99999999999999,33.,-13.,1.99999999999999,33.,             901P    939
-0.785398163397449,0.785398163397448,0.,0.,0.;                       901P    940
126,1,1,0,0,1,0,-1.3,-1.3,1.8,1.8,1.,1.,-13.,1.99999999999999,       903P    941
33.,-13.,1.99999999999999,2.,-1.3,1.8,0.,0.,0.;                      903P    942
126,1,1,0,0,1,0,-2.75,-2.75,7.65,7.65,1.,1.,-13.,                    905P    943
1.99999999999999,2.,91.,1.99999999999999,2.,-2.75,7.65,0.,0.,0.;     905P    944
126,1,1,0,0,1,0,-7.65,-7.65,2.75,2.75,1.,1.,91.,                     907P    945
1.99999999999999,33.,-13.,1.99999999999999,33.,-7.65,2.75,0.,0.,     907P    946
0.;                                                                  907P    947
126,1,1,0,0,1,0,-4.54610900987895,-4.54610900987895,                 909P    948
-2.20601496588229,-2.20601496588229,1.,1.,8.47876024238761,          909P    949
1.99999999999999,18.1650120567515,31.8797006823542,                  909P    950
1.99999999999999,18.1650120567515,-4.54610900987895,                 909P    951
-2.20601496588229,0.,0.,0.;                                          909P    952
126,2,2,0,0,0,0,0.,0.,0.,1.5707963267949,1.5707963267949,            911P    953
1.5707963267949,1.,0.707106781186548,1.,31.8797006823542,            911P    954
1.99999999999999,18.1650120567515,35.3797006823542,                  911P    955
1.99999999999999,18.1650120567515,35.3797006823542,                  911P    956
1.99999999999999,21.6650120567515,0.,1.5707963267949,0.,0.,0.;       911P    957
126,1,1,0,0,1,0,-0.0593218530918622,-0.0593218530918622,             913P    958
0.225823058767015,0.225823058767015,1.,1.,35.3797006823542,          913P    959
1.99999999999999,21.6650120567515,35.3797006823542,                  913P    960
1.99999999999999,24.5164611753403,-0.0593218530918622,               913P    961
0.225823058767015,0.,0.,0.;                                          913P    962
126,2,2,0,0,0,0,1.26882631385732D-15,1.26882631385732D-15,           915P    963
1.26882631385732D-15,1.5707963267949,1.5707963267949,                915P    964
1.5707963267949,1.,0.707106781186548,1.,35.3797006823542,            915P    965
1.99999999999999,24.5164611753403,35.3797006823542,                  915P    966
1.99999999999999,28.0164611753403,31.8797006823542,                  915P    967
1.99999999999999,28.0164611753403,1.26882631385732D-15,              915P    968
1.5707963267949,0.,0.,0.;                                            915P    969
126,1,1,0,0,1,0,1.03596794388396,1.03596794388396,                   917P    970
3.37606198788062,3.37606198788062,1.,1.,31.8797006823542,            917P    971
1.99999999999999,28.0164611753403,8.47876024238761,                  917P    972
1.99999999999999,28.0164611753403,1.03596794388396,                  917P    973
3.37606198788062,0.,0.,0.;                                           917P    974
126,2,2,0,0,0,0,-3.1720657846433D-16,-3.1720657846433D-16,           919P    975
-3.1720657846433D-16,1.5707963267949,1.5707963267949,                919P    976
1.5707963267949,1.,0.707106781186547,1.,8.47876024238761,            919P    977
1.99999999999999,28.0164611753403,4.97876024238761,                  919P    978
1.99999999999999,28.0164611753403,4.97876024238761,                  919P    979
1.99999999999999,24.5164611753403,-3.1720657846433D-16,              919P    980
1.5707963267949,0.,0.,0.;                                            919P    981
126,1,1,0,0,1,0,-0.368395514696452,-0.368395514696452,               921P    982
-0.0832506028375746,-0.0832506028375746,1.,1.,4.97876024238762,      921P    983
1.99999999999999,24.5164611753403,4.97876024238762,                  921P    984
1.99999999999999,21.6650120567515,-0.368395514696452,                921P    985
-0.0832506028375746,0.,0.,0.;                                        921P    986
126,2,2,0,0,0,0,1.26882631385732D-15,1.26882631385732D-15,           923P    987
1.26882631385732D-15,1.5707963267949,1.5707963267949,                923P    988
1.5707963267949,1.,0.707106781186546,1.,4.97876024238761,            923P    989
1.99999999999999,21.6650120567515,4.97876024238761,                  923P    990
1.99999999999999,18.1650120567515,8.47876024238761,                  923P    991
1.99999999999999,18.1650120567515,1.26882631385732D-15,              923P    992
1.5707963267949,0.,0.,0.;                                            923P    993
126,2,2,0,0,0,0,-0.785398163397448,-0.785398163397448,               925P    994
-0.785398163397448,0.785398163397448,0.785398163397448,              925P    995
0.785398163397448,1.,0.707106781186543,1.,98.,5.,33.,98.,            925P    996
1.11022302462516D-15,33.,93.,1.11022302462516D-15,33.,               925P    997
-0.785398163397448,0.785398163397448,0.,0.,0.;                       925P    998
126,1,1,0,0,1,0,-1.3,-1.3,2.,2.,1.,1.,93.,0.,33.,93.,0.,0.,-1.3,     927P    999
2.,0.,0.,0.;                                                         927P   1000
126,2,2,0,0,0,0,-0.785398163397448,-0.785398163397448,               929P   1001
-0.785398163397448,0.785398163397448,0.785398163397448,              929P   1002
0.785398163397448,1.,0.707106781186543,1.,93.,                       929P   1003
1.11022302462516D-15,0.,98.,1.11022302462516D-15,0.,98.,5.,0.,       929P   1004
-0.785398163397448,0.785398163397448,0.,0.,0.;                       929P   1005
126,1,1,0,0,1,0,-2.,-2.,1.3,1.3,1.,1.,98.,5.,0.,98.,5.,33.,-2.,      931P   1006
1.3,0.,0.,0.;                                                        931P   1007
126,1,1,0,0,1,0,9.49460877670408,9.49460877670408,10.3,10.3,1.,      933P   1008
1.,84.9460877670408,0.,0.,93.,0.,0.,9.49460877670408,10.3,0.,0.,     933P   1009
0.;                                                                  933P   1010
126,1,1,0,0,1,0,-0.5,-0.5,10.3,10.3,1.,1.,-15.,0.,33.,93.,0.,        935P   1011
33.,-0.5,10.3,0.,0.,0.;                                              935P   1012
126,1,1,0,0,1,0,-2.,-2.,1.3,1.3,1.,1.,-15.,0.,0.,-15.,0.,33.,        937P   1013
-2.,1.3,0.,0.,0.;                                                    937P   1014
126,1,1,0,0,1,0,-0.5,-0.5,0.305391223295931,0.305391223295931,       939P   1015
1.,1.,-15.,0.,0.,-6.94608776704069,0.,0.,-0.5,0.305391223295931,     939P   1016
0.,0.,0.;                                                            939P   1017
126,1,1,0,0,1,0,1.22525809307269,1.22525809307269,                   941P   1018
8.57474190692732,8.57474190692732,1.,1.,2.25258093072686,0.,0.,      941P   1019
75.7474190692732,0.,0.,1.22525809307269,8.57474190692732,0.,0.,      941P   1020
0.;                                                                  941P   1021
126,1,1,0,0,1,0,-2.59398503411771,-2.59398503411771,                 943P   1022
-0.253890990121052,-0.253890990121052,1.,1.,31.8797006823542,0.,     943P   1023
18.1650120567515,8.47876024238761,0.,18.1650120567515,               943P   1024
-2.59398503411771,-0.253890990121052,0.,0.,0.;                       943P   1025
126,2,2,0,0,0,0,-1.5707963267949,-1.5707963267949,                   945P   1026
-1.5707963267949,-1.26882631385732D-15,-1.26882631385732D-15,        945P   1027
-1.26882631385732D-15,1.,0.707106781186546,1.,8.47876024238761,      945P   1028
0.,18.1650120567515,4.97876024238761,0.,18.1650120567515,            945P   1029
4.97876024238761,0.,21.6650120567515,-1.5707963267949,               945P   1030
-1.26882631385732D-15,0.,0.,0.;                                      945P   1031
126,1,1,0,0,1,0,0.0832506028375763,0.0832506028375763,               947P   1032
0.368395514696454,0.368395514696454,1.,1.,4.97876024238761,0.,       947P   1033
21.6650120567515,4.97876024238761,0.,24.5164611753403,               947P   1034
0.0832506028375763,0.368395514696454,0.,0.,0.;                       947P   1035
126,2,2,0,0,0,0,-1.5707963267949,-1.5707963267949,                   949P   1036
-1.5707963267949,3.1720657846433D-16,3.1720657846433D-16,            949P   1037
3.1720657846433D-16,1.,0.707106781186547,1.,4.97876024238761,0.,     949P   1038
24.5164611753403,4.97876024238761,0.,28.0164611753403,               949P   1039
8.47876024238761,0.,28.0164611753403,-1.5707963267949,               949P   1040
3.1720657846433D-16,0.,0.,0.;                                        949P   1041
126,1,1,0,0,1,0,1.42393801211938,1.42393801211938,                   951P   1042
3.76403205611604,3.76403205611604,1.,1.,8.47876024238761,0.,         951P   1043
28.0164611753403,31.8797006823542,0.,28.0164611753403,               951P   1044
1.42393801211938,3.76403205611604,0.,0.,0.;                          951P   1045
126,2,2,0,0,0,0,-1.5707963267949,-1.5707963267949,                   953P   1046
-1.5707963267949,-1.26882631385732D-15,-1.26882631385732D-15,        953P   1047
-1.26882631385732D-15,1.,0.707106781186548,1.,31.8797006823542,      953P   1048
0.,28.0164611753403,35.3797006823542,0.,28.0164611753403,            953P   1049
35.3797006823542,0.,24.5164611753403,-1.5707963267949,               953P   1050
-1.26882631385732D-15,0.,0.,0.;                                      953P   1051
126,1,1,0,0,1,0,-0.225823058767015,-0.225823058767015,               955P   1052
0.0593218530918622,0.0593218530918622,1.,1.,35.3797006823542,0.,     955P   1053
24.5164611753403,35.3797006823542,0.,21.6650120567515,               955P   1054
-0.225823058767015,0.0593218530918622,0.,0.,0.;                      955P   1055
126,2,2,0,0,0,0,-1.5707963267949,-1.5707963267949,                   957P   1056
-1.5707963267949,0.,0.,0.,1.,0.707106781186548,1.,                   957P   1057
35.3797006823542,0.,21.6650120567515,35.3797006823542,0.,            957P   1058
18.1650120567515,31.8797006823542,0.,18.1650120567515,               957P   1059
-1.5707963267949,0.,0.,0.,0.;                                        957P   1060
126,1,1,0,0,1,0,-1.5,-1.5,18.8,18.8,1.,1.,98.,5.,33.,98.,208.,       959P   1061
33.,-1.5,18.8,0.,0.,0.;                                              959P   1062
126,2,2,0,0,0,0,-0.785398163397448,-0.785398163397448,               961P   1063
-0.785398163397448,0.785398163397448,0.785398163397448,              961P   1064
0.785398163397448,1.,0.707106781186539,1.,93.,213.,33.,98.,213.,     961P   1065
33.,98.,208.,33.,-0.785398163397448,0.785398163397448,0.,0.,0.;      961P   1066
126,1,1,0,0,1,0,-0.5,-0.5,10.3,10.3,1.,1.,93.,213.,33.,-15.,         963P   1067
213.,33.,-0.5,10.3,0.,0.,0.;                                         963P   1068
126,2,2,0,0,0,0,-0.785398163397448,-0.785398163397448,               965P   1069
-0.785398163397448,0.785398163397448,0.785398163397448,              965P   1070
0.785398163397448,1.,0.707106781186543,1.,-20.,208.,33.,-20.,        965P   1071
213.,33.,-15.,213.,33.,-0.785398163397448,0.785398163397448,0.,      965P   1072
0.,0.;                                                               965P   1073
126,1,1,0,0,1,0,-1.,-1.,19.3,19.3,1.,1.,-20.,208.,33.,-20.,5.,       967P   1074
33.,-1.,19.3,0.,0.,0.;                                               967P   1075
126,2,2,0,0,0,0,-0.785398163397448,-0.785398163397448,               969P   1076
-0.785398163397448,0.785398163397448,0.785398163397448,              969P   1077
0.785398163397448,1.,0.707106781186547,1.,-15.,                      969P   1078
1.11022302462516D-15,33.,-20.,1.11022302462516D-15,33.,-20.,5.,      969P   1079
33.,-0.785398163397448,0.785398163397448,0.,0.,0.;                   969P   1080
126,1,1,0,0,1,0,-14.65,-14.65,5.25,5.25,1.,1.,-18.,                  971P   1081
6.99999999999999,33.,-18.,206.,33.,-14.65,5.25,0.,0.,0.;             971P   1082
126,2,2,0,0,0,0,-0.785398163397448,-0.785398163397448,               973P   1083
-0.785398163397448,0.785398163397448,0.785398163397448,              973P   1084
0.785398163397448,1.,0.707106781186543,1.,-13.,211.,33.,-18.,        973P   1085
211.,33.,-18.,206.,33.,-0.785398163397448,0.785398163397448,0.,      973P   1086
0.,0.;                                                               973P   1087
126,1,1,0,0,1,0,-7.65,-7.65,2.75,2.75,1.,1.,-13.,211.,33.,91.,       975P   1088
211.,33.,-7.65,2.75,0.,0.,0.;                                        975P   1089
126,2,2,0,0,0,0,-0.785398163397448,-0.785398163397448,               977P   1090
-0.785398163397448,0.785398163397448,0.785398163397448,              977P   1091
0.785398163397448,1.,0.707106781186539,1.,96.,206.,33.,96.,211.,     977P   1092
33.,91.,211.,33.,-0.785398163397448,0.785398163397448,0.,0.,0.;      977P   1093
126,2,2,0,0,0,0,-0.785398163397448,-0.785398163397448,               979P   1094
-0.785398163397448,0.785398163397448,0.785398163397448,              979P   1095
0.785398163397448,1.,0.707106781186547,1.,-20.,5.,0.,-20.,           979P   1096
1.11022302462516D-15,0.,-15.,1.11022302462516D-15,0.,                979P   1097
-0.785398163397448,0.785398163397448,0.,0.,0.;                       979P   1098
126,1,1,0,0,1,0,-1.3,-1.3,2.,2.,1.,1.,-20.,5.,33.,-20.,5.,0.,        981P   1099
-1.3,2.,0.,0.,0.;                                                    981P   1100
126,1,1,0,0,1,0,-5.25,-5.25,14.65,14.65,1.,1.,-18.,206.,2.,-18.,     983P   1101
6.99999999999999,2.,-5.25,14.65,0.,0.,0.;                            983P   1102
126,1,1,0,0,1,0,-1.3,-1.3,1.8,1.8,1.,1.,-18.,206.,33.,-18.,206.,     985P   1103
2.,-1.3,1.8,0.,0.,0.;                                                985P   1104
126,1,1,0,0,1,0,-0.623323058767071,-0.623323058767071,               987P   1105
-0.0533230587670706,-0.0533230587670706,1.,1.,-18.,                  987P   1106
179.705367687912,26.7664611753403,-18.,179.705367687912,             987P   1107
21.0664611753403,-0.623323058767071,-0.0533230587670706,0.,0.,       987P   1108
0.;                                                                  987P   1109
126,2,2,0,0,0,0,1.4210854715202D-14,1.4210854715202D-14,             989P   1110
1.4210854715202D-14,1.5707963267949,1.5707963267949,                 989P   1111
1.5707963267949,1.,0.707106781186564,1.,-18.,179.705367687912,       989P   1112
21.0664611753403,-18.,179.705367687912,19.8164611753403,-18.,        989P   1113
178.455367687912,19.8164611753403,1.4210854715202D-14,               989P   1114
1.5707963267949,0.,0.,0.;                                            989P   1115
126,1,1,0,0,1,0,-7.54526838439562,-7.54526838439562,                 991P   1116
-6.10026838439562,-6.10026838439562,1.,1.,-18.,178.455367687912,     991P   1117
19.8164611753403,-18.,164.005367687912,19.8164611753403,             991P   1118
-7.54526838439562,-6.10026838439562,0.,0.,0.;                        991P   1119
126,1,1,0,0,1,0,-0.419176941232985,-0.419176941232985,               993P   1120
0.400823058767015,0.400823058767015,1.,1.,-18.,164.005367687912,     993P   1121
19.8164611753403,-18.,164.005367687912,28.0164611753403,             993P   1122
-0.419176941232985,0.400823058767015,0.,0.,0.;                       993P   1123
126,1,1,0,0,1,0,5.37776838439562,5.37776838439562,                   995P   1124
6.82276838439562,6.82276838439562,1.,1.,-18.,164.005367687912,       995P   1125
28.0164611753403,-18.,178.455367687912,28.0164611753403,             995P   1126
5.37776838439562,6.82276838439562,0.,0.,0.;                          995P   1127
126,2,2,0,0,0,0,0.,0.,0.,1.5707963267949,1.5707963267949,            997P   1128
1.5707963267949,1.,0.707106781186566,1.,-18.,178.455367687912,       997P   1129
28.0164611753403,-18.,179.705367687912,28.0164611753403,-18.,        997P   1130
179.705367687912,26.7664611753403,0.,1.5707963267949,0.,0.,0.;       997P   1131
126,1,1,0,0,1,0,0.483259999999999,0.483259999999999,1.02794,         999P   1132
1.02794,1.,1.,-18.,32.3348,17.5614611753403,-18.,26.888,             999P   1133
17.5614611753403,0.483259999999999,1.02794,0.,0.,0.;                 999P   1134
126,1,1,0,0,1,0,-0.121926941232985,-0.121926941232985,              1001P   1135
0.774635594037687,0.774635594037687,1.,1.,-18.,26.888,              1001P   1136
17.5614611753403,-18.,26.888,26.527086528047,-0.121926941232985,    1001P   1137
0.774635594037687,0.,0.,0.;                                         1001P   1138
126,1,1,0,0,1,0,1.04222920415922,1.04222920415922,                  1003P   1139
1.23500920415922,1.23500920415922,1.,1.,-18.,26.888,                1003P   1140
26.527086528047,-18.,28.112,28.0164611753403,1.04222920415922,      1003P   1141
1.23500920415922,0.,0.,0.;                                          1003P   1142
126,1,1,0,0,1,0,-0.694399999999999,-0.694399999999999,-0.39452,     1005P   1143
-0.39452,1.,1.,-18.,28.112,28.0164611753403,-18.,31.1108,           1005P   1144
28.0164611753403,-0.694399999999999,-0.39452,0.,0.,0.;              1005P   1145
126,1,1,0,0,1,0,0.614485557745544,0.614485557745544,                1007P   1146
0.807265557745545,0.807265557745545,1.,1.,-18.,31.1108,             1007P   1147
28.0164611753403,-18.,32.3348,26.527086528047,0.614485557745544,    1007P   1148
0.807265557745545,0.,0.,0.;                                         1007P   1149
126,1,1,0,0,1,0,-0.326354326402351,-0.326354326402351,              1009P   1150
0.570208208868321,0.570208208868321,1.,1.,-18.,32.3348,             1009P   1151
26.527086528047,-18.,32.3348,17.5614611753403,                      1009P   1152
-0.326354326402351,0.570208208868321,0.,0.,0.;                      1009P   1153
126,1,1,0,0,1,0,-3.88574,-3.88574,-3.34106,-3.34106,1.,1.,-18.,     1011P   1154
119.7148,17.5614611753403,-18.,114.268,17.5614611753403,            1011P   1155
-3.88574,-3.34106,0.,0.,0.;                                         1011P   1156
126,1,1,0,0,1,0,-0.121926941232985,-0.121926941232985,              1013P   1157
0.774635594037687,0.774635594037687,1.,1.,-18.,114.268,             1013P   1158
17.5614611753403,-18.,114.268,26.527086528047,                      1013P   1159
-0.121926941232985,0.774635594037687,0.,0.,0.;                      1013P   1160
126,1,1,0,0,1,0,3.81619745812747,3.81619745812747,                  1015P   1161
4.00897745812747,4.00897745812747,1.,1.,-18.,114.268,               1015P   1162
26.527086528047,-18.,115.492,28.0164611753403,3.81619745812747,     1015P   1163
4.00897745812747,0.,0.,0.;                                          1015P   1164
126,1,1,0,0,1,0,3.6746,3.6746,3.97448,3.97448,1.,1.,-18.,           1017P   1165
115.492,28.0164611753403,-18.,118.4908,28.0164611753403,3.6746,     1017P   1166
3.97448,0.,0.,0.;                                                   1017P   1167
126,1,1,0,0,1,0,3.3884538117138,3.3884538117138,3.5812338117138,    1019P   1168
3.5812338117138,1.,1.,-18.,118.4908,28.0164611753403,-18.,          1019P   1169
119.7148,26.527086528047,3.3884538117138,3.5812338117138,0.,0.,     1019P   1170
0.;                                                                 1019P   1171
126,1,1,0,0,1,0,-0.326354326402352,-0.326354326402352,              1021P   1172
0.570208208868321,0.570208208868321,1.,1.,-18.,119.7148,            1021P   1173
26.527086528047,-18.,119.7148,17.5614611753403,                     1021P   1174
-0.326354326402352,0.570208208868321,0.,0.,0.;                      1021P   1175
126,1,1,0,0,1,0,-3.26099,-3.26099,-2.71631,-2.71631,1.,1.,-18.,     1023P   1176
107.2198,17.5614611753403,-18.,101.773,17.5614611753403,            1023P   1177
-3.26099,-2.71631,0.,0.,0.;                                         1023P   1178
126,1,1,0,0,1,0,-0.121926941232985,-0.121926941232985,              1025P   1179
0.774635594037687,0.774635594037687,1.,1.,-18.,101.773,             1025P   1180
17.5614611753403,-18.,101.773,26.527086528047,                      1025P   1181
-0.121926941232985,0.774635594037687,0.,0.,0.;                      1025P   1182
126,1,1,0,0,1,0,3.41953079146081,3.41953079146081,                  1027P   1183
3.6123107914608,3.6123107914608,1.,1.,-18.,101.773,                 1027P   1184
26.527086528047,-18.,102.997,28.0164611753403,3.41953079146081,     1027P   1185
3.6123107914608,0.,0.,0.;                                           1027P   1186
126,1,1,0,0,1,0,3.04985,3.04985,3.34973,3.34973,1.,1.,-18.,         1029P   1187
102.997,28.0164611753403,-18.,105.9958,28.0164611753403,3.04985,    1029P   1188
3.34973,0.,0.,0.;                                                   1029P   1189
126,1,1,0,0,1,0,2.99178714504713,2.99178714504713,                  1031P   1190
3.18456714504713,3.18456714504713,1.,1.,-18.,105.9958,              1031P   1191
28.0164611753403,-18.,107.2198,26.527086528047,2.99178714504713,    1031P   1192
3.18456714504713,0.,0.,0.;                                          1031P   1193
126,1,1,0,0,1,0,-0.326354326402352,-0.326354326402352,              1033P   1194
0.570208208868321,0.570208208868321,1.,1.,-18.,107.2198,            1033P   1195
26.527086528047,-18.,107.2198,17.5614611753403,                     1033P   1196
-0.326354326402352,0.570208208868321,0.,0.,0.;                      1033P   1197
126,1,1,0,0,1,0,-2.63624,-2.63624,-2.09156,-2.09156,1.,1.,-18.,     1035P   1198
94.7248,17.5614611753403,-18.,89.278,17.5614611753403,-2.63624,     1035P   1199
-2.09156,0.,0.,0.;                                                  1035P   1200
126,1,1,0,0,1,0,-0.121926941232985,-0.121926941232985,              1037P   1201
0.774635594037687,0.774635594037687,1.,1.,-18.,89.278,              1037P   1202
17.5614611753403,-18.,89.278,26.527086528047,-0.121926941232985,    1037P   1203
0.774635594037687,0.,0.,0.;                                         1037P   1204
126,1,1,0,0,1,0,3.02286412479414,3.02286412479414,                  1039P   1205
3.21564412479414,3.21564412479414,1.,1.,-18.,89.278,                1039P   1206
26.527086528047,-18.,90.502,28.0164611753403,3.02286412479414,      1039P   1207
3.21564412479414,0.,0.,0.;                                          1039P   1208
126,1,1,0,0,1,0,2.4251,2.4251,2.72498,2.72498,1.,1.,-18.,90.502,    1041P   1209
28.0164611753403,-18.,93.5008,28.0164611753403,2.4251,2.72498,      1041P   1210
0.,0.,0.;                                                           1041P   1211
126,1,1,0,0,1,0,2.59512047838046,2.59512047838046,                  1043P   1212
2.78790047838047,2.78790047838047,1.,1.,-18.,93.5008,               1043P   1213
28.0164611753403,-18.,94.7248,26.527086528047,2.59512047838046,     1043P   1214
2.78790047838047,0.,0.,0.;                                          1043P   1215
126,1,1,0,0,1,0,-0.326354326402349,-0.326354326402349,              1045P   1216
0.570208208868321,0.570208208868321,1.,1.,-18.,94.7248,             1045P   1217
26.527086528047,-18.,94.7248,17.5614611753403,                      1045P   1218
-0.326354326402349,0.570208208868321,0.,0.,0.;                      1045P   1219
126,1,1,0,0,1,0,-2.01149,-2.01149,-1.46681,-1.46681,1.,1.,-18.,     1047P   1220
82.2298,17.5614611753403,-18.,76.783,17.5614611753403,-2.01149,     1047P   1221
-1.46681,0.,0.,0.;                                                  1047P   1222
126,1,1,0,0,1,0,-0.121926941232985,-0.121926941232985,              1049P   1223
0.774635594037687,0.774635594037687,1.,1.,-18.,76.783,              1049P   1224
17.5614611753403,-18.,76.783,26.527086528047,-0.121926941232985,    1049P   1225
0.774635594037687,0.,0.,0.;                                         1049P   1226
126,1,1,0,0,1,0,2.62619745812747,2.62619745812747,                  1051P   1227
2.81897745812747,2.81897745812747,1.,1.,-18.,76.783,                1051P   1228
26.527086528047,-18.,78.007,28.0164611753403,2.62619745812747,      1051P   1229
2.81897745812747,0.,0.,0.;                                          1051P   1230
126,1,1,0,0,1,0,1.80035,1.80035,2.10023,2.10023,1.,1.,-18.,         1053P   1231
78.007,28.0164611753403,-18.,81.0058,28.0164611753403,1.80035,      1053P   1232
2.10023,0.,0.,0.;                                                   1053P   1233
126,1,1,0,0,1,0,2.1984538117138,2.1984538117138,2.3912338117138,    1055P   1234
2.3912338117138,1.,1.,-18.,81.0058,28.0164611753403,-18.,           1055P   1235
82.2298,26.527086528047,2.1984538117138,2.3912338117138,0.,0.,      1055P   1236
0.;                                                                 1055P   1237
126,1,1,0,0,1,0,-0.326354326402352,-0.326354326402352,              1057P   1238
0.570208208868321,0.570208208868321,1.,1.,-18.,82.2298,             1057P   1239
26.527086528047,-18.,82.2298,17.5614611753403,                      1057P   1240
-0.326354326402352,0.570208208868321,0.,0.,0.;                      1057P   1241
126,1,1,0,0,1,0,-1.38674,-1.38674,-0.84206,-0.84206,1.,1.,-18.,     1059P   1242
69.7348,17.5614611753403,-18.,64.288,17.5614611753403,-1.38674,     1059P   1243
-0.84206,0.,0.,0.;                                                  1059P   1244
126,1,1,0,0,1,0,-0.121926941232985,-0.121926941232985,              1061P   1245
0.774635594037687,0.774635594037687,1.,1.,-18.,64.288,              1061P   1246
17.5614611753403,-18.,64.288,26.527086528047,-0.121926941232985,    1061P   1247
0.774635594037687,0.,0.,0.;                                         1061P   1248
126,1,1,0,0,1,0,2.2295307914608,2.2295307914608,2.4223107914608,    1063P   1249
2.4223107914608,1.,1.,-18.,64.288,26.527086528047,-18.,65.512,      1063P   1250
28.0164611753403,2.2295307914608,2.4223107914608,0.,0.,0.;          1063P   1251
126,1,1,0,0,1,0,1.1756,1.1756,1.47548,1.47548,1.,1.,-18.,65.512,    1065P   1252
28.0164611753403,-18.,68.5108,28.0164611753403,1.1756,1.47548,      1065P   1253
0.,0.,0.;                                                           1065P   1254
126,1,1,0,0,1,0,1.80178714504713,1.80178714504713,                  1067P   1255
1.99456714504713,1.99456714504713,1.,1.,-18.,68.5108,               1067P   1256
28.0164611753403,-18.,69.7348,26.527086528047,1.80178714504713,     1067P   1257
1.99456714504713,0.,0.,0.;                                          1067P   1258
126,1,1,0,0,1,0,-0.32635432640235,-0.32635432640235,                1069P   1259
0.570208208868321,0.570208208868321,1.,1.,-18.,69.7348,             1069P   1260
26.527086528047,-18.,69.7348,17.5614611753403,-0.32635432640235,    1069P   1261
0.570208208868321,0.,0.,0.;                                         1069P   1262
126,1,1,0,0,1,0,-0.451740000000001,-0.451740000000001,              1071P   1263
0.0929399999999987,0.0929399999999987,1.,1.,-18.,51.0348,           1071P   1264
17.5614611753403,-18.,45.588,17.5614611753403,                      1071P   1265
-0.451740000000001,0.0929399999999987,0.,0.,0.;                     1071P   1266
126,1,1,0,0,1,0,-0.121926941232985,-0.121926941232985,              1073P   1267
0.774635594037687,0.774635594037687,1.,1.,-18.,45.588,              1073P   1268
17.5614611753403,-18.,45.588,26.527086528047,-0.121926941232985,    1073P   1269
0.774635594037687,0.,0.,0.;                                         1073P   1270
126,1,1,0,0,1,0,1.63587999781001,1.63587999781001,                  1075P   1271
1.82865999781001,1.82865999781001,1.,1.,-18.,45.588,                1075P   1272
26.527086528047,-18.,46.812,28.0164611753403,1.63587999781001,      1075P   1273
1.82865999781001,0.,0.,0.;                                          1075P   1274
126,1,1,0,0,1,0,0.240600000000001,0.240600000000001,                1077P   1275
0.540480000000001,0.540480000000001,1.,1.,-18.,46.812,              1077P   1276
28.0164611753403,-18.,49.8108,28.0164611753403,                     1077P   1277
0.240600000000001,0.540480000000001,0.,0.,0.;                       1077P   1278
126,1,1,0,0,1,0,1.20813635139634,1.20813635139634,                  1079P   1279
1.40091635139634,1.40091635139634,1.,1.,-18.,49.8108,               1079P   1280
28.0164611753403,-18.,51.0348,26.527086528047,1.20813635139634,     1079P   1281
1.40091635139634,0.,0.,0.;                                          1079P   1282
126,1,1,0,0,1,0,-0.326354326402352,-0.326354326402352,              1081P   1283
0.570208208868321,0.570208208868321,1.,1.,-18.,51.0348,             1081P   1284
26.527086528047,-18.,51.0348,17.5614611753403,                      1081P   1285
-0.326354326402352,0.570208208868321,0.,0.,0.;                      1081P   1286
126,1,1,0,0,1,0,1.41826,1.41826,1.96294,1.96294,1.,1.,-18.,         1083P   1287
13.6348,17.5614611753403,-18.,8.18800000000001,17.5614611753403,    1083P   1288
1.41826,1.96294,0.,0.,0.;                                           1083P   1289
126,1,1,0,0,1,0,-0.121926941232985,-0.121926941232985,              1085P   1290
0.774635594037687,0.774635594037687,1.,1.,-18.,8.18800000000002,    1085P   1291
17.5614611753403,-18.,8.18800000000002,26.527086528047,             1085P   1292
-0.121926941232985,0.774635594037687,0.,0.,0.;                      1085P   1293
126,1,1,0,0,1,0,0.448578410508425,0.448578410508425,                1087P   1294
0.641358410508425,0.641358410508425,1.,1.,-18.,8.18800000000002,    1087P   1295
26.527086528047,-18.,9.41200000000002,28.0164611753403,             1087P   1296
0.448578410508425,0.641358410508425,0.,0.,0.;                       1087P   1297
126,1,1,0,0,1,0,-1.6294,-1.6294,-1.32952,-1.32952,1.,1.,-18.,       1089P   1298
9.41200000000001,28.0164611753403,-18.,12.4108,28.0164611753403,    1089P   1299
-1.6294,-1.32952,0.,0.,0.;                                          1089P   1300
126,1,1,0,0,1,0,0.0208347640947511,0.0208347640947511,              1091P   1301
0.213614764094751,0.213614764094751,1.,1.,-18.,12.4108,             1091P   1302
28.0164611753403,-18.,13.6348,26.527086528047,                      1091P   1303
0.0208347640947511,0.213614764094751,0.,0.,0.;                      1091P   1304
126,1,1,0,0,1,0,-0.326354326402351,-0.326354326402351,              1093P   1305
0.570208208868321,0.570208208868321,1.,1.,-18.,13.6348,             1093P   1306
26.527086528047,-18.,13.6348,17.5614611753403,                      1093P   1307
-0.326354326402351,0.570208208868321,0.,0.,0.;                      1093P   1308
126,1,1,0,0,1,0,3.8768896378124,3.8768896378124,4.8768896378124,    1095P   1309
4.8768896378124,1.,1.,-18.,129.537792756248,28.0164611753403,       1095P   1310
-18.,139.537792756248,28.0164611753403,3.8768896378124,             1095P   1311
4.8768896378124,0.,0.,0.;                                           1095P   1312
126,1,1,0,0,1,0,-0.690823058767015,-0.690823058767015,              1097P   1313
-0.110823058767015,-0.110823058767015,1.,1.,-18.,                   1097P   1314
139.537792756248,28.0164611753403,-18.,139.537792756248,            1097P   1315
22.2164611753403,-0.690823058767015,-0.110823058767015,0.,0.,0.;    1097P   1316
126,1,1,0,0,1,0,-5.3768896378124,-5.3768896378124,                  1099P   1317
-4.3768896378124,-4.3768896378124,1.,1.,-18.,139.537792756248,      1099P   1318
22.2164611753403,-18.,129.537792756248,22.2164611753403,            1099P   1319
-5.3768896378124,-4.3768896378124,0.,0.,0.;                         1099P   1320
126,1,1,0,0,1,0,-0.179176941232985,-0.179176941232985,              1101P   1321
0.400823058767015,0.400823058767015,1.,1.,-18.,129.537792756248,    1101P   1322
22.2164611753403,-18.,129.537792756248,28.0164611753403,            1101P   1323
-0.179176941232985,0.400823058767015,0.,0.,0.;                      1101P   1324
126,1,1,0,0,1,0,-0.179176941232985,-0.179176941232985,              1103P   1325
0.400823058767015,0.400823058767015,1.,1.,-18.,142.537792756248,    1103P   1326
22.2164611753403,-18.,142.537792756248,28.0164611753403,            1103P   1327
-0.179176941232985,0.400823058767015,0.,0.,0.;                      1103P   1328
126,1,1,0,0,1,0,4.5268896378124,4.5268896378124,5.5268896378124,    1105P   1329
5.5268896378124,1.,1.,-18.,142.537792756248,28.0164611753403,       1105P   1330
-18.,152.537792756248,28.0164611753403,4.5268896378124,             1105P   1331
5.5268896378124,0.,0.,0.;                                           1105P   1332
126,1,1,0,0,1,0,-0.690823058767015,-0.690823058767015,              1107P   1333
-0.110823058767015,-0.110823058767015,1.,1.,-18.,                   1107P   1334
152.537792756248,28.0164611753403,-18.,152.537792756248,            1107P   1335
22.2164611753403,-0.690823058767015,-0.110823058767015,0.,0.,0.;    1107P   1336
126,1,1,0,0,1,0,-6.0268896378124,-6.0268896378124,                  1109P   1337
-5.0268896378124,-5.0268896378124,1.,1.,-18.,152.537792756248,      1109P   1338
22.2164611753403,-18.,142.537792756248,22.2164611753403,            1109P   1339
-6.0268896378124,-5.0268896378124,0.,0.,0.;                         1109P   1340
126,2,2,0,0,0,0,-0.785398163397448,-0.785398163397448,              1111P   1341
-0.785398163397448,0.785398163397448,0.785398163397448,             1111P   1342
0.785398163397448,1.,0.707106781186539,1.,96.,206.,2.,96.,211.,     1111P   1343
2.,91.,211.,2.,-0.785398163397448,0.785398163397448,0.,0.,0.;       1111P   1344
126,1,1,0,0,1,0,-2.75,-2.75,7.65,7.65,1.,1.,91.,211.,2.,-13.,       1113P   1345
211.,2.,-2.75,7.65,0.,0.,0.;                                        1113P   1346
126,2,2,0,0,0,0,-0.785398163397448,-0.785398163397448,              1115P   1347
-0.785398163397448,0.785398163397448,0.785398163397448,             1115P   1348
0.785398163397448,1.,0.707106781186543,1.,-13.,211.,2.,-18.,        1115P   1349
211.,2.,-18.,206.,2.,-0.785398163397448,0.785398163397448,0.,0.,    1115P   1350
0.;                                                                 1115P   1351
126,8,2,0,1,0,0,-3.14159265358979,-3.14159265358979,                1117P   1352
-3.14159265358979,-1.5707963267949,-1.5707963267949,0.,0.,          1117P   1353
1.5707963267949,1.5707963267949,3.14159265358979,                   1117P   1354
3.14159265358979,3.14159265358979,1.,0.70710678118653,1.,           1117P   1355
0.707106781186537,1.,0.707106781186537,1.,0.70710678118653,1.,      1117P   1356
41.9980290822523,196.391604670144,2.,41.9980290822523,              1117P   1357
194.281604670144,2.,39.8880290822523,194.281604670144,2.,           1117P   1358
37.7780290822523,194.281604670144,2.,37.7780290822523,              1117P   1359
196.391604670144,2.,37.7780290822523,198.501604670144,2.,           1117P   1360
39.8880290822523,198.501604670144,2.,41.9980290822523,              1117P   1361
198.501604670144,2.,41.9980290822523,196.391604670144,2.,           1117P   1362
-3.14159265358979,3.14159265358979,0.,0.,0.;                        1117P   1363
126,8,2,0,1,0,0,-3.14159265358979,-3.14159265358979,                1119P   1364
-3.14159265358979,-1.5707963267949,-1.5707963267949,0.,0.,          1119P   1365
1.5707963267949,1.5707963267949,3.14159265358979,                   1119P   1366
3.14159265358979,3.14159265358979,1.,0.70710678118656,1.,           1119P   1367
0.70710678118656,1.,0.70710678118656,1.,0.70710678118656,1.,        1119P   1368
89.3699616952639,134.711242010433,2.,89.3699616952639,              1119P   1369
132.601242010433,2.,87.2599616952639,132.601242010433,2.,           1119P   1370
85.1499616952639,132.601242010433,2.,85.1499616952639,              1119P   1371
134.711242010433,2.,85.1499616952639,136.821242010433,2.,           1119P   1372
87.2599616952639,136.821242010433,2.,89.3699616952639,              1119P   1373
136.821242010433,2.,89.3699616952639,134.711242010433,2.,           1119P   1374
-3.14159265358979,3.14159265358979,0.,0.,0.;                        1119P   1375
126,8,2,0,1,0,0,-3.14159265358979,-3.14159265358979,                1121P   1376
-3.14159265358979,-1.5707963267949,-1.5707963267949,0.,0.,          1121P   1377
1.5707963267949,1.5707963267949,3.14159265358979,                   1121P   1378
3.14159265358979,3.14159265358979,1.,0.707106781186577,1.,          1121P   1379
0.707106781186577,1.,0.707106781186577,1.,0.707106781186577,1.,     1121P   1380
89.369961695264,182.111242010433,2.,89.369961695264,                1121P   1381
180.001242010433,2.,87.259961695264,180.001242010433,2.,            1121P   1382
85.149961695264,180.001242010433,2.,85.149961695264,                1121P   1383
182.111242010433,2.,85.149961695264,184.221242010433,2.,            1121P   1384
87.259961695264,184.221242010433,2.,89.369961695264,                1121P   1385
184.221242010433,2.,89.369961695264,182.111242010433,2.,            1121P   1386
-3.14159265358979,3.14159265358979,0.,0.,0.;                        1121P   1387
126,8,2,0,1,0,0,-3.14159265358979,-3.14159265358979,                1123P   1388
-3.14159265358979,-1.5707963267949,-1.5707963267949,0.,0.,          1123P   1389
1.5707963267949,1.5707963267949,3.14159265358979,                   1123P   1390
3.14159265358979,3.14159265358979,1.,0.707106781186537,1.,          1123P   1391
0.707106781186537,1.,0.707106781186537,1.,0.707106781186537,1.,     1123P   1392
-5.40197091774772,188.511604670144,2.,-5.40197091774772,            1123P   1393
186.401604670144,2.,-7.51197091774772,186.401604670144,2.,          1123P   1394
-9.62197091774772,186.401604670144,2.,-9.62197091774772,            1123P   1395
188.511604670144,2.,-9.62197091774772,190.621604670144,2.,          1123P   1396
-7.51197091774772,190.621604670144,2.,-5.40197091774772,            1123P   1397
190.621604670144,2.,-5.40197091774772,188.511604670144,2.,          1123P   1398
-3.14159265358979,3.14159265358979,0.,0.,0.;                        1123P   1399
126,8,2,0,1,0,0,-3.14159265358979,-3.14159265358979,                1125P   1400
-3.14159265358979,-1.5707963267949,-1.5707963267949,0.,0.,          1125P   1401
1.5707963267949,1.5707963267949,3.14159265358979,                   1125P   1402
3.14159265358979,3.14159265358979,1.,0.70710678118653,1.,           1125P   1403
0.707106781186537,1.,0.707106781186537,1.,0.70710678118653,1.,      1125P   1404
41.9980290822522,188.511604670144,2.,41.9980290822522,              1125P   1405
186.401604670144,2.,39.8880290822522,186.401604670144,2.,           1125P   1406
37.7780290822522,186.401604670144,2.,37.7780290822522,              1125P   1407
188.511604670144,2.,37.7780290822522,190.621604670144,2.,           1125P   1408
39.8880290822522,190.621604670144,2.,41.9980290822522,              1125P   1409
190.621604670144,2.,41.9980290822522,188.511604670144,2.,           1125P   1410
-3.14159265358979,3.14159265358979,0.,0.,0.;                        1125P   1411
126,8,2,0,1,0,0,-3.14159265358979,-3.14159265358979,                1127P   1412
-3.14159265358979,-1.5707963267949,-1.5707963267949,0.,0.,          1127P   1413
1.5707963267949,1.5707963267949,3.14159265358979,                   1127P   1414
3.14159265358979,3.14159265358979,1.,0.70710678118656,1.,           1127P   1415
0.70710678118656,1.,0.70710678118656,1.,0.70710678118656,1.,        1127P   1416
81.489961695264,134.711242010433,2.,81.489961695264,                1127P   1417
132.601242010433,2.,79.3799616952639,132.601242010433,2.,           1127P   1418
77.2699616952639,132.601242010433,2.,77.2699616952639,              1127P   1419
134.711242010433,2.,77.2699616952639,136.821242010433,2.,           1127P   1420
79.3799616952639,136.821242010433,2.,81.489961695264,               1127P   1421
136.821242010433,2.,81.489961695264,134.711242010433,2.,            1127P   1422
-3.14159265358979,3.14159265358979,0.,0.,0.;                        1127P   1423
126,8,2,0,1,0,0,-3.14159265358979,-3.14159265358979,                1129P   1424
-3.14159265358979,-1.5707963267949,-1.5707963267949,0.,0.,          1129P   1425
1.5707963267949,1.5707963267949,3.14159265358979,                   1129P   1426
3.14159265358979,3.14159265358979,1.,0.707106781186577,1.,          1129P   1427
0.707106781186577,1.,0.707106781186577,1.,0.707106781186577,1.,     1129P   1428
81.4899616952639,182.111242010433,2.,81.4899616952639,              1129P   1429
180.001242010433,2.,79.3799616952639,180.001242010433,2.,           1129P   1430
77.2699616952639,180.001242010433,2.,77.2699616952639,              1129P   1431
182.111242010433,2.,77.2699616952639,184.221242010433,2.,           1129P   1432
79.3799616952639,184.221242010433,2.,81.4899616952639,              1129P   1433
184.221242010433,2.,81.4899616952639,182.111242010433,2.,           1129P   1434
-3.14159265358979,3.14159265358979,0.,0.,0.;                        1129P   1435
126,8,2,0,1,0,0,-3.14159265358979,-3.14159265358979,                1131P   1436
-3.14159265358979,-1.5707963267949,-1.5707963267949,0.,0.,          1131P   1437
1.5707963267949,1.5707963267949,3.14159265358979,                   1131P   1438
3.14159265358979,3.14159265358979,1.,0.707106781186537,1.,          1131P   1439
0.707106781186537,1.,0.707106781186537,1.,0.707106781186537,1.,     1131P   1440
-5.40197091774772,196.391604670144,2.,-5.40197091774772,            1131P   1441
194.281604670144,2.,-7.51197091774772,194.281604670144,2.,          1131P   1442
-9.62197091774772,194.281604670144,2.,-9.62197091774772,            1131P   1443
196.391604670144,2.,-9.62197091774772,198.501604670144,2.,          1131P   1444
-7.51197091774772,198.501604670144,2.,-5.40197091774772,            1131P   1445
198.501604670144,2.,-5.40197091774772,196.391604670144,2.,          1131P   1446
-3.14159265358979,3.14159265358979,0.,0.,0.;                        1131P   1447
126,1,1,0,0,1,0,-2.,-2.,1.3,1.3,1.,1.,-20.,208.,0.,-20.,208.,       1133P   1448
33.,-2.,1.3,0.,0.,0.;                                               1133P   1449
126,1,1,0,0,1,0,-1.,-1.,19.3,19.3,1.,1.,-20.,208.,0.,-20.,5.,0.,    1135P   1450
-1.,19.3,0.,0.,0.;                                                  1135P   1451
126,1,1,0,0,1,0,0.0533230587670155,0.0533230587670155,              1137P   1452
0.623323058767016,0.623323058767016,1.,1.,-20.,179.705367687912,    1137P   1453
21.0664611753403,-20.,179.705367687912,26.7664611753403,            1137P   1454
0.0533230587670155,0.623323058767016,0.,0.,0.;                      1137P   1455
126,2,2,0,0,0,0,-1.5707963267949,-1.5707963267949,                  1139P   1456
-1.5707963267949,0.,0.,0.,1.,0.707106781186566,1.,-20.,             1139P   1457
179.705367687912,26.7664611753403,-20.,179.705367687912,            1139P   1458
28.0164611753403,-20.,178.455367687912,28.0164611753403,            1139P   1459
-1.5707963267949,0.,0.,0.,0.;                                       1139P   1460
126,1,1,0,0,1,0,1.97723161560438,1.97723161560438,                  1141P   1461
3.42223161560438,3.42223161560438,1.,1.,-20.,178.455367687912,      1141P   1462
28.0164611753403,-20.,164.005367687912,28.0164611753403,            1141P   1463
1.97723161560438,3.42223161560438,0.,0.,0.;                         1141P   1464
126,1,1,0,0,1,0,-0.400823058767015,-0.400823058767015,              1143P   1465
0.419176941232985,0.419176941232985,1.,1.,-20.,164.005367687912,    1143P   1466
28.0164611753403,-20.,164.005367687912,19.8164611753403,            1143P   1467
-0.400823058767015,0.419176941232985,0.,0.,0.;                      1143P   1468
126,1,1,0,0,1,0,-2.69973161560438,-2.69973161560438,                1145P   1469
-1.25473161560438,-1.25473161560438,1.,1.,-20.,164.005367687912,    1145P   1470
19.8164611753403,-20.,178.455367687912,19.8164611753403,            1145P   1471
-2.69973161560438,-1.25473161560438,0.,0.,0.;                       1145P   1472
126,2,2,0,0,0,0,-1.5707963267949,-1.5707963267949,                  1147P   1473
-1.5707963267949,-1.4210854715202D-14,-1.4210854715202D-14,         1147P   1474
-1.4210854715202D-14,1.,0.707106781186564,1.,-20.,                  1147P   1475
178.455367687912,19.8164611753403,-20.,179.705367687912,            1147P   1476
19.8164611753403,-20.,179.705367687912,21.0664611753403,            1147P   1477
-1.5707963267949,-1.4210854715202D-14,0.,0.,0.;                     1147P   1478
126,1,1,0,0,1,0,-9.82794,-9.82794,-9.28326,-9.28326,1.,1.,-20.,     1149P   1479
26.888,17.5614611753403,-20.,32.3348,17.5614611753403,-9.82794,     1149P   1480
-9.28326,0.,0.,0.;                                                  1149P   1481
126,1,1,0,0,1,0,-0.570208208868321,-0.570208208868321,              1151P   1482
0.326354326402351,0.326354326402351,1.,1.,-20.,32.3348,             1151P   1483
17.5614611753403,-20.,32.3348,26.527086528047,                      1151P   1484
-0.570208208868321,0.326354326402351,0.,0.,0.;                      1151P   1485
126,1,1,0,0,1,0,4.78003602955604,4.78003602955604,                  1153P   1486
4.97281602955604,4.97281602955604,1.,1.,-20.,32.3348,               1153P   1487
26.527086528047,-20.,31.1108,28.0164611753403,4.78003602955604,     1153P   1488
4.97281602955604,0.,0.,0.;                                          1153P   1489
126,1,1,0,0,1,0,9.19452,9.19452,9.4944,9.4944,1.,1.,-20.,           1155P   1490
31.1108,28.0164611753403,-20.,28.112,28.0164611753403,9.19452,      1155P   1491
9.4944,0.,0.,0.;                                                    1155P   1492
126,1,1,0,0,1,0,4.35229238314237,4.35229238314237,                  1157P   1493
4.54507238314237,4.54507238314237,1.,1.,-20.,28.112,                1157P   1494
28.0164611753403,-20.,26.888,26.527086528047,4.35229238314237,      1157P   1495
4.54507238314237,0.,0.,0.;                                          1157P   1496
126,1,1,0,0,1,0,-0.774635594037687,-0.774635594037687,              1159P   1497
0.121926941232985,0.121926941232985,1.,1.,-20.,26.888,              1159P   1498
26.527086528047,-20.,26.888,17.5614611753403,-0.774635594037687,    1159P   1499
0.121926941232985,0.,0.,0.;                                         1159P   1500
126,1,1,0,0,1,0,-5.45894,-5.45894,-4.91426,-4.91426,1.,1.,-20.,     1161P   1501
114.268,17.5614611753403,-20.,119.7148,17.5614611753403,            1161P   1502
-5.45894,-4.91426,0.,0.,0.;                                         1161P   1503
126,1,1,0,0,1,0,-0.570208208868321,-0.570208208868321,              1163P   1504
0.326354326402351,0.326354326402351,1.,1.,-20.,119.7148,            1163P   1505
17.5614611753403,-20.,119.7148,26.527086528047,                     1163P   1506
-0.570208208868321,0.326354326402351,0.,0.,0.;                      1163P   1507
126,1,1,0,0,1,0,2.00606777558779,2.00606777558779,                  1165P   1508
2.19884777558779,2.19884777558779,1.,1.,-20.,119.7148,              1165P   1509
26.527086528047,-20.,118.4908,28.0164611753403,2.00606777558779,    1165P   1510
2.19884777558779,0.,0.,0.;                                          1165P   1511
126,1,1,0,0,1,0,4.82552,4.82552,5.1254,5.1254,1.,1.,-20.,           1167P   1512
118.4908,28.0164611753403,-20.,115.492,28.0164611753403,4.82552,    1167P   1513
5.1254,0.,0.,0.;                                                    1167P   1514
126,1,1,0,0,1,0,1.57832412917411,1.57832412917411,                  1169P   1515
1.77110412917412,1.77110412917412,1.,1.,-20.,115.492,               1169P   1516
28.0164611753403,-20.,114.268,26.527086528047,1.57832412917411,     1169P   1517
1.77110412917412,0.,0.,0.;                                          1169P   1518
126,1,1,0,0,1,0,-0.774635594037687,-0.774635594037687,              1171P   1519
0.121926941232985,0.121926941232985,1.,1.,-20.,114.268,             1171P   1520
26.527086528047,-20.,114.268,17.5614611753403,                      1171P   1521
-0.774635594037687,0.121926941232985,0.,0.,0.;                      1171P   1522
126,1,1,0,0,1,0,-6.08369,-6.08369,-5.53901,-5.53901,1.,1.,-20.,     1173P   1523
101.773,17.5614611753403,-20.,107.2198,17.5614611753403,            1173P   1524
-6.08369,-5.53901,0.,0.,0.;                                         1173P   1525
126,1,1,0,0,1,0,-0.570208208868321,-0.570208208868321,              1175P   1526
0.326354326402351,0.326354326402351,1.,1.,-20.,107.2198,            1175P   1527
17.5614611753403,-20.,107.2198,26.527086528047,                     1175P   1528
-0.570208208868321,0.326354326402351,0.,0.,0.;                      1175P   1529
126,1,1,0,0,1,0,2.40273444225445,2.40273444225445,                  1177P   1530
2.59551444225445,2.59551444225445,1.,1.,-20.,107.2198,              1177P   1531
26.527086528047,-20.,105.9958,28.0164611753403,2.40273444225445,    1177P   1532
2.59551444225445,0.,0.,0.;                                          1177P   1533
126,1,1,0,0,1,0,5.45027,5.45027,5.75015,5.75015,1.,1.,-20.,         1179P   1534
105.9958,28.0164611753403,-20.,102.997,28.0164611753403,5.45027,    1179P   1535
5.75015,0.,0.,0.;                                                   1179P   1536
126,1,1,0,0,1,0,1.97499079584078,1.97499079584078,                  1181P   1537
2.16777079584078,2.16777079584078,1.,1.,-20.,102.997,               1181P   1538
28.0164611753403,-20.,101.773,26.527086528047,1.97499079584078,     1181P   1539
2.16777079584078,0.,0.,0.;                                          1181P   1540
126,1,1,0,0,1,0,-0.774635594037687,-0.774635594037687,              1183P   1541
0.121926941232985,0.121926941232985,1.,1.,-20.,101.773,             1183P   1542
26.527086528047,-20.,101.773,17.5614611753403,                      1183P   1543
-0.774635594037687,0.121926941232985,0.,0.,0.;                      1183P   1544
126,1,1,0,0,1,0,-6.70844,-6.70844,-6.16376,-6.16376,1.,1.,-20.,     1185P   1545
89.278,17.5614611753403,-20.,94.7248,17.5614611753403,-6.70844,     1185P   1546
-6.16376,0.,0.,0.;                                                  1185P   1547
126,1,1,0,0,1,0,-0.570208208868321,-0.570208208868321,              1187P   1548
0.326354326402351,0.326354326402351,1.,1.,-20.,94.7248,             1187P   1549
17.5614611753403,-20.,94.7248,26.527086528047,                      1187P   1550
-0.570208208868321,0.326354326402351,0.,0.,0.;                      1187P   1551
126,1,1,0,0,1,0,2.79940110892112,2.79940110892112,                  1189P   1552
2.99218110892112,2.99218110892112,1.,1.,-20.,94.7248,               1189P   1553
26.527086528047,-20.,93.5008,28.0164611753403,2.79940110892112,     1189P   1554
2.99218110892112,0.,0.,0.;                                          1189P   1555
126,1,1,0,0,1,0,6.07502,6.07502,6.3749,6.3749,1.,1.,-20.,           1191P   1556
93.5008,28.0164611753403,-20.,90.502,28.0164611753403,6.07502,      1191P   1557
6.3749,0.,0.,0.;                                                    1191P   1558
126,1,1,0,0,1,0,2.37165746250745,2.37165746250745,                  1193P   1559
2.56443746250745,2.56443746250745,1.,1.,-20.,90.502,                1193P   1560
28.0164611753403,-20.,89.278,26.527086528047,2.37165746250745,      1193P   1561
2.56443746250745,0.,0.,0.;                                          1193P   1562
126,1,1,0,0,1,0,-0.774635594037687,-0.774635594037687,              1195P   1563
0.121926941232985,0.121926941232985,1.,1.,-20.,89.278,              1195P   1564
26.527086528047,-20.,89.278,17.5614611753403,-0.774635594037687,    1195P   1565
0.121926941232985,0.,0.,0.;                                         1195P   1566
126,1,1,0,0,1,0,-7.33319,-7.33319,-6.78851,-6.78851,1.,1.,-20.,     1197P   1567
76.783,17.5614611753403,-20.,82.2298,17.5614611753403,-7.33319,     1197P   1568
-6.78851,0.,0.,0.;                                                  1197P   1569
126,1,1,0,0,1,0,-0.570208208868321,-0.570208208868321,              1199P   1570
0.326354326402351,0.326354326402351,1.,1.,-20.,82.2298,             1199P   1571
17.5614611753403,-20.,82.2298,26.527086528047,                      1199P   1572
-0.570208208868321,0.326354326402351,0.,0.,0.;                      1199P   1573
126,1,1,0,0,1,0,3.19606777558779,3.19606777558779,                  1201P   1574
3.38884777558779,3.38884777558779,1.,1.,-20.,82.2298,               1201P   1575
26.527086528047,-20.,81.0058,28.0164611753403,3.19606777558779,     1201P   1576
3.38884777558779,0.,0.,0.;                                          1201P   1577
126,1,1,0,0,1,0,6.69977,6.69977,6.99965,6.99965,1.,1.,-20.,         1203P   1578
81.0058,28.0164611753403,-20.,78.007,28.0164611753403,6.69977,      1203P   1579
6.99965,0.,0.,0.;                                                   1203P   1580
126,1,1,0,0,1,0,2.76832412917411,2.76832412917411,                  1205P   1581
2.96110412917412,2.96110412917412,1.,1.,-20.,78.007,                1205P   1582
28.0164611753403,-20.,76.783,26.527086528047,2.76832412917411,      1205P   1583
2.96110412917412,0.,0.,0.;                                          1205P   1584
126,1,1,0,0,1,0,-0.774635594037687,-0.774635594037687,              1207P   1585
0.121926941232985,0.121926941232985,1.,1.,-20.,76.783,              1207P   1586
26.527086528047,-20.,76.783,17.5614611753403,-0.774635594037687,    1207P   1587
0.121926941232985,0.,0.,0.;                                         1207P   1588
126,1,1,0,0,1,0,-7.95794,-7.95794,-7.41326,-7.41326,1.,1.,-20.,     1209P   1589
64.288,17.5614611753403,-20.,69.7348,17.5614611753403,-7.95794,     1209P   1590
-7.41326,0.,0.,0.;                                                  1209P   1591
126,1,1,0,0,1,0,-0.570208208868321,-0.570208208868321,              1211P   1592
0.326354326402351,0.326354326402351,1.,1.,-20.,69.7348,             1211P   1593
17.5614611753403,-20.,69.7348,26.527086528047,                      1211P   1594
-0.570208208868321,0.326354326402351,0.,0.,0.;                      1211P   1595
126,1,1,0,0,1,0,3.59273444225445,3.59273444225445,                  1213P   1596
3.78551444225445,3.78551444225445,1.,1.,-20.,69.7348,               1213P   1597
26.527086528047,-20.,68.5108,28.0164611753403,3.59273444225445,     1213P   1598
3.78551444225445,0.,0.,0.;                                          1213P   1599
126,1,1,0,0,1,0,7.32452,7.32452,7.6244,7.6244,1.,1.,-20.,           1215P   1600
68.5108,28.0164611753403,-20.,65.512,28.0164611753403,7.32452,      1215P   1601
7.6244,0.,0.,0.;                                                    1215P   1602
126,1,1,0,0,1,0,3.16499079584078,3.16499079584078,                  1217P   1603
3.35777079584078,3.35777079584078,1.,1.,-20.,65.512,                1217P   1604
28.0164611753403,-20.,64.288,26.527086528047,3.16499079584078,      1217P   1605
3.35777079584078,0.,0.,0.;                                          1217P   1606
126,1,1,0,0,1,0,-0.774635594037687,-0.774635594037687,              1219P   1607
0.121926941232985,0.121926941232985,1.,1.,-20.,64.288,              1219P   1608
26.527086528047,-20.,64.288,17.5614611753403,-0.774635594037687,    1219P   1609
0.121926941232985,0.,0.,0.;                                         1219P   1610
126,1,1,0,0,1,0,-8.89294,-8.89294,-8.34826,-8.34826,1.,1.,-20.,     1221P   1611
45.588,17.5614611753403,-20.,51.0348,17.5614611753403,-8.89294,     1221P   1612
-8.34826,0.,0.,0.;                                                  1221P   1613
126,1,1,0,0,1,0,-0.570208208868321,-0.570208208868321,              1223P   1614
0.326354326402351,0.326354326402351,1.,1.,-20.,51.0348,             1223P   1615
17.5614611753403,-20.,51.0348,26.527086528047,                      1223P   1616
-0.570208208868321,0.326354326402351,0.,0.,0.;                      1223P   1617
126,1,1,0,0,1,0,4.18638523590525,4.18638523590525,                  1225P   1618
4.37916523590525,4.37916523590525,1.,1.,-20.,51.0348,               1225P   1619
26.527086528047,-20.,49.8108,28.0164611753403,4.18638523590525,     1225P   1620
4.37916523590525,0.,0.,0.;                                          1225P   1621
126,1,1,0,0,1,0,8.25952,8.25952,8.5594,8.5594,1.,1.,-20.,           1227P   1622
49.8108,28.0164611753403,-20.,46.812,28.0164611753403,8.25952,      1227P   1623
8.5594,0.,0.,0.;                                                    1227P   1624
126,1,1,0,0,1,0,3.75864158949157,3.75864158949157,                  1229P   1625
3.95142158949157,3.95142158949157,1.,1.,-20.,46.812,                1229P   1626
28.0164611753403,-20.,45.588,26.527086528047,3.75864158949157,      1229P   1627
3.95142158949157,0.,0.,0.;                                          1229P   1628
126,1,1,0,0,1,0,-0.774635594037687,-0.774635594037687,              1231P   1629
0.121926941232985,0.121926941232985,1.,1.,-20.,45.588,              1231P   1630
26.527086528047,-20.,45.588,17.5614611753403,-0.774635594037687,    1231P   1631
0.121926941232985,0.,0.,0.;                                         1231P   1632
126,1,1,0,0,1,0,-10.76294,-10.76294,-10.21826,-10.21826,1.,1.,      1233P   1633
-20.,8.18800000000001,17.5614611753403,-20.,13.6348,                1233P   1634
17.5614611753403,-10.76294,-10.21826,0.,0.,0.;                      1233P   1635
126,1,1,0,0,1,0,-0.570208208868321,-0.570208208868321,              1235P   1636
0.326354326402351,0.326354326402351,1.,1.,-20.,13.6348,             1235P   1637
17.5614611753403,-20.,13.6348,26.527086528047,                      1235P   1638
-0.570208208868321,0.326354326402351,0.,0.,0.;                      1235P   1639
126,1,1,0,0,1,0,5.37368682320683,5.37368682320683,                  1237P   1640
5.56646682320683,5.56646682320683,1.,1.,-20.,13.6348,               1237P   1641
26.527086528047,-20.,12.4108,28.0164611753403,5.37368682320683,     1237P   1642
5.56646682320683,0.,0.,0.;                                          1237P   1643
126,1,1,0,0,1,0,10.12952,10.12952,10.4294,10.4294,1.,1.,-20.,       1239P   1644
12.4108,28.0164611753403,-20.,9.41200000000002,28.0164611753403,    1239P   1645
10.12952,10.4294,0.,0.,0.;                                          1239P   1646
126,1,1,0,0,1,0,4.94594317679316,4.94594317679316,                  1241P   1647
5.13872317679316,5.13872317679316,1.,1.,-20.,9.41200000000003,      1241P   1648
28.0164611753403,-20.,8.18800000000003,26.527086528047,             1241P   1649
4.94594317679316,5.13872317679316,0.,0.,0.;                         1241P   1650
126,1,1,0,0,1,0,-0.774635594037687,-0.774635594037687,              1243P   1651
0.121926941232985,0.121926941232985,1.,1.,-20.,8.18800000000003,    1243P   1652
26.527086528047,-20.,8.18800000000003,17.5614611753403,             1243P   1653
-0.774635594037687,0.121926941232985,0.,0.,0.;                      1243P   1654
126,1,1,0,0,1,0,3.9231103621876,3.9231103621876,4.9231103621876,    1245P   1655
4.9231103621876,1.,1.,-20.,139.537792756248,28.0164611753403,       1245P   1656
-20.,129.537792756248,28.0164611753403,3.9231103621876,             1245P   1657
4.9231103621876,0.,0.,0.;                                           1245P   1658
126,1,1,0,0,1,0,-0.400823058767015,-0.400823058767015,              1247P   1659
0.179176941232985,0.179176941232985,1.,1.,-20.,129.537792756248,    1247P   1660
28.0164611753403,-20.,129.537792756248,22.2164611753403,            1247P   1661
-0.400823058767015,0.179176941232985,0.,0.,0.;                      1247P   1662
126,1,1,0,0,1,0,-4.4231103621876,-4.4231103621876,                  1249P   1663
-3.4231103621876,-3.4231103621876,1.,1.,-20.,129.537792756248,      1249P   1664
22.2164611753403,-20.,139.537792756248,22.2164611753403,            1249P   1665
-4.4231103621876,-3.4231103621876,0.,0.,0.;                         1249P   1666
126,1,1,0,0,1,0,0.110823058767015,0.110823058767015,                1251P   1667
0.690823058767015,0.690823058767015,1.,1.,-20.,139.537792756248,    1251P   1668
22.2164611753403,-20.,139.537792756248,28.0164611753403,            1251P   1669
0.110823058767015,0.690823058767015,0.,0.,0.;                       1251P   1670
126,1,1,0,0,1,0,-0.400823058767015,-0.400823058767015,              1253P   1671
0.179176941232985,0.179176941232985,1.,1.,-20.,142.537792756248,    1253P   1672
28.0164611753403,-20.,142.537792756248,22.2164611753403,            1253P   1673
-0.400823058767015,0.179176941232985,0.,0.,0.;                      1253P   1674
126,1,1,0,0,1,0,-3.7731103621876,-3.7731103621876,                  1255P   1675
-2.7731103621876,-2.7731103621876,1.,1.,-20.,142.537792756248,      1255P   1676
22.2164611753403,-20.,152.537792756248,22.2164611753403,            1255P   1677
-3.7731103621876,-2.7731103621876,0.,0.,0.;                         1255P   1678
126,1,1,0,0,1,0,0.110823058767015,0.110823058767015,                1257P   1679
0.690823058767015,0.690823058767015,1.,1.,-20.,152.537792756248,    1257P   1680
22.2164611753403,-20.,152.537792756248,28.0164611753403,            1257P   1681
0.110823058767015,0.690823058767015,0.,0.,0.;                       1257P   1682
126,1,1,0,0,1,0,3.2731103621876,3.2731103621876,4.2731103621876,    1259P   1683
4.2731103621876,1.,1.,-20.,152.537792756248,28.0164611753403,       1259P   1684
-20.,142.537792756248,28.0164611753403,3.2731103621876,             1259P   1685
4.2731103621876,0.,0.,0.;                                           1259P   1686
126,1,1,0,0,1,0,-1.5,-1.5,18.8,18.8,1.,1.,98.,5.,0.,98.,208.,0.,    1261P   1687
-1.5,18.8,0.,0.,0.;                                                 1261P   1688
126,1,1,0,0,1,0,-1.3,-1.3,2.,2.,1.,1.,98.,208.,33.,98.,208.,0.,     1263P   1689
-1.3,2.,0.,0.,0.;                                                   1263P   1690
126,1,1,0,0,1,0,2.2344,2.2344,3.8256,3.8256,1.,1.,98.,84.688,       1265P   1691
26.6310960904523,98.,100.6,26.6310960904523,2.2344,3.8256,0.,0.,    1265P   1692
0.;                                                                 1265P   1693
126,1,1,0,0,1,0,-0.531729804522617,-0.531729804522617,              1267P   1694
0.268970195477383,0.268970195477383,1.,1.,98.,100.6,                1267P   1695
26.6310960904523,98.,100.6,18.6240960904523,-0.531729804522617,     1267P   1696
0.268970195477383,0.,0.,0.;                                         1267P   1697
126,1,1,0,0,1,0,-3.8256,-3.8256,-2.2344,-2.2344,1.,1.,98.,100.6,    1269P   1698
18.6240960904523,98.,84.688,18.6240960904523,-3.8256,-2.2344,0.,    1269P   1699
0.,0.;                                                              1269P   1700
126,1,1,0,0,1,0,-0.268970195477383,-0.268970195477383,              1271P   1701
0.531729804522617,0.531729804522617,1.,1.,98.,84.688,               1271P   1702
18.6240960904523,98.,84.688,26.6310960904523,-0.268970195477383,    1271P   1703
0.531729804522617,0.,0.,0.;                                         1271P   1704
126,1,1,0,0,1,0,1.0784,1.0784,2.6696,2.6696,1.,1.,98.,61.568,       1273P   1705
26.6310960904523,98.,77.48,26.6310960904523,1.0784,2.6696,0.,0.,    1273P   1706
0.;                                                                 1273P   1707
126,1,1,0,0,1,0,-0.531729804522617,-0.531729804522617,              1275P   1708
0.268970195477383,0.268970195477383,1.,1.,98.,77.48,                1275P   1709
26.6310960904523,98.,77.48,18.6240960904523,-0.531729804522617,     1275P   1710
0.268970195477383,0.,0.,0.;                                         1275P   1711
126,1,1,0,0,1,0,-2.6696,-2.6696,-1.0784,-1.0784,1.,1.,98.,77.48,    1277P   1712
18.6240960904523,98.,61.568,18.6240960904523,-2.6696,-1.0784,0.,    1277P   1713
0.,0.;                                                              1277P   1714
126,1,1,0,0,1,0,-0.268970195477383,-0.268970195477383,              1279P   1715
0.531729804522617,0.531729804522617,1.,1.,98.,61.568,               1279P   1716
18.6240960904523,98.,61.568,26.6310960904523,-0.268970195477383,    1279P   1717
0.531729804522617,0.,0.,0.;                                         1279P   1718
126,1,1,0,0,1,0,-0.0775999999999999,-0.0775999999999999,1.5136,     1281P   1719
1.5136,1.,1.,98.,38.448,26.6310960904523,98.,54.36,                 1281P   1720
26.6310960904523,-0.0775999999999999,1.5136,0.,0.,0.;               1281P   1721
126,1,1,0,0,1,0,-0.531729804522617,-0.531729804522617,              1283P   1722
0.268970195477383,0.268970195477383,1.,1.,98.,54.36,                1283P   1723
26.6310960904523,98.,54.36,18.6240960904523,-0.531729804522617,     1283P   1724
0.268970195477383,0.,0.,0.;                                         1283P   1725
126,1,1,0,0,1,0,-1.5136,-1.5136,0.0775999999999999,                 1285P   1726
0.0775999999999999,1.,1.,98.,54.36,18.6240960904523,98.,38.448,     1285P   1727
18.6240960904523,-1.5136,0.0775999999999999,0.,0.,0.;               1285P   1728
126,1,1,0,0,1,0,-0.268970195477383,-0.268970195477383,              1287P   1729
0.531729804522617,0.531729804522617,1.,1.,98.,38.448,               1287P   1730
18.6240960904523,98.,38.448,26.6310960904523,-0.268970195477383,    1287P   1731
0.531729804522617,0.,0.,0.;                                         1287P   1732
126,1,1,0,0,1,0,-1.2336,-1.2336,0.3576,0.3576,1.,1.,98.,15.328,     1289P   1733
26.6310960904523,98.,31.24,26.6310960904523,-1.2336,0.3576,0.,      1289P   1734
0.,0.;                                                              1289P   1735
126,1,1,0,0,1,0,-0.531729804522617,-0.531729804522617,              1291P   1736
0.268970195477383,0.268970195477383,1.,1.,98.,31.24,                1291P   1737
26.6310960904523,98.,31.24,18.6240960904523,-0.531729804522617,     1291P   1738
0.268970195477383,0.,0.,0.;                                         1291P   1739
126,1,1,0,0,1,0,-0.3576,-0.3576,1.2336,1.2336,1.,1.,98.,31.24,      1293P   1740
18.6240960904523,98.,15.328,18.6240960904523,-0.3576,1.2336,0.,     1293P   1741
0.,0.;                                                              1293P   1742
126,1,1,0,0,1,0,-0.268970195477383,-0.268970195477383,              1295P   1743
0.531729804522617,0.531729804522617,1.,1.,98.,15.328,               1295P   1744
18.6240960904523,98.,15.328,26.6310960904523,-0.268970195477383,    1295P   1745
0.531729804522617,0.,0.,0.;                                         1295P   1746
126,2,2,0,0,0,0,-0.785398163397448,-0.785398163397448,              1297P   1747
-0.785398163397448,0.785398163397448,0.785398163397448,             1297P   1748
0.785398163397448,1.,0.707106781186539,1.,98.,208.,0.,98.,213.,     1297P   1749
0.,93.,213.,0.,-0.785398163397448,0.785398163397448,0.,0.,0.;       1297P   1750
126,1,1,0,0,1,0,-2.,-2.,1.3,1.3,1.,1.,93.,213.,0.,93.,213.,33.,     1299P   1751
-2.,1.3,0.,0.,0.;                                                   1299P   1752
126,1,1,0,0,1,0,1.22525809307268,1.22525809307268,                  1301P   1753
8.57474190692732,8.57474190692732,1.,1.,75.7474190692732,213.,      1301P   1754
0.,2.25258093072682,213.,0.,1.22525809307268,8.57474190692732,      1301P   1755
0.,0.,0.;                                                           1301P   1756
126,1,1,0,0,1,0,9.49460877670407,9.49460877670407,10.3,10.3,1.,     1303P   1757
1.,-6.94608776704072,213.,0.,-15.,213.,0.,9.49460877670407,10.3,    1303P   1758
0.,0.,0.;                                                           1303P   1759
126,1,1,0,0,1,0,-1.3,-1.3,2.,2.,1.,1.,-15.,213.,33.,-15.,213.,      1305P   1760
0.,-1.3,2.,0.,0.,0.;                                                1305P   1761
126,1,1,0,0,1,0,-0.5,-0.5,0.305391223295928,0.305391223295928,      1307P   1762
1.,1.,93.,213.,0.,84.9460877670407,213.,0.,-0.5,                    1307P   1763
0.305391223295928,0.,0.,0.;                                         1307P   1764
126,8,2,0,1,0,0,-3.14159265358979,-3.14159265358979,                1309P   1765
-3.14159265358979,-1.5707963267949,-1.5707963267949,0.,0.,          1309P   1766
1.5707963267949,1.5707963267949,3.14159265358979,                   1309P   1767
3.14159265358979,3.14159265358979,1.,0.707106781186546,1.,          1309P   1768
0.707106781186546,1.,0.707106781186546,1.,0.707106781186546,1.,     1309P   1769
28.0943087804791,213.,23.1069523643861,28.0943087804791,213.,       1309P   1770
19.321560462511,31.8797006823542,213.,19.321560462511,              1309P   1771
35.6650925842292,213.,19.321560462511,35.6650925842292,213.,        1309P   1772
23.1069523643861,35.6650925842292,213.,26.8923442662611,            1309P   1773
31.8797006823542,213.,26.8923442662611,28.0943087804791,213.,       1309P   1774
26.8923442662611,28.0943087804791,213.,23.1069523643861,            1309P   1775
-3.14159265358979,3.14159265358979,0.,0.,0.;                        1309P   1776
126,2,2,0,0,0,0,-0.785398163397448,-0.785398163397448,              1311P   1777
-0.785398163397448,0.785398163397448,0.785398163397448,             1311P   1778
0.785398163397448,1.,0.707106781186543,1.,-15.,213.,0.,-20.,        1311P   1779
213.,0.,-20.,208.,0.,-0.785398163397448,0.785398163397448,0.,0.,    1311P   1780
0.;                                                                 1311P   1781
126,8,2,0,1,0,0,-3.14159265358979,-3.14159265358979,                1313P   1782
-3.14159265358979,-1.5707963267949,-1.5707963267949,0.,0.,          1313P   1783
1.5707963267949,1.5707963267949,3.14159265358979,                   1313P   1784
3.14159265358979,3.14159265358979,1.,0.707106781186537,1.,          1313P   1785
0.707106781186537,1.,0.707106781186537,1.,0.707106781186537,1.,     1313P   1786
-5.40197091774772,196.391604670144,0.,-5.40197091774772,            1313P   1787
198.501604670144,0.,-7.51197091774772,198.501604670144,0.,          1313P   1788
-9.62197091774772,198.501604670144,0.,-9.62197091774772,            1313P   1789
196.391604670144,0.,-9.62197091774772,194.281604670144,0.,          1313P   1790
-7.51197091774772,194.281604670144,0.,-5.40197091774772,            1313P   1791
194.281604670144,0.,-5.40197091774772,196.391604670144,0.,          1313P   1792
-3.14159265358979,3.14159265358979,0.,0.,0.;                        1313P   1793
126,8,2,0,1,0,0,-3.14159265358979,-3.14159265358979,                1315P   1794
-3.14159265358979,-1.5707963267949,-1.5707963267949,0.,0.,          1315P   1795
1.5707963267949,1.5707963267949,3.14159265358979,                   1315P   1796
3.14159265358979,3.14159265358979,1.,0.707106781186577,1.,          1315P   1797
0.707106781186577,1.,0.707106781186577,1.,0.707106781186577,1.,     1315P   1798
81.4899616952639,182.111242010433,0.,81.4899616952639,              1315P   1799
184.221242010433,0.,79.3799616952639,184.221242010433,0.,           1315P   1800
77.2699616952639,184.221242010433,0.,77.2699616952639,              1315P   1801
182.111242010433,0.,77.2699616952639,180.001242010433,0.,           1315P   1802
79.3799616952639,180.001242010433,0.,81.4899616952639,              1315P   1803
180.001242010433,0.,81.4899616952639,182.111242010433,0.,           1315P   1804
-3.14159265358979,3.14159265358979,0.,0.,0.;                        1315P   1805
126,8,2,0,1,0,0,-3.14159265358979,-3.14159265358979,                1317P   1806
-3.14159265358979,-1.5707963267949,-1.5707963267949,0.,0.,          1317P   1807
1.5707963267949,1.5707963267949,3.14159265358979,                   1317P   1808
3.14159265358979,3.14159265358979,1.,0.70710678118656,1.,           1317P   1809
0.70710678118656,1.,0.70710678118656,1.,0.70710678118656,1.,        1317P   1810
81.489961695264,134.711242010433,0.,81.489961695264,                1317P   1811
136.821242010433,0.,79.3799616952639,136.821242010433,0.,           1317P   1812
77.2699616952639,136.821242010433,0.,77.2699616952639,              1317P   1813
134.711242010433,0.,77.2699616952639,132.601242010433,0.,           1317P   1814
79.3799616952639,132.601242010433,0.,81.489961695264,               1317P   1815
132.601242010433,0.,81.489961695264,134.711242010433,0.,            1317P   1816
-3.14159265358979,3.14159265358979,0.,0.,0.;                        1317P   1817
126,8,2,0,1,0,0,-3.14159265358979,-3.14159265358979,                1319P   1818
-3.14159265358979,-1.5707963267949,-1.5707963267949,0.,0.,          1319P   1819
1.5707963267949,1.5707963267949,3.14159265358979,                   1319P   1820
3.14159265358979,3.14159265358979,1.,0.70710678118653,1.,           1319P   1821
0.707106781186537,1.,0.707106781186537,1.,0.70710678118653,1.,      1319P   1822
41.9980290822522,188.511604670144,0.,41.9980290822522,              1319P   1823
190.621604670144,0.,39.8880290822522,190.621604670144,0.,           1319P   1824
37.7780290822522,190.621604670144,0.,37.7780290822522,              1319P   1825
188.511604670144,0.,37.7780290822522,186.401604670144,0.,           1319P   1826
39.8880290822522,186.401604670144,0.,41.9980290822522,              1319P   1827
186.401604670144,0.,41.9980290822522,188.511604670144,0.,           1319P   1828
-3.14159265358979,3.14159265358979,0.,0.,0.;                        1319P   1829
126,8,2,0,1,0,0,-3.14159265358979,-3.14159265358979,                1321P   1830
-3.14159265358979,-1.5707963267949,-1.5707963267949,0.,0.,          1321P   1831
1.5707963267949,1.5707963267949,3.14159265358979,                   1321P   1832
3.14159265358979,3.14159265358979,1.,0.707106781186537,1.,          1321P   1833
0.707106781186537,1.,0.707106781186537,1.,0.707106781186537,1.,     1321P   1834
-5.40197091774772,188.511604670144,0.,-5.40197091774772,            1321P   1835
190.621604670144,0.,-7.51197091774772,190.621604670144,0.,          1321P   1836
-9.62197091774772,190.621604670144,0.,-9.62197091774772,            1321P   1837
188.511604670144,0.,-9.62197091774772,186.401604670144,0.,          1321P   1838
-7.51197091774772,186.401604670144,0.,-5.40197091774772,            1321P   1839
186.401604670144,0.,-5.40197091774772,188.511604670144,0.,          1321P   1840
-3.14159265358979,3.14159265358979,0.,0.,0.;                        1321P   1841
126,8,2,0,1,0,0,-3.14159265358979,-3.14159265358979,                1323P   1842
-3.14159265358979,-1.5707963267949,-1.5707963267949,0.,0.,          1323P   1843
1.5707963267949,1.5707963267949,3.14159265358979,                   1323P   1844
3.14159265358979,3.14159265358979,1.,0.707106781186577,1.,          1323P   1845
0.707106781186577,1.,0.707106781186577,1.,0.707106781186577,1.,     1323P   1846
89.369961695264,182.111242010433,0.,89.369961695264,                1323P   1847
184.221242010433,0.,87.259961695264,184.221242010433,0.,            1323P   1848
85.149961695264,184.221242010433,0.,85.149961695264,                1323P   1849
182.111242010433,0.,85.149961695264,180.001242010433,0.,            1323P   1850
87.259961695264,180.001242010433,0.,89.369961695264,                1323P   1851
180.001242010433,0.,89.369961695264,182.111242010433,0.,            1323P   1852
-3.14159265358979,3.14159265358979,0.,0.,0.;                        1323P   1853
126,8,2,0,1,0,0,-3.14159265358979,-3.14159265358979,                1325P   1854
-3.14159265358979,-1.5707963267949,-1.5707963267949,0.,0.,          1325P   1855
1.5707963267949,1.5707963267949,3.14159265358979,                   1325P   1856
3.14159265358979,3.14159265358979,1.,0.70710678118656,1.,           1325P   1857
0.70710678118656,1.,0.70710678118656,1.,0.70710678118656,1.,        1325P   1858
89.3699616952639,134.711242010433,0.,89.3699616952639,              1325P   1859
136.821242010433,0.,87.2599616952639,136.821242010433,0.,           1325P   1860
85.1499616952639,136.821242010433,0.,85.1499616952639,              1325P   1861
134.711242010433,0.,85.1499616952639,132.601242010433,0.,           1325P   1862
87.2599616952639,132.601242010433,0.,89.3699616952639,              1325P   1863
132.601242010433,0.,89.3699616952639,134.711242010433,0.,           1325P   1864
-3.14159265358979,3.14159265358979,0.,0.,0.;                        1325P   1865
126,8,2,0,1,0,0,-3.14159265358979,-3.14159265358979,                1327P   1866
-3.14159265358979,-1.5707963267949,-1.5707963267949,0.,0.,          1327P   1867
1.5707963267949,1.5707963267949,3.14159265358979,                   1327P   1868
3.14159265358979,3.14159265358979,1.,0.70710678118653,1.,           1327P   1869
0.707106781186537,1.,0.707106781186537,1.,0.70710678118653,1.,      1327P   1870
41.9980290822523,196.391604670144,0.,41.9980290822523,              1327P   1871
198.501604670144,0.,39.8880290822523,198.501604670144,0.,           1327P   1872
37.7780290822523,198.501604670144,0.,37.7780290822523,              1327P   1873
196.391604670144,0.,37.7780290822523,194.281604670144,0.,           1327P   1874
39.8880290822523,194.281604670144,0.,41.9980290822523,              1327P   1875
194.281604670144,0.,41.9980290822523,196.391604670144,0.,           1327P   1876
-3.14159265358979,3.14159265358979,0.,0.,0.;                        1327P   1877
126,1,1,0,0,1,0,-1.3,-1.3,1.8,1.8,1.,1.,91.,211.,33.,91.,211.,      1329P   1878
2.,-1.3,1.8,0.,0.,0.;                                               1329P   1879
126,1,1,0,0,1,0,-1.8,-1.8,1.3,1.3,1.,1.,-13.,211.,2.,-13.,211.,     1331P   1880
33.,-1.8,1.3,0.,0.,0.;                                              1331P   1881
126,8,2,0,1,0,0,-3.14159265358979,-3.14159265358979,                1333P   1882
-3.14159265358979,-1.5707963267949,-1.5707963267949,0.,0.,          1333P   1883
1.5707963267949,1.5707963267949,3.14159265358979,                   1333P   1884
3.14159265358979,3.14159265358979,1.,0.707106781186546,1.,          1333P   1885
0.707106781186546,1.,0.707106781186546,1.,0.707106781186546,1.,     1333P   1886
28.0943087804791,211.,23.1069523643861,28.0943087804791,211.,       1333P   1887
26.8923442662611,31.8797006823542,211.,26.8923442662611,            1333P   1888
35.6650925842292,211.,26.8923442662611,35.6650925842292,211.,       1333P   1889
23.1069523643861,35.6650925842292,211.,19.321560462511,             1333P   1890
31.8797006823542,211.,19.321560462511,28.0943087804791,211.,        1333P   1891
19.321560462511,28.0943087804791,211.,23.1069523643861,             1333P   1892
-3.14159265358979,3.14159265358979,0.,0.,0.;                        1333P   1893
126,1,1,0,0,1,0,1.32086719938385,1.32086719938385,                  1335P   1894
1.84921407913738,1.84921407913738,1.,1.,28.0943087804791,211.,      1335P   1895
23.1069523643861,28.0943087804791,213.,23.1069523643861,            1335P   1896
1.32086719938385,1.84921407913738,0.,0.,0.;                         1335P   1897
126,1,1,0,0,1,0,-2.63086024792691D-16,-2.63086024792691D-16,        1337P   1898
0.947867298578198,0.947867298578198,1.,1.,41.9980290822523,         1337P   1899
196.391604670144,2.,41.9980290822523,196.391604670144,0.,           1337P   1900
-2.63086024792691D-16,0.947867298578198,0.,0.,0.;                   1337P   1901
126,1,1,0,0,1,0,-2.63086024792691D-16,-2.63086024792691D-16,        1339P   1902
0.947867298578198,0.947867298578198,1.,1.,89.3699616952639,         1339P   1903
134.711242010433,2.,89.3699616952639,134.711242010433,0.,           1339P   1904
-2.63086024792691D-16,0.947867298578198,0.,0.,0.;                   1339P   1905
126,1,1,0,0,1,0,-2.63086024792691D-16,-2.63086024792691D-16,        1341P   1906
0.947867298578198,0.947867298578198,1.,1.,89.369961695264,          1341P   1907
182.111242010433,2.,89.369961695264,182.111242010433,0.,            1341P   1908
-2.63086024792691D-16,0.947867298578198,0.,0.,0.;                   1341P   1909
126,1,1,0,0,1,0,-2.63086024792691D-16,-2.63086024792691D-16,        1343P   1910
0.947867298578198,0.947867298578198,1.,1.,-5.40197091774772,        1343P   1911
188.511604670144,2.,-5.40197091774772,188.511604670144,0.,          1343P   1912
-2.63086024792691D-16,0.947867298578198,0.,0.,0.;                   1343P   1913
126,1,1,0,0,1,0,-2.63086024792691D-16,-2.63086024792691D-16,        1345P   1914
0.947867298578198,0.947867298578198,1.,1.,41.9980290822522,         1345P   1915
188.511604670144,2.,41.9980290822522,188.511604670144,0.,           1345P   1916
-2.63086024792691D-16,0.947867298578198,0.,0.,0.;                   1345P   1917
126,1,1,0,0,1,0,-2.63086024792691D-16,-2.63086024792691D-16,        1347P   1918
0.947867298578198,0.947867298578198,1.,1.,81.489961695264,          1347P   1919
134.711242010433,2.,81.489961695264,134.711242010433,0.,            1347P   1920
-2.63086024792691D-16,0.947867298578198,0.,0.,0.;                   1347P   1921
126,1,1,0,0,1,0,-2.63086024792691D-16,-2.63086024792691D-16,        1349P   1922
0.947867298578198,0.947867298578198,1.,1.,81.4899616952639,         1349P   1923
182.111242010433,2.,81.4899616952639,182.111242010433,0.,           1349P   1924
-2.63086024792691D-16,0.947867298578198,0.,0.,0.;                   1349P   1925
126,1,1,0,0,1,0,-2.63086024792691D-16,-2.63086024792691D-16,        1351P   1926
0.947867298578198,0.947867298578198,1.,1.,-5.40197091774772,        1351P   1927
196.391604670144,2.,-5.40197091774772,196.391604670144,0.,          1351P   1928
-2.63086024792691D-16,0.947867298578198,0.,0.,0.;                   1351P   1929
126,1,1,0,0,1,0,0.,0.,0.199999999999999,0.199999999999999,1.,1.,    1353P   1930
31.8797006823542,0.,28.0164611753403,31.8797006823542,              1353P   1931
1.99999999999999,28.0164611753403,0.,0.199999999999999,0.,0.,0.;    1353P   1932
126,1,1,0,0,1,0,0.,0.,0.199999999999999,0.199999999999999,1.,1.,    1355P   1933
8.47876024238761,0.,28.0164611753403,8.47876024238761,              1355P   1934
1.99999999999999,28.0164611753403,0.,0.199999999999999,0.,0.,0.;    1355P   1935
126,1,1,0,0,1,0,0.,0.,0.199999999999999,0.199999999999999,1.,1.,    1357P   1936
4.97876024238761,0.,24.5164611753403,4.97876024238761,              1357P   1937
1.99999999999999,24.5164611753403,0.,0.199999999999999,0.,0.,0.;    1357P   1938
126,1,1,0,0,1,0,0.,0.,0.199999999999999,0.199999999999999,1.,1.,    1359P   1939
4.97876024238761,0.,21.6650120567515,4.97876024238761,              1359P   1940
1.99999999999999,21.6650120567515,0.,0.199999999999999,0.,0.,0.;    1359P   1941
126,1,1,0,0,1,0,0.,0.,0.199999999999999,0.199999999999999,1.,1.,    1361P   1942
8.47876024238761,0.,18.1650120567515,8.47876024238761,              1361P   1943
1.99999999999999,18.1650120567515,0.,0.199999999999999,0.,0.,0.;    1361P   1944
126,1,1,0,0,1,0,0.,0.,0.199999999999999,0.199999999999999,1.,1.,    1363P   1945
31.8797006823542,0.,18.1650120567515,31.8797006823542,              1363P   1946
1.99999999999999,18.1650120567515,0.,0.199999999999999,0.,0.,0.;    1363P   1947
126,1,1,0,0,1,0,0.,0.,0.199999999999999,0.199999999999999,1.,1.,    1365P   1948
35.3797006823542,0.,21.6650120567515,35.3797006823542,              1365P   1949
1.99999999999999,21.6650120567515,0.,0.199999999999999,0.,0.,0.;    1365P   1950
126,1,1,0,0,1,0,0.,0.,0.199999999999999,0.199999999999999,1.,1.,    1367P   1951
35.3797006823542,0.,24.5164611753403,35.3797006823542,              1367P   1952
1.99999999999999,24.5164611753403,0.,0.199999999999999,0.,0.,0.;    1367P   1953
126,1,1,0,0,1,0,-1.,-1.,-0.8,-0.8,1.,1.,-20.,164.005367687912,      1369P   1954
19.8164611753403,-18.,164.005367687912,19.8164611753403,-1.,        1369P   1955
-0.8,0.,0.,0.;                                                      1369P   1956
126,1,1,0,0,1,0,-1.,-1.,-0.8,-0.8,1.,1.,-20.,164.005367687912,      1371P   1957
28.0164611753403,-18.,164.005367687912,28.0164611753403,-1.,        1371P   1958
-0.8,0.,0.,0.;                                                      1371P   1959
126,1,1,0,0,1,0,-1.,-1.,-0.8,-0.8,1.,1.,-20.,178.455367687912,      1373P   1960
28.0164611753403,-18.,178.455367687912,28.0164611753403,-1.,        1373P   1961
-0.8,0.,0.,0.;                                                      1373P   1962
126,1,1,0,0,1,0,-1.,-1.,-0.8,-0.8,1.,1.,-20.,179.705367687912,      1375P   1963
26.7664611753403,-18.,179.705367687912,26.7664611753403,-1.,        1375P   1964
-0.8,0.,0.,0.;                                                      1375P   1965
126,1,1,0,0,1,0,-1.,-1.,-0.8,-0.8,1.,1.,-20.,179.705367687912,      1377P   1966
21.0664611753403,-18.,179.705367687912,21.0664611753403,-1.,        1377P   1967
-0.8,0.,0.,0.;                                                      1377P   1968
126,1,1,0,0,1,0,-1.,-1.,-0.8,-0.8,1.,1.,-20.,178.455367687912,      1379P   1969
19.8164611753403,-18.,178.455367687912,19.8164611753403,-1.,        1379P   1970
-0.8,0.,0.,0.;                                                      1379P   1971
126,1,1,0,0,1,0,-2.,-2.,-1.8,-1.8,1.,1.,-20.,152.537792756248,      1381P   1972
28.0164611753403,-18.,152.537792756248,28.0164611753403,-2.,        1381P   1973
-1.8,0.,0.,0.;                                                      1381P   1974
126,1,1,0,0,1,0,-2.,-2.,-1.8,-1.8,1.,1.,-20.,152.537792756248,      1383P   1975
22.2164611753403,-18.,152.537792756248,22.2164611753403,-2.,        1383P   1976
-1.8,0.,0.,0.;                                                      1383P   1977
126,1,1,0,0,1,0,-2.,-2.,-1.8,-1.8,1.,1.,-20.,142.537792756248,      1385P   1978
22.2164611753403,-18.,142.537792756248,22.2164611753403,-2.,        1385P   1979
-1.8,0.,0.,0.;                                                      1385P   1980
126,1,1,0,0,1,0,-2.,-2.,-1.8,-1.8,1.,1.,-20.,142.537792756248,      1387P   1981
28.0164611753403,-18.,142.537792756248,28.0164611753403,-2.,        1387P   1982
-1.8,0.,0.,0.;                                                      1387P   1983
126,1,1,0,0,1,0,-2.,-2.,-1.8,-1.8,1.,1.,-20.,139.537792756248,      1389P   1984
22.2164611753403,-18.,139.537792756248,22.2164611753403,-2.,        1389P   1985
-1.8,0.,0.,0.;                                                      1389P   1986
126,1,1,0,0,1,0,-2.,-2.,-1.8,-1.8,1.,1.,-20.,129.537792756248,      1391P   1987
22.2164611753403,-18.,129.537792756248,22.2164611753403,-2.,        1391P   1988
-1.8,0.,0.,0.;                                                      1391P   1989
126,1,1,0,0,1,0,-2.,-2.,-1.8,-1.8,1.,1.,-20.,129.537792756248,      1393P   1990
28.0164611753403,-18.,129.537792756248,28.0164611753403,-2.,        1393P   1991
-1.8,0.,0.,0.;                                                      1393P   1992
126,1,1,0,0,1,0,-2.,-2.,-1.8,-1.8,1.,1.,-20.,139.537792756248,      1395P   1993
28.0164611753403,-18.,139.537792756248,28.0164611753403,-2.,        1395P   1994
-1.8,0.,0.,0.;                                                      1395P   1995
126,1,1,0,0,1,0,2.00406669134114,2.00406669134114,                  1397P   1996
2.20014512271369,2.20014512271369,1.,1.,-18.,28.112,                1397P   1997
28.0164611753403,-20.,28.112,28.0164611753403,2.00406669134114,     1397P   1998
2.20014512271369,0.,0.,0.;                                          1397P   1999
126,1,1,0,0,1,0,2.00406669134114,2.00406669134114,                  1399P   2000
2.20014512271369,2.20014512271369,1.,1.,-18.,31.1108,               1399P   2001
28.0164611753403,-20.,31.1108,28.0164611753403,2.00406669134114,    1399P   2002
2.20014512271369,0.,0.,0.;                                          1399P   2003
126,1,1,0,0,1,0,2.00406669134114,2.00406669134114,                  1401P   2004
2.20014512271369,2.20014512271369,1.,1.,-18.,32.3348,               1401P   2005
26.527086528047,-20.,32.3348,26.527086528047,2.00406669134114,      1401P   2006
2.20014512271369,0.,0.,0.;                                          1401P   2007
126,1,1,0,0,1,0,2.00406669134114,2.00406669134114,                  1403P   2008
2.20014512271369,2.20014512271369,1.,1.,-18.,32.3348,               1403P   2009
17.5614611753403,-20.,32.3348,17.5614611753403,2.00406669134114,    1403P   2010
2.20014512271369,0.,0.,0.;                                          1403P   2011
126,1,1,0,0,1,0,2.00406669134114,2.00406669134114,                  1405P   2012
2.20014512271369,2.20014512271369,1.,1.,-18.,26.888,                1405P   2013
17.5614611753403,-20.,26.888,17.5614611753403,2.00406669134114,     1405P   2014
2.20014512271369,0.,0.,0.;                                          1405P   2015
126,1,1,0,0,1,0,2.00406669134114,2.00406669134114,                  1407P   2016
2.20014512271369,2.20014512271369,1.,1.,-18.,26.888,                1407P   2017
26.527086528047,-20.,26.888,26.527086528047,2.00406669134114,       1407P   2018
2.20014512271369,0.,0.,0.;                                          1407P   2019
126,1,1,0,0,1,0,2.00406669134114,2.00406669134114,                  1409P   2020
2.20014512271369,2.20014512271369,1.,1.,-18.,115.492,               1409P   2021
28.0164611753403,-20.,115.492,28.0164611753403,2.00406669134114,    1409P   2022
2.20014512271369,0.,0.,0.;                                          1409P   2023
126,1,1,0,0,1,0,2.00406669134114,2.00406669134114,                  1411P   2024
2.20014512271369,2.20014512271369,1.,1.,-18.,118.4908,              1411P   2025
28.0164611753403,-20.,118.4908,28.0164611753403,                    1411P   2026
2.00406669134114,2.20014512271369,0.,0.,0.;                         1411P   2027
126,1,1,0,0,1,0,2.00406669134114,2.00406669134114,                  1413P   2028
2.20014512271369,2.20014512271369,1.,1.,-18.,119.7148,              1413P   2029
26.527086528047,-20.,119.7148,26.527086528047,2.00406669134114,     1413P   2030
2.20014512271369,0.,0.,0.;                                          1413P   2031
126,1,1,0,0,1,0,2.00406669134114,2.00406669134114,                  1415P   2032
2.20014512271369,2.20014512271369,1.,1.,-18.,119.7148,              1415P   2033
17.5614611753403,-20.,119.7148,17.5614611753403,                    1415P   2034
2.00406669134114,2.20014512271369,0.,0.,0.;                         1415P   2035
126,1,1,0,0,1,0,2.00406669134114,2.00406669134114,                  1417P   2036
2.20014512271369,2.20014512271369,1.,1.,-18.,114.268,               1417P   2037
17.5614611753403,-20.,114.268,17.5614611753403,2.00406669134114,    1417P   2038
2.20014512271369,0.,0.,0.;                                          1417P   2039
126,1,1,0,0,1,0,2.00406669134114,2.00406669134114,                  1419P   2040
2.20014512271369,2.20014512271369,1.,1.,-18.,114.268,               1419P   2041
26.527086528047,-20.,114.268,26.527086528047,2.00406669134114,      1419P   2042
2.20014512271369,0.,0.,0.;                                          1419P   2043
126,1,1,0,0,1,0,2.00406669134114,2.00406669134114,                  1421P   2044
2.20014512271369,2.20014512271369,1.,1.,-18.,102.997,               1421P   2045
28.0164611753403,-20.,102.997,28.0164611753403,2.00406669134114,    1421P   2046
2.20014512271369,0.,0.,0.;                                          1421P   2047
126,1,1,0,0,1,0,2.00406669134114,2.00406669134114,                  1423P   2048
2.20014512271369,2.20014512271369,1.,1.,-18.,105.9958,              1423P   2049
28.0164611753403,-20.,105.9958,28.0164611753403,                    1423P   2050
2.00406669134114,2.20014512271369,0.,0.,0.;                         1423P   2051
126,1,1,0,0,1,0,2.00406669134114,2.00406669134114,                  1425P   2052
2.20014512271369,2.20014512271369,1.,1.,-18.,107.2198,              1425P   2053
26.527086528047,-20.,107.2198,26.527086528047,2.00406669134114,     1425P   2054
2.20014512271369,0.,0.,0.;                                          1425P   2055
126,1,1,0,0,1,0,2.00406669134114,2.00406669134114,                  1427P   2056
2.20014512271369,2.20014512271369,1.,1.,-18.,107.2198,              1427P   2057
17.5614611753403,-20.,107.2198,17.5614611753403,                    1427P   2058
2.00406669134114,2.20014512271369,0.,0.,0.;                         1427P   2059
126,1,1,0,0,1,0,2.00406669134114,2.00406669134114,                  1429P   2060
2.20014512271369,2.20014512271369,1.,1.,-18.,101.773,               1429P   2061
17.5614611753403,-20.,101.773,17.5614611753403,2.00406669134114,    1429P   2062
2.20014512271369,0.,0.,0.;                                          1429P   2063
126,1,1,0,0,1,0,2.00406669134114,2.00406669134114,                  1431P   2064
2.20014512271369,2.20014512271369,1.,1.,-18.,101.773,               1431P   2065
26.527086528047,-20.,101.773,26.527086528047,2.00406669134114,      1431P   2066
2.20014512271369,0.,0.,0.;                                          1431P   2067
126,1,1,0,0,1,0,2.00406669134114,2.00406669134114,                  1433P   2068
2.20014512271369,2.20014512271369,1.,1.,-18.,90.502,                1433P   2069
28.0164611753403,-20.,90.502,28.0164611753403,2.00406669134114,     1433P   2070
2.20014512271369,0.,0.,0.;                                          1433P   2071
126,1,1,0,0,1,0,2.00406669134114,2.00406669134114,                  1435P   2072
2.20014512271369,2.20014512271369,1.,1.,-18.,93.5008,               1435P   2073
28.0164611753403,-20.,93.5008,28.0164611753403,2.00406669134114,    1435P   2074
2.20014512271369,0.,0.,0.;                                          1435P   2075
126,1,1,0,0,1,0,2.00406669134114,2.00406669134114,                  1437P   2076
2.20014512271369,2.20014512271369,1.,1.,-18.,94.7248,               1437P   2077
26.527086528047,-20.,94.7248,26.527086528047,2.00406669134114,      1437P   2078
2.20014512271369,0.,0.,0.;                                          1437P   2079
126,1,1,0,0,1,0,2.00406669134114,2.00406669134114,                  1439P   2080
2.20014512271369,2.20014512271369,1.,1.,-18.,94.7248,               1439P   2081
17.5614611753403,-20.,94.7248,17.5614611753403,2.00406669134114,    1439P   2082
2.20014512271369,0.,0.,0.;                                          1439P   2083
126,1,1,0,0,1,0,2.00406669134114,2.00406669134114,                  1441P   2084
2.20014512271369,2.20014512271369,1.,1.,-18.,89.278,                1441P   2085
17.5614611753403,-20.,89.278,17.5614611753403,2.00406669134114,     1441P   2086
2.20014512271369,0.,0.,0.;                                          1441P   2087
126,1,1,0,0,1,0,2.00406669134114,2.00406669134114,                  1443P   2088
2.20014512271369,2.20014512271369,1.,1.,-18.,89.278,                1443P   2089
26.527086528047,-20.,89.278,26.527086528047,2.00406669134114,       1443P   2090
2.20014512271369,0.,0.,0.;                                          1443P   2091
126,1,1,0,0,1,0,2.00406669134114,2.00406669134114,                  1445P   2092
2.20014512271369,2.20014512271369,1.,1.,-18.,78.007,                1445P   2093
28.0164611753403,-20.,78.007,28.0164611753403,2.00406669134114,     1445P   2094
2.20014512271369,0.,0.,0.;                                          1445P   2095
126,1,1,0,0,1,0,2.00406669134114,2.00406669134114,                  1447P   2096
2.20014512271369,2.20014512271369,1.,1.,-18.,81.0058,               1447P   2097
28.0164611753403,-20.,81.0058,28.0164611753403,2.00406669134114,    1447P   2098
2.20014512271369,0.,0.,0.;                                          1447P   2099
126,1,1,0,0,1,0,2.00406669134114,2.00406669134114,                  1449P   2100
2.20014512271369,2.20014512271369,1.,1.,-18.,82.2298,               1449P   2101
26.527086528047,-20.,82.2298,26.527086528047,2.00406669134114,      1449P   2102
2.20014512271369,0.,0.,0.;                                          1449P   2103
126,1,1,0,0,1,0,2.00406669134114,2.00406669134114,                  1451P   2104
2.20014512271369,2.20014512271369,1.,1.,-18.,82.2298,               1451P   2105
17.5614611753403,-20.,82.2298,17.5614611753403,2.00406669134114,    1451P   2106
2.20014512271369,0.,0.,0.;                                          1451P   2107
126,1,1,0,0,1,0,2.00406669134114,2.00406669134114,                  1453P   2108
2.20014512271369,2.20014512271369,1.,1.,-18.,76.783,                1453P   2109
17.5614611753403,-20.,76.783,17.5614611753403,2.00406669134114,     1453P   2110
2.20014512271369,0.,0.,0.;                                          1453P   2111
126,1,1,0,0,1,0,2.00406669134114,2.00406669134114,                  1455P   2112
2.20014512271369,2.20014512271369,1.,1.,-18.,76.783,                1455P   2113
26.527086528047,-20.,76.783,26.527086528047,2.00406669134114,       1455P   2114
2.20014512271369,0.,0.,0.;                                          1455P   2115
126,1,1,0,0,1,0,2.00406669134114,2.00406669134114,                  1457P   2116
2.20014512271369,2.20014512271369,1.,1.,-18.,65.512,                1457P   2117
28.0164611753403,-20.,65.512,28.0164611753403,2.00406669134114,     1457P   2118
2.20014512271369,0.,0.,0.;                                          1457P   2119
126,1,1,0,0,1,0,2.00406669134114,2.00406669134114,                  1459P   2120
2.20014512271369,2.20014512271369,1.,1.,-18.,68.5108,               1459P   2121
28.0164611753403,-20.,68.5108,28.0164611753403,2.00406669134114,    1459P   2122
2.20014512271369,0.,0.,0.;                                          1459P   2123
126,1,1,0,0,1,0,2.00406669134114,2.00406669134114,                  1461P   2124
2.20014512271369,2.20014512271369,1.,1.,-18.,69.7348,               1461P   2125
26.527086528047,-20.,69.7348,26.527086528047,2.00406669134114,      1461P   2126
2.20014512271369,0.,0.,0.;                                          1461P   2127
126,1,1,0,0,1,0,2.00406669134114,2.00406669134114,                  1463P   2128
2.20014512271369,2.20014512271369,1.,1.,-18.,69.7348,               1463P   2129
17.5614611753403,-20.,69.7348,17.5614611753403,2.00406669134114,    1463P   2130
2.20014512271369,0.,0.,0.;                                          1463P   2131
126,1,1,0,0,1,0,2.00406669134114,2.00406669134114,                  1465P   2132
2.20014512271369,2.20014512271369,1.,1.,-18.,64.288,                1465P   2133
17.5614611753403,-20.,64.288,17.5614611753403,2.00406669134114,     1465P   2134
2.20014512271369,0.,0.,0.;                                          1465P   2135
126,1,1,0,0,1,0,2.00406669134114,2.00406669134114,                  1467P   2136
2.20014512271369,2.20014512271369,1.,1.,-18.,64.288,                1467P   2137
26.527086528047,-20.,64.288,26.527086528047,2.00406669134114,       1467P   2138
2.20014512271369,0.,0.,0.;                                          1467P   2139
126,1,1,0,0,1,0,2.00406669134114,2.00406669134114,                  1469P   2140
2.20014512271369,2.20014512271369,1.,1.,-18.,46.812,                1469P   2141
28.0164611753403,-20.,46.812,28.0164611753403,2.00406669134114,     1469P   2142
2.20014512271369,0.,0.,0.;                                          1469P   2143
126,1,1,0,0,1,0,2.00406669134114,2.00406669134114,                  1471P   2144
2.20014512271369,2.20014512271369,1.,1.,-18.,49.8108,               1471P   2145
28.0164611753403,-20.,49.8108,28.0164611753403,2.00406669134114,    1471P   2146
2.20014512271369,0.,0.,0.;                                          1471P   2147
126,1,1,0,0,1,0,2.00406669134114,2.00406669134114,                  1473P   2148
2.20014512271369,2.20014512271369,1.,1.,-18.,51.0348,               1473P   2149
26.527086528047,-20.,51.0348,26.527086528047,2.00406669134114,      1473P   2150
2.20014512271369,0.,0.,0.;                                          1473P   2151
126,1,1,0,0,1,0,2.00406669134114,2.00406669134114,                  1475P   2152
2.20014512271369,2.20014512271369,1.,1.,-18.,51.0348,               1475P   2153
17.5614611753403,-20.,51.0348,17.5614611753403,2.00406669134114,    1475P   2154
2.20014512271369,0.,0.,0.;                                          1475P   2155
126,1,1,0,0,1,0,2.00406669134114,2.00406669134114,                  1477P   2156
2.20014512271369,2.20014512271369,1.,1.,-18.,45.588,                1477P   2157
17.5614611753403,-20.,45.588,17.5614611753403,2.00406669134114,     1477P   2158
2.20014512271369,0.,0.,0.;                                          1477P   2159
126,1,1,0,0,1,0,2.00406669134114,2.00406669134114,                  1479P   2160
2.20014512271369,2.20014512271369,1.,1.,-18.,45.588,                1479P   2161
26.527086528047,-20.,45.588,26.527086528047,2.00406669134114,       1479P   2162
2.20014512271369,0.,0.,0.;                                          1479P   2163
126,1,1,0,0,1,0,2.00406669134114,2.00406669134114,                  1481P   2164
2.20014512271369,2.20014512271369,1.,1.,-18.,9.41200000000001,      1481P   2165
28.0164611753403,-20.,9.41200000000001,28.0164611753403,            1481P   2166
2.00406669134114,2.20014512271369,0.,0.,0.;                         1481P   2167
126,1,1,0,0,1,0,2.00406669134114,2.00406669134114,                  1483P   2168
2.20014512271369,2.20014512271369,1.,1.,-18.,12.4108,               1483P   2169
28.0164611753403,-20.,12.4108,28.0164611753403,2.00406669134114,    1483P   2170
2.20014512271369,0.,0.,0.;                                          1483P   2171
126,1,1,0,0,1,0,2.00406669134114,2.00406669134114,                  1485P   2172
2.20014512271369,2.20014512271369,1.,1.,-18.,13.6348,               1485P   2173
26.527086528047,-20.,13.6348,26.527086528047,2.00406669134114,      1485P   2174
2.20014512271369,0.,0.,0.;                                          1485P   2175
126,1,1,0,0,1,0,2.00406669134114,2.00406669134114,                  1487P   2176
2.20014512271369,2.20014512271369,1.,1.,-18.,13.6348,               1487P   2177
17.5614611753403,-20.,13.6348,17.5614611753403,2.00406669134114,    1487P   2178
2.20014512271369,0.,0.,0.;                                          1487P   2179
126,1,1,0,0,1,0,2.00406669134114,2.00406669134114,                  1489P   2180
2.20014512271369,2.20014512271369,1.,1.,-18.,8.18800000000001,      1489P   2181
17.5614611753403,-20.,8.18800000000001,17.5614611753403,            1489P   2182
2.00406669134114,2.20014512271369,0.,0.,0.;                         1489P   2183
126,1,1,0,0,1,0,2.00406669134114,2.00406669134114,                  1491P   2184
2.20014512271369,2.20014512271369,1.,1.,-18.,8.18800000000001,      1491P   2185
26.527086528047,-20.,8.18800000000001,26.527086528047,              1491P   2186
2.00406669134114,2.20014512271369,0.,0.,0.;                         1491P   2187
126,1,1,0,0,1,0,1.93363925087575,1.93363925087575,                  1493P   2188
2.1297176822483,2.1297176822483,1.,1.,96.,15.328,                   1493P   2189
18.6240960904523,98.,15.328,18.6240960904523,1.93363925087575,      1493P   2190
2.1297176822483,0.,0.,0.;                                           1493P   2191
126,1,1,0,0,1,0,-2.1297176822483,-2.1297176822483,                  1495P   2192
-1.93363925087575,-1.93363925087575,1.,1.,98.,31.24,                1495P   2193
18.6240960904523,96.,31.24,18.6240960904523,-2.1297176822483,       1495P   2194
-1.93363925087575,0.,0.,0.;                                         1495P   2195
126,1,1,0,0,1,0,-0.61636074912425,-0.61636074912425,                1497P   2196
-0.420282317751702,-0.420282317751702,1.,1.,96.,31.24,              1497P   2197
26.6310960904523,98.,31.24,26.6310960904523,-0.61636074912425,      1497P   2198
-0.420282317751702,0.,0.,0.;                                        1497P   2199
126,1,1,0,0,1,0,0.420282317751702,0.420282317751702,                1499P   2200
0.61636074912425,0.61636074912425,1.,1.,98.,15.328,                 1499P   2201
26.6310960904523,96.,15.328,26.6310960904523,0.420282317751702,     1499P   2202
0.61636074912425,0.,0.,0.;                                          1499P   2203
126,1,1,0,0,1,0,1.93363925087575,1.93363925087575,                  1501P   2204
2.1297176822483,2.1297176822483,1.,1.,96.,38.448,                   1501P   2205
18.6240960904523,98.,38.448,18.6240960904523,1.93363925087575,      1501P   2206
2.1297176822483,0.,0.,0.;                                           1501P   2207
126,1,1,0,0,1,0,-2.1297176822483,-2.1297176822483,                  1503P   2208
-1.93363925087575,-1.93363925087575,1.,1.,98.,54.36,                1503P   2209
18.6240960904523,96.,54.36,18.6240960904523,-2.1297176822483,       1503P   2210
-1.93363925087575,0.,0.,0.;                                         1503P   2211
126,1,1,0,0,1,0,-0.61636074912425,-0.61636074912425,                1505P   2212
-0.420282317751702,-0.420282317751702,1.,1.,96.,54.36,              1505P   2213
26.6310960904523,98.,54.36,26.6310960904523,-0.61636074912425,      1505P   2214
-0.420282317751702,0.,0.,0.;                                        1505P   2215
126,1,1,0,0,1,0,0.420282317751702,0.420282317751702,                1507P   2216
0.61636074912425,0.61636074912425,1.,1.,98.,38.448,                 1507P   2217
26.6310960904523,96.,38.448,26.6310960904523,0.420282317751702,     1507P   2218
0.61636074912425,0.,0.,0.;                                          1507P   2219
126,1,1,0,0,1,0,1.93363925087575,1.93363925087575,                  1509P   2220
2.1297176822483,2.1297176822483,1.,1.,96.,61.568,                   1509P   2221
18.6240960904523,98.,61.568,18.6240960904523,1.93363925087575,      1509P   2222
2.1297176822483,0.,0.,0.;                                           1509P   2223
126,1,1,0,0,1,0,-2.1297176822483,-2.1297176822483,                  1511P   2224
-1.93363925087575,-1.93363925087575,1.,1.,98.,77.48,                1511P   2225
18.6240960904523,96.,77.48,18.6240960904523,-2.1297176822483,       1511P   2226
-1.93363925087575,0.,0.,0.;                                         1511P   2227
126,1,1,0,0,1,0,-0.61636074912425,-0.61636074912425,                1513P   2228
-0.420282317751702,-0.420282317751702,1.,1.,96.,77.48,              1513P   2229
26.6310960904523,98.,77.48,26.6310960904523,-0.61636074912425,      1513P   2230
-0.420282317751702,0.,0.,0.;                                        1513P   2231
126,1,1,0,0,1,0,0.420282317751702,0.420282317751702,                1515P   2232
0.61636074912425,0.61636074912425,1.,1.,98.,61.568,                 1515P   2233
26.6310960904523,96.,61.568,26.6310960904523,0.420282317751702,     1515P   2234
0.61636074912425,0.,0.,0.;                                          1515P   2235
126,1,1,0,0,1,0,1.93363925087575,1.93363925087575,                  1517P   2236
2.1297176822483,2.1297176822483,1.,1.,96.,84.688,                   1517P   2237
18.6240960904523,98.,84.688,18.6240960904523,1.93363925087575,      1517P   2238
2.1297176822483,0.,0.,0.;                                           1517P   2239
126,1,1,0,0,1,0,-2.1297176822483,-2.1297176822483,                  1519P   2240
-1.93363925087575,-1.93363925087575,1.,1.,98.,100.6,                1519P   2241
18.6240960904523,96.,100.6,18.6240960904523,-2.1297176822483,       1519P   2242
-1.93363925087575,0.,0.,0.;                                         1519P   2243
126,1,1,0,0,1,0,-0.61636074912425,-0.61636074912425,                1521P   2244
-0.420282317751702,-0.420282317751702,1.,1.,96.,100.6,              1521P   2245
26.6310960904523,98.,100.6,26.6310960904523,-0.61636074912425,      1521P   2246
-0.420282317751702,0.,0.,0.;                                        1521P   2247
126,1,1,0,0,1,0,0.420282317751702,0.420282317751702,                1523P   2248
0.61636074912425,0.61636074912425,1.,1.,98.,84.688,                 1523P   2249
26.6310960904523,96.,84.688,26.6310960904523,0.420282317751702,     1523P   2250
0.61636074912425,0.,0.,0.;                                          1523P   2251
128,1,8,1,2,0,1,0,0,1,0.,0.,2.66666666666666,2.66666666666666,      1525P   2252
-3.14159265358979,-3.14159265358979,-3.14159265358979,              1525P   2253
-1.5707963267949,-1.5707963267949,0.,0.,1.5707963267949,            1525P   2254
1.5707963267949,3.14159265358979,3.14159265358979,                  1525P   2255
3.14159265358979,1.,1.,0.707106781186548,0.707106781186548,1.,      1525P   2256
1.,0.707106781186548,0.707106781186548,1.,1.,0.707106781186548,     1525P   2257
0.707106781186548,1.,1.,0.707106781186548,0.707106781186548,1.,     1525P   2258
1.,78.846753418157,-3.47482274839816,0.,78.846753418157,            1525P   2259
-3.47482274839816,4.,78.846753418157,-4.97482274839816,0.,          1525P   2260
78.846753418157,-4.97482274839816,4.,80.346753418157,               1525P   2261
-4.97482274839816,0.,80.346753418157,-4.97482274839816,4.,          1525P   2262
81.846753418157,-4.97482274839816,0.,81.846753418157,               1525P   2263
-4.97482274839816,4.,81.846753418157,-3.47482274839816,0.,          1525P   2264
81.846753418157,-3.47482274839816,4.,81.846753418157,               1525P   2265
-1.97482274839816,0.,81.846753418157,-1.97482274839816,4.,          1525P   2266
80.346753418157,-1.97482274839816,0.,80.346753418157,               1525P   2267
-1.97482274839816,4.,78.846753418157,-1.97482274839816,0.,          1525P   2268
78.846753418157,-1.97482274839816,4.,78.846753418157,               1525P   2269
-3.47482274839816,0.,78.846753418157,-3.47482274839816,4.,0.,       1525P   2270
2.66666666666666,-3.14159265358979,3.14159265358979;                1525P   2271
128,1,1,1,1,0,0,1,0,0,-0.001,-0.001,0.483545653204844,              1527P   2272
0.483545653204844,-0.001,-0.001,0.401,0.401,1.,1.,1.,1.,            1527P   2273
77.9240251521328,-6.42684340817517,-0.01,82.7694816841812,          1527P   2274
-6.42684340817517,-0.01,77.9240251521328,-6.42684340817517,4.01,    1527P   2275
82.7694816841812,-6.42684340817517,4.01,-0.001,                     1527P   2276
0.483545653204844,-0.001,0.401;                                     1527P   2277
128,1,2,1,2,0,0,0,0,0,0.,0.,1.82931897581158,1.82931897581158,      1529P   2278
-1.5707963267949,-1.5707963267949,-1.5707963267949,0.,0.,0.,1.,     1529P   2279
1.,0.707106781186548,0.707106781186548,1.,1.,75.7474190692732,      1529P   2280
-4.24023732531563,4.,75.7474190692732,-4.24023732531563,0.,         1529P   2281
75.7474190692732,-6.42684340817517,4.,75.7474190692732,             1529P   2282
-6.42684340817517,0.,77.9340251521328,-6.42684340817517,4.,         1529P   2283
77.9340251521328,-6.42684340817517,0.,0.,1.82931897581158,          1529P   2284
-1.5707963267949,0.;                                                1529P   2285
128,1,1,1,1,0,0,1,0,0,-0.001,-0.001,0.425023732531566,              1531P   2286
0.425023732531566,-0.001,-0.001,0.401,0.401,1.,1.,1.,1.,            1531P   2287
75.7474190692732,0.0100000000000355,-0.01,75.7474190692732,         1531P   2288
-4.25023732531563,-0.01,75.7474190692732,0.0100000000000355,        1531P   2289
4.01,75.7474190692732,-4.25023732531563,4.01,-0.001,                1531P   2290
0.425023732531566,-0.001,0.401;                                     1531P   2291
128,1,1,1,1,0,0,1,0,0,-0.001,-0.001,0.425023732531566,              1533P   2292
0.425023732531566,-0.001,-0.001,0.401,0.401,1.,1.,1.,1.,            1533P   2293
84.9460877670408,-4.25023732531563,-0.01,84.9460877670408,          1533P   2294
0.0100000000000355,-0.01,84.9460877670408,-4.25023732531563,        1533P   2295
4.01,84.9460877670408,0.0100000000000355,4.01,-0.001,               1533P   2296
0.425023732531566,-0.001,0.401;                                     1533P   2297
128,1,2,1,2,0,0,0,0,0,0.,0.,1.82931897581158,1.82931897581158,      1535P   2298
-1.5707963267949,-1.5707963267949,-1.5707963267949,0.,0.,0.,1.,     1535P   2299
1.,0.707106781186548,0.707106781186548,1.,1.,82.7594816841812,      1535P   2300
-6.42684340817517,4.,82.7594816841812,-6.42684340817517,0.,         1535P   2301
84.9460877670408,-6.42684340817517,4.,84.9460877670408,             1535P   2302
-6.42684340817517,0.,84.9460877670408,-4.24023732531563,4.,         1535P   2303
84.9460877670408,-4.24023732531563,0.,0.,1.82931897581158,          1535P   2304
-1.5707963267949,0.;                                                1535P   2305
128,1,1,1,1,0,0,1,0,0,-0.460933434888377,-0.460933434888377,        1537P   2306
0.460933434888377,0.460933434888377,-0.32234217040876,              1537P   2307
-0.32234217040876,0.32234217040876,0.32234217040876,1.,1.,1.,1.,    1537P   2308
84.9560877670408,0.0100000000000355,4.,75.7374190692732,            1537P   2309
0.0100000000000355,4.,84.9560877670408,-6.43684340817517,4.,        1537P   2310
75.7374190692732,-6.43684340817517,4.,-0.460933434888377,           1537P   2311
0.460933434888377,-0.32234217040876,0.32234217040876;               1537P   2312
128,1,8,1,2,0,1,0,0,1,0.,0.,2.66666666666666,2.66666666666666,      1539P   2313
-3.14159265358979,-3.14159265358979,-3.14159265358979,              1539P   2314
-1.5707963267949,-1.5707963267949,0.,0.,1.5707963267949,            1539P   2315
1.5707963267949,3.14159265358979,3.14159265358979,                  1539P   2316
3.14159265358979,1.,1.,0.707106781186548,0.707106781186548,1.,      1539P   2317
1.,0.707106781186548,0.707106781186548,1.,1.,0.707106781186548,     1539P   2318
0.707106781186548,1.,1.,0.707106781186548,0.707106781186548,1.,     1539P   2319
1.,78.846753418157,216.474822748398,0.,78.846753418157,             1539P   2320
216.474822748398,4.,78.846753418157,214.974822748398,0.,            1539P   2321
78.846753418157,214.974822748398,4.,80.346753418157,                1539P   2322
214.974822748398,0.,80.346753418157,214.974822748398,4.,            1539P   2323
81.846753418157,214.974822748398,0.,81.846753418157,                1539P   2324
214.974822748398,4.,81.846753418157,216.474822748398,0.,            1539P   2325
81.846753418157,216.474822748398,4.,81.846753418157,                1539P   2326
217.974822748398,0.,81.846753418157,217.974822748398,4.,            1539P   2327
80.346753418157,217.974822748398,0.,80.346753418157,                1539P   2328
217.974822748398,4.,78.846753418157,217.974822748398,0.,            1539P   2329
78.846753418157,217.974822748398,4.,78.846753418157,                1539P   2330
216.474822748398,0.,78.846753418157,216.474822748398,4.,0.,         1539P   2331
2.66666666666666,-3.14159265358979,3.14159265358979;                1539P   2332
128,1,1,1,1,0,0,1,0,0,-0.001,-0.001,0.483545653204844,              1541P   2333
0.483545653204844,-0.001,-0.001,0.401,0.401,1.,1.,1.,1.,            1541P   2334
82.7694816841812,219.426843408175,-0.01,77.9240251521327,           1541P   2335
219.426843408175,-0.01,82.7694816841812,219.426843408175,4.01,      1541P   2336
77.9240251521327,219.426843408175,4.01,-0.001,0.483545653204844,    1541P   2337
-0.001,0.401;                                                       1541P   2338
128,1,2,1,2,0,0,0,0,0,0.,0.,1.82931897581158,1.82931897581158,      1543P   2339
-1.5707963267949,-1.5707963267949,-1.5707963267949,0.,0.,0.,1.,     1543P   2340
1.,0.707106781186548,0.707106781186548,1.,1.,84.9460877670407,      1543P   2341
217.240237325316,4.,84.9460877670407,217.240237325316,0.,           1543P   2342
84.9460877670407,219.426843408175,4.,84.9460877670407,              1543P   2343
219.426843408175,0.,82.7594816841812,219.426843408175,4.,           1543P   2344
82.7594816841812,219.426843408175,0.,0.,1.82931897581158,           1543P   2345
-1.5707963267949,0.;                                                1543P   2346
128,1,1,1,1,0,0,1,0,0,-0.001,-0.001,0.425023732531566,              1545P   2347
0.425023732531566,-0.001,-0.001,0.401,0.401,1.,1.,1.,1.,            1545P   2348
84.9460877670407,212.99,-0.01,84.9460877670407,217.250237325316,    1545P   2349
-0.01,84.9460877670407,212.99,4.01,84.9460877670407,                1545P   2350
217.250237325316,4.01,-0.001,0.425023732531566,-0.001,0.401;        1545P   2351
128,1,1,1,1,0,0,1,0,0,-0.001,-0.001,0.425023732531566,              1547P   2352
0.425023732531566,-0.001,-0.001,0.401,0.401,1.,1.,1.,1.,            1547P   2353
75.7474190692732,217.250237325316,-0.01,75.7474190692732,212.99,    1547P   2354
-0.01,75.7474190692732,217.250237325316,4.01,75.7474190692732,      1547P   2355
212.99,4.01,-0.001,0.425023732531566,-0.001,0.401;                  1547P   2356
128,1,2,1,2,0,0,0,0,0,0.,0.,1.82931897581158,1.82931897581158,      1549P   2357
-1.5707963267949,-1.5707963267949,-1.5707963267949,0.,0.,0.,1.,     1549P   2358
1.,0.707106781186548,0.707106781186548,1.,1.,77.9340251521327,      1549P   2359
219.426843408175,4.,77.9340251521327,219.426843408175,0.,           1549P   2360
75.7474190692732,219.426843408175,4.,75.7474190692732,              1549P   2361
219.426843408175,0.,75.7474190692732,217.240237325316,4.,           1549P   2362
75.7474190692732,217.240237325316,0.,0.,1.82931897581158,           1549P   2363
-1.5707963267949,0.;                                                1549P   2364
128,1,1,1,1,0,0,1,0,0,-0.460933434888376,-0.460933434888376,        1551P   2365
0.460933434888377,0.460933434888377,-0.322342170408762,             1551P   2366
-0.322342170408762,0.322342170408759,0.322342170408759,1.,1.,1.,    1551P   2367
1.,84.9560877670407,219.436843408175,4.,75.7374190692732,           1551P   2368
219.436843408175,4.,84.9560877670407,212.99,4.,75.7374190692732,    1551P   2369
212.99,4.,-0.460933434888376,0.460933434888377,                     1551P   2370
-0.322342170408762,0.322342170408759;                               1551P   2371
128,1,8,1,2,0,1,0,0,1,0.,0.,2.66666666666667,2.66666666666667,      1553P   2372
-3.14159265358979,-3.14159265358979,-3.14159265358979,              1553P   2373
-1.5707963267949,-1.5707963267949,0.,0.,1.5707963267949,            1553P   2374
1.5707963267949,3.14159265358979,3.14159265358979,                  1553P   2375
3.14159265358979,1.,1.,0.707106781186548,0.707106781186548,1.,      1553P   2376
1.,0.707106781186548,0.707106781186548,1.,1.,0.707106781186548,     1553P   2377
0.707106781186548,1.,1.,0.707106781186548,0.707106781186548,1.,     1553P   2378
1.,-3.84675341815691,-3.4748227483982,0.,-3.84675341815691,         1553P   2379
-3.4748227483982,4.,-3.84675341815691,-4.97482274839819,0.,         1553P   2380
-3.84675341815691,-4.97482274839819,4.,-2.34675341815691,           1553P   2381
-4.9748227483982,0.,-2.34675341815691,-4.9748227483982,4.,          1553P   2382
-0.846753418156916,-4.97482274839819,0.,-0.846753418156916,         1553P   2383
-4.97482274839819,4.,-0.846753418156916,-3.4748227483982,0.,        1553P   2384
-0.846753418156916,-3.4748227483982,4.,-0.846753418156916,          1553P   2385
-1.9748227483982,0.,-0.846753418156916,-1.9748227483982,4.,         1553P   2386
-2.34675341815691,-1.9748227483982,0.,-2.34675341815691,            1553P   2387
-1.9748227483982,4.,-3.84675341815691,-1.9748227483982,0.,          1553P   2388
-3.84675341815691,-1.9748227483982,4.,-3.84675341815691,            1553P   2389
-3.4748227483982,0.,-3.84675341815691,-3.4748227483982,4.,0.,       1553P   2390
2.66666666666667,-3.14159265358979,3.14159265358979;                1553P   2391
128,1,2,1,2,0,0,0,0,0,0.,0.,1.82931897581158,1.82931897581158,      1555P   2392
-1.5707963267949,-1.5707963267949,-1.5707963267949,0.,0.,0.,1.,     1555P   2393
1.,0.707106781186548,0.707106781186548,1.,1.,0.0659748478673094,    1555P   2394
-6.42684340817521,4.,0.0659748478673094,-6.42684340817521,0.,       1555P   2395
2.25258093072686,-6.42684340817521,4.,2.25258093072686,             1555P   2396
-6.42684340817521,0.,2.25258093072686,-4.24023732531566,4.,         1555P   2397
2.25258093072686,-4.24023732531566,0.,0.,1.82931897581158,          1555P   2398
-1.5707963267949,0.;                                                1555P   2399
128,1,1,1,1,0,0,1,0,0,-0.001,-0.001,0.483545653204845,              1557P   2400
0.483545653204845,-0.001,-0.001,0.401,0.401,1.,1.,1.,1.,            1557P   2401
-4.76948168418114,-6.42684340817521,-0.01,0.0759748478673095,       1557P   2402
-6.42684340817521,-0.01,-4.76948168418114,-6.42684340817521,        1557P   2403
4.01,0.0759748478673095,-6.42684340817521,4.01,-0.001,              1557P   2404
0.483545653204845,-0.001,0.401;                                     1557P   2405
128,1,2,1,2,0,0,0,0,0,0.,0.,1.82931897581158,1.82931897581158,      1559P   2406
-1.5707963267949,-1.5707963267949,-1.5707963267949,0.,0.,0.,1.,     1559P   2407
1.,0.707106781186548,0.707106781186548,1.,1.,-6.94608776704069,     1559P   2408
-4.24023732531566,4.,-6.94608776704069,-4.24023732531566,0.,        1559P   2409
-6.94608776704069,-6.42684340817521,4.,-6.94608776704069,           1559P   2410
-6.42684340817521,0.,-4.75948168418114,-6.42684340817521,4.,        1559P   2411
-4.75948168418114,-6.42684340817521,0.,0.,1.82931897581158,         1559P   2412
-1.5707963267949,0.;                                                1559P   2413
128,1,1,1,1,0,0,1,0,0,-0.001,-0.001,0.425023732531566,              1561P   2414
0.425023732531566,-0.001,-0.001,0.401,0.401,1.,1.,1.,1.,            1561P   2415
-6.94608776704069,0.01,-0.01,-6.94608776704069,                     1561P   2416
-4.25023732531566,-0.01,-6.94608776704069,0.01,4.01,                1561P   2417
-6.94608776704069,-4.25023732531566,4.01,-0.001,                    1561P   2418
0.425023732531566,-0.001,0.401;                                     1561P   2419
128,1,1,1,1,0,0,1,0,0,-0.001,-0.001,0.425023732531566,              1563P   2420
0.425023732531566,-0.001,-0.001,0.401,0.401,1.,1.,1.,1.,            1563P   2421
2.25258093072686,-4.25023732531566,-0.01,2.25258093072686,0.01,     1563P   2422
-0.01,2.25258093072686,-4.25023732531566,4.01,2.25258093072686,     1563P   2423
0.01,4.01,-0.001,0.425023732531566,-0.001,0.401;                    1563P   2424
128,1,1,1,1,0,0,1,0,0,-0.460933434888377,-0.460933434888377,        1565P   2425
0.460933434888377,0.460933434888377,-0.32234217040876,              1565P   2426
-0.32234217040876,0.32234217040876,0.32234217040876,1.,1.,1.,1.,    1565P   2427
2.26258093072686,0.01,4.,-6.95608776704069,0.01,4.,                 1565P   2428
2.26258093072686,-6.43684340817521,4.,-6.95608776704069,            1565P   2429
-6.43684340817521,4.,-0.460933434888377,0.460933434888377,          1565P   2430
-0.32234217040876,0.32234217040876;                                 1565P   2431
128,1,8,1,2,0,1,0,0,1,0.,0.,2.66666666666667,2.66666666666667,      1567P   2432
-3.14159265358979,-3.14159265358979,-3.14159265358979,              1567P   2433
-1.5707963267949,-1.5707963267949,0.,0.,1.5707963267949,            1567P   2434
1.5707963267949,3.14159265358979,3.14159265358979,                  1567P   2435
3.14159265358979,1.,1.,0.707106781186548,0.707106781186548,1.,      1567P   2436
1.,0.707106781186548,0.707106781186548,1.,1.,0.707106781186548,     1567P   2437
0.707106781186548,1.,1.,0.707106781186548,0.707106781186548,1.,     1567P   2438
1.,-3.84675341815695,216.474822748398,0.,-3.84675341815695,         1567P   2439
216.474822748398,4.,-3.84675341815695,214.974822748398,0.,          1567P   2440
-3.84675341815695,214.974822748398,4.,-2.34675341815695,            1567P   2441
214.974822748398,0.,-2.34675341815695,214.974822748398,4.,          1567P   2442
-0.846753418156952,214.974822748398,0.,-0.846753418156952,          1567P   2443
214.974822748398,4.,-0.846753418156952,216.474822748398,0.,         1567P   2444
-0.846753418156952,216.474822748398,4.,-0.846753418156952,          1567P   2445
217.974822748398,0.,-0.846753418156952,217.974822748398,4.,         1567P   2446
-2.34675341815695,217.974822748398,0.,-2.34675341815695,            1567P   2447
217.974822748398,4.,-3.84675341815695,217.974822748398,0.,          1567P   2448
-3.84675341815695,217.974822748398,4.,-3.84675341815695,            1567P   2449
216.474822748398,0.,-3.84675341815695,216.474822748398,4.,0.,       1567P   2450
2.66666666666667,-3.14159265358979,3.14159265358979;                1567P   2451
128,1,2,1,2,0,0,0,0,0,0.,0.,1.82931897581158,1.82931897581158,      1569P   2452
-1.5707963267949,-1.5707963267949,-1.5707963267949,0.,0.,0.,1.,     1569P   2453
1.,0.707106781186548,0.707106781186548,1.,1.,-4.75948168418117,     1569P   2454
219.426843408175,4.,-4.75948168418117,219.426843408175,0.,          1569P   2455
-6.94608776704072,219.426843408175,4.,-6.94608776704072,            1569P   2456
219.426843408175,0.,-6.94608776704072,217.240237325316,4.,          1569P   2457
-6.94608776704072,217.240237325316,0.,0.,1.82931897581158,          1569P   2458
-1.5707963267949,0.;                                                1569P   2459
128,1,1,1,1,0,0,1,0,0,-0.001,-0.001,0.483545653204844,              1571P   2460
0.483545653204844,-0.001,-0.001,0.401,0.401,1.,1.,1.,1.,            1571P   2461
0.075974847867265,219.426843408175,-0.01,-4.76948168418117,         1571P   2462
219.426843408175,-0.01,0.075974847867265,219.426843408175,4.01,     1571P   2463
-4.76948168418117,219.426843408175,4.01,-0.001,                     1571P   2464
0.483545653204844,-0.001,0.401;                                     1571P   2465
128,1,2,1,2,0,0,0,0,0,0.,0.,1.82931897581158,1.82931897581158,      1573P   2466
-1.5707963267949,-1.5707963267949,-1.5707963267949,0.,0.,0.,1.,     1573P   2467
1.,0.707106781186548,0.707106781186548,1.,1.,2.25258093072681,      1573P   2468
217.240237325316,4.,2.25258093072681,217.240237325316,0.,           1573P   2469
2.25258093072681,219.426843408175,4.,2.25258093072681,              1573P   2470
219.426843408175,0.,0.065974847867265,219.426843408175,4.,          1573P   2471
0.065974847867265,219.426843408175,0.,0.,1.82931897581158,          1573P   2472
-1.5707963267949,0.;                                                1573P   2473
128,1,1,1,1,0,0,1,0,0,-0.001,-0.001,0.425023732531566,              1575P   2474
0.425023732531566,-0.001,-0.001,0.401,0.401,1.,1.,1.,1.,            1575P   2475
2.25258093072681,212.99,-0.01,2.25258093072681,217.250237325316,    1575P   2476
-0.01,2.25258093072681,212.99,4.01,2.25258093072681,                1575P   2477
217.250237325316,4.01,-0.001,0.425023732531566,-0.001,0.401;        1575P   2478
128,1,1,1,1,0,0,1,0,0,-0.001,-0.001,0.425023732531566,              1577P   2479
0.425023732531566,-0.001,-0.001,0.401,0.401,1.,1.,1.,1.,            1577P   2480
-6.94608776704072,217.250237325316,-0.01,-6.94608776704072,         1577P   2481
212.99,-0.01,-6.94608776704072,217.250237325316,4.01,               1577P   2482
-6.94608776704072,212.99,4.01,-0.001,0.425023732531566,-0.001,      1577P   2483
0.401;                                                              1577P   2484
128,1,1,1,1,0,0,1,0,0,-0.460933434888377,-0.460933434888377,        1579P   2485
0.460933434888377,0.460933434888377,-0.322342170408762,             1579P   2486
-0.322342170408762,0.322342170408759,0.322342170408759,1.,1.,1.,    1579P   2487
1.,2.26258093072681,219.436843408175,4.,-6.95608776704072,          1579P   2488
219.436843408175,4.,2.26258093072681,212.99,4.,                     1579P   2489
-6.95608776704072,212.99,4.,-0.460933434888377,                     1579P   2490
0.460933434888377,-0.322342170408762,0.322342170408759;             1579P   2491
128,1,2,1,2,0,0,0,0,0,-3.6,-3.6,2.6,2.6,-0.785398163397448,         1581P   2492
-0.785398163397448,-0.785398163397448,0.785398163397448,            1581P   2493
0.785398163397448,0.785398163397448,1.,1.,0.707106781186548,        1581P   2494
0.707106781186548,1.,1.,91.,2.,2.,91.,2.,33.,96.,                   1581P   2495
1.99999999999999,2.,96.,1.99999999999999,33.,96.,                   1581P   2496
6.99999999999999,2.,96.,6.99999999999999,33.,-3.6,2.6,              1581P   2497
-0.785398163397448,0.785398163397448;                               1581P   2498
128,1,1,1,1,0,0,1,0,0,-1.001,-1.001,18.901,18.901,-1.801,-1.801,    1583P   2499
1.301,1.301,1.,1.,1.,1.,96.,206.01,1.99,96.,6.98999999999998,       1583P   2500
1.99,96.,206.01,33.01,96.,6.98999999999998,33.01,-1.001,18.901,     1583P   2501
-1.801,1.301;                                                       1583P   2502
128,1,2,1,2,0,0,0,0,0,-2.6,-2.6,3.6,3.6,-0.785398163397448,         1585P   2503
-0.785398163397448,-0.785398163397448,0.785398163397449,            1585P   2504
0.785398163397449,0.785398163397449,1.,1.,0.707106781186547,        1585P   2505
0.707106781186547,1.,1.,-13.,1.99999999999999,33.,-13.,             1585P   2506
1.99999999999999,2.,-18.,1.99999999999999,33.,-18.,                 1585P   2507
1.99999999999999,2.,-18.,6.99999999999999,33.,-18.,                 1585P   2508
6.99999999999999,2.,-2.6,3.6,-0.785398163397448,                    1585P   2509
0.785398163397449;                                                  1585P   2510
128,1,1,1,1,0,0,1,0,0,-0.501,-0.501,9.901,9.901,-1.801,-1.801,      1587P   2511
1.301,1.301,1.,1.,1.,1.,91.01,1.99999999999999,1.99,-13.01,         1587P   2512
1.99999999999999,1.99,91.01,1.99999999999999,33.01,-13.01,          1587P   2513
1.99999999999999,33.01,-0.501,9.901,-1.801,1.301;                   1587P   2514
128,1,2,1,2,0,0,0,0,0,-4.,-4.,2.6,2.6,-0.785398163397448,           1589P   2515
-0.785398163397448,-0.785398163397448,0.785398163397448,            1589P   2516
0.785398163397448,0.785398163397448,1.,1.,0.707106781186548,        1589P   2517
0.707106781186548,1.,1.,93.,4.9960036108132D-15,33.,93.,            1589P   2518
4.9960036108132D-15,0.,98.,1.66533453693773D-15,33.,98.,            1589P   2519
1.66533453693773D-15,0.,98.,5.,33.,98.,5.,0.,-4.,2.6,               1589P   2520
-0.785398163397448,0.785398163397448;                               1589P   2521
128,1,1,1,1,0,0,1,0,0,-0.501,-0.501,10.301,10.301,-2.001,-2.001,    1591P   2522
1.301,1.301,1.,1.,1.,1.,-15.01,0.,-0.0099999999999989,93.01,0.,     1591P   2523
-0.0099999999999989,-15.01,0.,33.01,93.01,0.,33.01,-0.501,          1591P   2524
10.301,-2.001,1.301;                                                1591P   2525
128,1,1,1,1,0,0,1,0,0,-6.901,-6.901,4.901,4.901,-8.901,-8.901,      1593P   2526
12.401,12.401,1.,1.,1.,1.,-20.01,-0.00999999999999446,33.,98.01,    1593P   2527
-0.00999999999999446,33.,-20.01,213.01,33.,98.01,213.01,33.,        1593P   2528
-6.901,4.901,-8.901,12.401;                                         1593P   2529
128,1,2,1,2,0,0,0,0,0,-2.6,-2.6,4.,4.,-0.785398163397448,           1595P   2530
-0.785398163397448,-0.785398163397448,0.785398163397448,            1595P   2531
0.785398163397448,0.785398163397448,1.,1.,0.707106781186548,        1595P   2532
0.707106781186548,1.,1.,-15.,5.55111512312578D-16,0.,-15.,          1595P   2533
5.55111512312578D-16,33.,-20.,1.66533453693773D-15,0.,-20.,         1595P   2534
1.66533453693773D-15,33.,-20.,5.,0.,-20.,5.,33.,-2.6,4.,            1595P   2535
-0.785398163397448,0.785398163397448;                               1595P   2536
128,1,1,1,1,0,0,1,0,0,-1.501,-1.501,18.401,18.401,-1.801,-1.801,    1597P   2537
1.301,1.301,1.,1.,1.,1.,-18.,6.98999999999999,1.99,-18.,206.01,     1597P   2538
1.99,-18.,6.98999999999999,33.01,-18.,206.01,33.01,-1.501,          1597P   2539
18.401,-1.801,1.301;                                                1597P   2540
128,1,1,1,1,0,0,1,0,0,-6.701,-6.701,4.701,4.701,-8.701,-8.701,      1599P   2541
12.201,12.201,1.,1.,1.,1.,-18.01,1.99,2.,96.01,1.99,2.,-18.01,      1599P   2542
211.01,2.,96.01,211.01,2.,-6.701,4.701,-8.701,12.201;               1599P   2543
128,1,1,1,1,0,0,1,0,0,-1.001,-1.001,19.301,19.301,-2.001,-2.001,    1601P   2544
1.301,1.301,1.,1.,1.,1.,-20.,208.01,-0.0099999999999989,-20.,       1601P   2545
4.98999999999999,-0.0099999999999989,-20.,208.01,33.01,-20.,        1601P   2546
4.98999999999999,33.01,-1.001,19.301,-2.001,1.301;                  1601P   2547
128,1,1,1,1,0,0,1,0,0,-1.501,-1.501,18.801,18.801,-2.001,-2.001,    1603P   2548
1.301,1.301,1.,1.,1.,1.,98.,4.99,-0.0099999999999989,98.,208.01,    1603P   2549
-0.0099999999999989,98.,4.99,33.01,98.,208.01,33.01,-1.501,         1603P   2550
18.801,-2.001,1.301;                                                1603P   2551
128,1,2,1,2,0,0,0,0,0,-4.,-4.,2.6,2.6,-0.785398163397448,           1605P   2552
-0.785398163397448,-0.785398163397448,0.785398163397448,            1605P   2553
0.785398163397448,0.785398163397448,1.,1.,0.707106781186548,        1605P   2554
0.707106781186548,1.,1.,98.,208.,33.,98.,208.,0.,98.,213.,33.,      1605P   2555
98.,213.,0.,93.,213.,33.,93.,213.,0.,-4.,2.6,-0.785398163397448,    1605P   2556
0.785398163397448;                                                  1605P   2557
128,1,1,1,1,0,0,1,0,0,-0.501,-0.501,10.301,10.301,-2.001,-2.001,    1607P   2558
1.301,1.301,1.,1.,1.,1.,93.01,213.,-0.0099999999999989,-15.01,      1607P   2559
213.,-0.0099999999999989,93.01,213.,33.01,-15.01,213.,33.01,        1607P   2560
-0.501,10.301,-2.001,1.301;                                         1607P   2561
128,1,1,1,1,0,0,1,0,0,-6.901,-6.901,4.901,4.901,                    1609P   2562
-9.54368434081752,-9.54368434081752,13.0436843408175,               1609P   2563
13.0436843408175,1.,1.,1.,1.,98.01,-6.4368434081752,0.,-20.01,      1609P   2564
-6.4368434081752,0.,98.01,219.436843408175,0.,-20.01,               1609P   2565
219.436843408175,0.,-6.901,4.901,-9.54368434081752,                 1609P   2566
13.0436843408175;                                                   1609P   2567
128,1,2,1,2,0,0,0,0,0,-3.6,-3.6,2.6,2.6,-0.785398163397448,         1611P   2568
-0.785398163397448,-0.785398163397448,0.785398163397448,            1611P   2569
0.785398163397448,0.785398163397448,1.,1.,0.707106781186548,        1611P   2570
0.707106781186548,1.,1.,96.,206.,2.,96.,206.,33.,96.,211.,2.,       1611P   2571
96.,211.,33.,91.,211.,2.,91.,211.,33.,-3.6,2.6,                     1611P   2572
-0.785398163397448,0.785398163397448;                               1611P   2573
128,1,1,1,1,0,0,1,0,0,-0.501000000000001,-0.501000000000001,        1613P   2574
9.901,9.901,-1.801,-1.801,1.301,1.301,1.,1.,1.,1.,-13.01,211.,      1613P   2575
1.99,91.01,211.,1.99,-13.01,211.,33.01,91.01,211.,33.01,            1613P   2576
-0.501000000000001,9.901,-1.801,1.301;                              1613P   2577
128,1,8,1,2,0,1,0,0,1,1.32086719938385,1.32086719938385,            1615P   2578
1.84921407913738,1.84921407913738,-3.14159265358979,                1615P   2579
-3.14159265358979,-3.14159265358979,-1.5707963267949,               1615P   2580
-1.5707963267949,0.,0.,1.5707963267949,1.5707963267949,             1615P   2581
3.14159265358979,3.14159265358979,3.14159265358979,1.,1.,           1615P   2582
0.707106781186548,0.707106781186548,1.,1.,0.707106781186548,        1615P   2583
0.707106781186548,1.,1.,0.707106781186548,0.707106781186548,1.,     1615P   2584
1.,0.707106781186548,0.707106781186548,1.,1.,28.0943087804791,      1615P   2585
211.,23.1069523643861,28.0943087804791,213.,23.1069523643861,       1615P   2586
28.0943087804791,211.,26.8923442662611,28.0943087804791,213.,       1615P   2587
26.8923442662611,31.8797006823542,211.,26.8923442662611,            1615P   2588
31.8797006823542,213.,26.8923442662611,35.6650925842292,211.,       1615P   2589
26.8923442662611,35.6650925842292,213.,26.8923442662611,            1615P   2590
35.6650925842292,211.,23.1069523643861,35.6650925842292,213.,       1615P   2591
23.1069523643861,35.6650925842292,211.,19.321560462511,             1615P   2592
35.6650925842292,213.,19.321560462511,31.8797006823542,211.,        1615P   2593
19.321560462511,31.8797006823542,213.,19.321560462511,              1615P   2594
28.0943087804791,211.,19.321560462511,28.0943087804791,213.,        1615P   2595
19.321560462511,28.0943087804791,211.,23.1069523643861,             1615P   2596
28.0943087804791,213.,23.1069523643861,1.32086719938385,            1615P   2597
1.84921407913738,-3.14159265358979,3.14159265358979;                1615P   2598
128,1,8,1,2,0,1,0,0,1,-2.63086024792691D-16,                        1617P   2599
-2.63086024792691D-16,0.947867298578198,0.947867298578198,          1617P   2600
-3.14159265358979,-3.14159265358979,-3.14159265358979,              1617P   2601
-1.5707963267949,-1.5707963267949,0.,0.,1.5707963267949,            1617P   2602
1.5707963267949,3.14159265358979,3.14159265358979,                  1617P   2603
3.14159265358979,1.,1.,0.707106781186548,0.707106781186548,1.,      1617P   2604
1.,0.707106781186548,0.707106781186548,1.,1.,0.707106781186548,     1617P   2605
0.707106781186548,1.,1.,0.707106781186548,0.707106781186548,1.,     1617P   2606
1.,41.9980290822523,196.391604670144,2.,41.9980290822523,           1617P   2607
196.391604670144,0.,41.9980290822523,194.281604670144,2.,           1617P   2608
41.9980290822523,194.281604670144,0.,39.8880290822523,              1617P   2609
194.281604670144,2.,39.8880290822523,194.281604670144,0.,           1617P   2610
37.7780290822523,194.281604670144,2.,37.7780290822523,              1617P   2611
194.281604670144,0.,37.7780290822523,196.391604670144,2.,           1617P   2612
37.7780290822523,196.391604670144,0.,37.7780290822523,              1617P   2613
198.501604670144,2.,37.7780290822523,198.501604670144,0.,           1617P   2614
39.8880290822523,198.501604670144,2.,39.8880290822523,              1617P   2615
198.501604670144,0.,41.9980290822523,198.501604670144,2.,           1617P   2616
41.9980290822523,198.501604670144,0.,41.9980290822523,              1617P   2617
196.391604670144,2.,41.9980290822523,196.391604670144,0.,           1617P   2618
-2.63086024792691D-16,0.947867298578198,-3.14159265358979,          1617P   2619
3.14159265358979;                                                   1617P   2620
128,1,8,1,2,0,1,0,0,1,-2.63086024792691D-16,                        1619P   2621
-2.63086024792691D-16,0.947867298578198,0.947867298578198,          1619P   2622
-3.14159265358979,-3.14159265358979,-3.14159265358979,              1619P   2623
-1.5707963267949,-1.5707963267949,0.,0.,1.5707963267949,            1619P   2624
1.5707963267949,3.14159265358979,3.14159265358979,                  1619P   2625
3.14159265358979,1.,1.,0.707106781186548,0.707106781186548,1.,      1619P   2626
1.,0.707106781186548,0.707106781186548,1.,1.,0.707106781186548,     1619P   2627
0.707106781186548,1.,1.,0.707106781186548,0.707106781186548,1.,     1619P   2628
1.,89.3699616952639,134.711242010433,2.,89.3699616952639,           1619P   2629
134.711242010433,0.,89.3699616952639,132.601242010433,2.,           1619P   2630
89.3699616952639,132.601242010433,0.,87.2599616952639,              1619P   2631
132.601242010433,2.,87.2599616952639,132.601242010433,0.,           1619P   2632
85.1499616952639,132.601242010433,2.,85.1499616952639,              1619P   2633
132.601242010433,0.,85.1499616952639,134.711242010433,2.,           1619P   2634
85.1499616952639,134.711242010433,0.,85.1499616952639,              1619P   2635
136.821242010433,2.,85.1499616952639,136.821242010433,0.,           1619P   2636
87.2599616952639,136.821242010433,2.,87.2599616952639,              1619P   2637
136.821242010433,0.,89.3699616952639,136.821242010433,2.,           1619P   2638
89.3699616952639,136.821242010433,0.,89.3699616952639,              1619P   2639
134.711242010433,2.,89.3699616952639,134.711242010433,0.,           1619P   2640
-2.63086024792691D-16,0.947867298578198,-3.14159265358979,          1619P   2641
3.14159265358979;                                                   1619P   2642
128,1,8,1,2,0,1,0,0,1,-2.63086024792691D-16,                        1621P   2643
-2.63086024792691D-16,0.947867298578198,0.947867298578198,          1621P   2644
-3.14159265358979,-3.14159265358979,-3.14159265358979,              1621P   2645
-1.5707963267949,-1.5707963267949,0.,0.,1.5707963267949,            1621P   2646
1.5707963267949,3.14159265358979,3.14159265358979,                  1621P   2647
3.14159265358979,1.,1.,0.707106781186548,0.707106781186548,1.,      1621P   2648
1.,0.707106781186548,0.707106781186548,1.,1.,0.707106781186548,     1621P   2649
0.707106781186548,1.,1.,0.707106781186548,0.707106781186548,1.,     1621P   2650
1.,89.369961695264,182.111242010433,2.,89.369961695264,             1621P   2651
182.111242010433,0.,89.369961695264,180.001242010433,2.,            1621P   2652
89.369961695264,180.001242010433,0.,87.259961695264,                1621P   2653
180.001242010433,2.,87.259961695264,180.001242010433,0.,            1621P   2654
85.149961695264,180.001242010433,2.,85.149961695264,                1621P   2655
180.001242010433,0.,85.149961695264,182.111242010433,2.,            1621P   2656
85.149961695264,182.111242010433,0.,85.149961695264,                1621P   2657
184.221242010433,2.,85.149961695264,184.221242010433,0.,            1621P   2658
87.259961695264,184.221242010433,2.,87.259961695264,                1621P   2659
184.221242010433,0.,89.369961695264,184.221242010433,2.,            1621P   2660
89.369961695264,184.221242010433,0.,89.369961695264,                1621P   2661
182.111242010433,2.,89.369961695264,182.111242010433,0.,            1621P   2662
-2.63086024792691D-16,0.947867298578198,-3.14159265358979,          1621P   2663
3.14159265358979;                                                   1621P   2664
128,1,8,1,2,0,1,0,0,1,-2.63086024792691D-16,                        1623P   2665
-2.63086024792691D-16,0.947867298578198,0.947867298578198,          1623P   2666
-3.14159265358979,-3.14159265358979,-3.14159265358979,              1623P   2667
-1.5707963267949,-1.5707963267949,0.,0.,1.5707963267949,            1623P   2668
1.5707963267949,3.14159265358979,3.14159265358979,                  1623P   2669
3.14159265358979,1.,1.,0.707106781186548,0.707106781186548,1.,      1623P   2670
1.,0.707106781186548,0.707106781186548,1.,1.,0.707106781186548,     1623P   2671
0.707106781186548,1.,1.,0.707106781186548,0.707106781186548,1.,     1623P   2672
1.,-5.40197091774772,188.511604670144,2.,-5.40197091774772,         1623P   2673
188.511604670144,0.,-5.40197091774772,186.401604670144,2.,          1623P   2674
-5.40197091774772,186.401604670144,0.,-7.51197091774772,            1623P   2675
186.401604670144,2.,-7.51197091774772,186.401604670144,0.,          1623P   2676
-9.62197091774772,186.401604670144,2.,-9.62197091774772,            1623P   2677
186.401604670144,0.,-9.62197091774772,188.511604670144,2.,          1623P   2678
-9.62197091774772,188.511604670144,0.,-9.62197091774772,            1623P   2679
190.621604670144,2.,-9.62197091774772,190.621604670144,0.,          1623P   2680
-7.51197091774772,190.621604670144,2.,-7.51197091774772,            1623P   2681
190.621604670144,0.,-5.40197091774772,190.621604670144,2.,          1623P   2682
-5.40197091774772,190.621604670144,0.,-5.40197091774772,            1623P   2683
188.511604670144,2.,-5.40197091774772,188.511604670144,0.,          1623P   2684
-2.63086024792691D-16,0.947867298578198,-3.14159265358979,          1623P   2685
3.14159265358979;                                                   1623P   2686
128,1,8,1,2,0,1,0,0,1,-2.63086024792691D-16,                        1625P   2687
-2.63086024792691D-16,0.947867298578198,0.947867298578198,          1625P   2688
-3.14159265358979,-3.14159265358979,-3.14159265358979,              1625P   2689
-1.5707963267949,-1.5707963267949,0.,0.,1.5707963267949,            1625P   2690
1.5707963267949,3.14159265358979,3.14159265358979,                  1625P   2691
3.14159265358979,1.,1.,0.707106781186548,0.707106781186548,1.,      1625P   2692
1.,0.707106781186548,0.707106781186548,1.,1.,0.707106781186548,     1625P   2693
0.707106781186548,1.,1.,0.707106781186548,0.707106781186548,1.,     1625P   2694
1.,41.9980290822522,188.511604670144,2.,41.9980290822522,           1625P   2695
188.511604670144,0.,41.9980290822522,186.401604670144,2.,           1625P   2696
41.9980290822522,186.401604670144,0.,39.8880290822522,              1625P   2697
186.401604670144,2.,39.8880290822522,186.401604670144,0.,           1625P   2698
37.7780290822522,186.401604670144,2.,37.7780290822522,              1625P   2699
186.401604670144,0.,37.7780290822522,188.511604670144,2.,           1625P   2700
37.7780290822522,188.511604670144,0.,37.7780290822522,              1625P   2701
190.621604670144,2.,37.7780290822522,190.621604670144,0.,           1625P   2702
39.8880290822522,190.621604670144,2.,39.8880290822522,              1625P   2703
190.621604670144,0.,41.9980290822522,190.621604670144,2.,           1625P   2704
41.9980290822522,190.621604670144,0.,41.9980290822522,              1625P   2705
188.511604670144,2.,41.9980290822522,188.511604670144,0.,           1625P   2706
-2.63086024792691D-16,0.947867298578198,-3.14159265358979,          1625P   2707
3.14159265358979;                                                   1625P   2708
128,1,8,1,2,0,1,0,0,1,-2.63086024792691D-16,                        1627P   2709
-2.63086024792691D-16,0.947867298578198,0.947867298578198,          1627P   2710
-3.14159265358979,-3.14159265358979,-3.14159265358979,              1627P   2711
-1.5707963267949,-1.5707963267949,0.,0.,1.5707963267949,            1627P   2712
1.5707963267949,3.14159265358979,3.14159265358979,                  1627P   2713
3.14159265358979,1.,1.,0.707106781186548,0.707106781186548,1.,      1627P   2714
1.,0.707106781186548,0.707106781186548,1.,1.,0.707106781186548,     1627P   2715
0.707106781186548,1.,1.,0.707106781186548,0.707106781186548,1.,     1627P   2716
1.,81.489961695264,134.711242010433,2.,81.489961695264,             1627P   2717
134.711242010433,0.,81.489961695264,132.601242010433,2.,            1627P   2718
81.489961695264,132.601242010433,0.,79.3799616952639,               1627P   2719
132.601242010433,2.,79.3799616952639,132.601242010433,0.,           1627P   2720
77.2699616952639,132.601242010433,2.,77.2699616952639,              1627P   2721
132.601242010433,0.,77.2699616952639,134.711242010433,2.,           1627P   2722
77.2699616952639,134.711242010433,0.,77.2699616952639,              1627P   2723
136.821242010433,2.,77.2699616952639,136.821242010433,0.,           1627P   2724
79.3799616952639,136.821242010433,2.,79.3799616952639,              1627P   2725
136.821242010433,0.,81.489961695264,136.821242010433,2.,            1627P   2726
81.489961695264,136.821242010433,0.,81.489961695264,                1627P   2727
134.711242010433,2.,81.489961695264,134.711242010433,0.,            1627P   2728
-2.63086024792691D-16,0.947867298578198,-3.14159265358979,          1627P   2729
3.14159265358979;                                                   1627P   2730
128,1,8,1,2,0,1,0,0,1,-2.63086024792691D-16,                        1629P   2731
-2.63086024792691D-16,0.947867298578198,0.947867298578198,          1629P   2732
-3.14159265358979,-3.14159265358979,-3.14159265358979,              1629P   2733
-1.5707963267949,-1.5707963267949,0.,0.,1.5707963267949,            1629P   2734
1.5707963267949,3.14159265358979,3.14159265358979,                  1629P   2735
3.14159265358979,1.,1.,0.707106781186548,0.707106781186548,1.,      1629P   2736
1.,0.707106781186548,0.707106781186548,1.,1.,0.707106781186548,     1629P   2737
0.707106781186548,1.,1.,0.707106781186548,0.707106781186548,1.,     1629P   2738
1.,81.4899616952639,182.111242010433,2.,81.4899616952639,           1629P   2739
182.111242010433,0.,81.4899616952639,180.001242010433,2.,           1629P   2740
81.4899616952639,180.001242010433,0.,79.3799616952639,              1629P   2741
180.001242010433,2.,79.3799616952639,180.001242010433,0.,           1629P   2742
77.2699616952639,180.001242010433,2.,77.2699616952639,              1629P   2743
180.001242010433,0.,77.2699616952639,182.111242010433,2.,           1629P   2744
77.2699616952639,182.111242010433,0.,77.2699616952639,              1629P   2745
184.221242010433,2.,77.2699616952639,184.221242010433,0.,           1629P   2746
79.3799616952639,184.221242010433,2.,79.3799616952639,              1629P   2747
184.221242010433,0.,81.4899616952639,184.221242010433,2.,           1629P   2748
81.4899616952639,184.221242010433,0.,81.4899616952639,              1629P   2749
182.111242010433,2.,81.4899616952639,182.111242010433,0.,           1629P   2750
-2.63086024792691D-16,0.947867298578198,-3.14159265358979,          1629P   2751
3.14159265358979;                                                   1629P   2752
128,1,8,1,2,0,1,0,0,1,-2.63086024792691D-16,                        1631P   2753
-2.63086024792691D-16,0.947867298578198,0.947867298578198,          1631P   2754
-3.14159265358979,-3.14159265358979,-3.14159265358979,              1631P   2755
-1.5707963267949,-1.5707963267949,0.,0.,1.5707963267949,            1631P   2756
1.5707963267949,3.14159265358979,3.14159265358979,                  1631P   2757
3.14159265358979,1.,1.,0.707106781186548,0.707106781186548,1.,      1631P   2758
1.,0.707106781186548,0.707106781186548,1.,1.,0.707106781186548,     1631P   2759
0.707106781186548,1.,1.,0.707106781186548,0.707106781186548,1.,     1631P   2760
1.,-5.40197091774772,196.391604670144,2.,-5.40197091774772,         1631P   2761
196.391604670144,0.,-5.40197091774772,194.281604670144,2.,          1631P   2762
-5.40197091774772,194.281604670144,0.,-7.51197091774772,            1631P   2763
194.281604670144,2.,-7.51197091774772,194.281604670144,0.,          1631P   2764
-9.62197091774772,194.281604670144,2.,-9.62197091774772,            1631P   2765
194.281604670144,0.,-9.62197091774772,196.391604670144,2.,          1631P   2766
-9.62197091774772,196.391604670144,0.,-9.62197091774772,            1631P   2767
198.501604670144,2.,-9.62197091774772,198.501604670144,0.,          1631P   2768
-7.51197091774772,198.501604670144,2.,-7.51197091774772,            1631P   2769
198.501604670144,0.,-5.40197091774772,198.501604670144,2.,          1631P   2770
-5.40197091774772,198.501604670144,0.,-5.40197091774772,            1631P   2771
196.391604670144,2.,-5.40197091774772,196.391604670144,0.,          1631P   2772
-2.63086024792691D-16,0.947867298578198,-3.14159265358979,          1631P   2773
3.14159265358979;                                                   1631P   2774
128,1,1,1,1,0,0,1,0,0,-0.001,-0.001,2.34109404399666,               1633P   2775
2.34109404399666,-0.001,-0.001,0.200999999999999,                   1633P   2776
0.200999999999999,1.,1.,1.,1.,31.8897006823542,-0.01,               1633P   2777
28.0164611753403,8.46876024238761,-0.01,28.0164611753403,           1633P   2778
31.8897006823542,2.00999999999999,28.0164611753403,                 1633P   2779
8.46876024238761,2.00999999999999,28.0164611753403,-0.001,          1633P   2780
2.34109404399666,-0.001,0.200999999999999;                          1633P   2781
128,1,2,1,2,0,0,0,0,0,0.,0.,0.571428571428569,0.571428571428569,    1635P   2782
-1.5707963267949,-1.5707963267949,-1.5707963267949,                 1635P   2783
3.1720657846433D-16,3.1720657846433D-16,3.1720657846433D-16,1.,     1635P   2784
1.,0.707106781186548,0.707106781186548,1.,1.,4.97876024238761,      1635P   2785
0.,24.5164611753403,4.97876024238761,1.99999999999999,              1635P   2786
24.5164611753403,4.97876024238761,0.,28.0164611753403,              1635P   2787
4.97876024238761,1.99999999999999,28.0164611753403,                 1635P   2788
8.47876024238761,0.,28.0164611753403,8.47876024238761,              1635P   2789
1.99999999999999,28.0164611753403,0.,0.571428571428569,             1635P   2790
-1.5707963267949,3.1720657846433D-16;                               1635P   2791
128,1,1,1,1,0,0,1,0,0,-0.001,-0.001,0.286144911858878,              1637P   2792
0.286144911858878,-0.001,-0.001,0.200999999999999,                  1637P   2793
0.200999999999999,1.,1.,1.,1.,4.97876024238761,-0.01,               1637P   2794
24.5264611753403,4.97876024238761,-0.01,21.6550120567515,           1637P   2795
4.97876024238761,2.00999999999999,24.5264611753403,                 1637P   2796
4.97876024238761,2.00999999999999,21.6550120567515,-0.001,          1637P   2797
0.286144911858878,-0.001,0.200999999999999;                         1637P   2798
128,1,2,1,2,0,0,0,0,0,0.,0.,0.571428571428569,0.571428571428569,    1639P   2799
-1.5707963267949,-1.5707963267949,-1.5707963267949,0.,0.,0.,1.,     1639P   2800
1.,0.707106781186547,0.707106781186547,1.,1.,8.47876024238761,      1639P   2801
0.,18.1650120567515,8.47876024238761,1.99999999999999,              1639P   2802
18.1650120567515,4.9787602423876,0.,18.1650120567515,               1639P   2803
4.9787602423876,1.99999999999999,18.1650120567515,                  1639P   2804
4.97876024238761,0.,21.6650120567515,4.97876024238761,              1639P   2805
1.99999999999999,21.6650120567515,0.,0.571428571428569,             1639P   2806
-1.5707963267949,0.;                                                1639P   2807
128,1,1,1,1,0,0,1,0,0,-0.001,-0.001,2.34109404399666,               1641P   2808
2.34109404399666,-0.001,-0.001,0.200999999999999,                   1641P   2809
0.200999999999999,1.,1.,1.,1.,8.46876024238761,-0.01,               1641P   2810
18.1650120567515,31.8897006823542,-0.01,18.1650120567515,           1641P   2811
8.46876024238761,2.00999999999999,18.1650120567515,                 1641P   2812
31.8897006823542,2.00999999999999,18.1650120567515,-0.001,          1641P   2813
2.34109404399666,-0.001,0.200999999999999;                          1641P   2814
128,1,2,1,2,0,0,0,0,0,0.,0.,0.571428571428569,0.571428571428569,    1643P   2815
-1.5707963267949,-1.5707963267949,-1.5707963267949,0.,0.,0.,1.,     1643P   2816
1.,0.707106781186548,0.707106781186548,1.,1.,35.3797006823542,      1643P   2817
0.,21.6650120567515,35.3797006823542,1.99999999999999,              1643P   2818
21.6650120567515,35.3797006823542,0.,18.1650120567515,              1643P   2819
35.3797006823542,1.99999999999999,18.1650120567515,                 1643P   2820
31.8797006823542,0.,18.1650120567515,31.8797006823542,              1643P   2821
1.99999999999999,18.1650120567515,0.,0.571428571428569,             1643P   2822
-1.5707963267949,0.;                                                1643P   2823
128,1,1,1,1,0,0,1,0,0,-0.001,-0.001,0.286144911858877,              1645P   2824
0.286144911858877,-0.001,-0.001,0.200999999999999,                  1645P   2825
0.200999999999999,1.,1.,1.,1.,35.3797006823542,-0.01,               1645P   2826
21.6550120567515,35.3797006823542,-0.01,24.5264611753403,           1645P   2827
35.3797006823542,2.00999999999999,21.6550120567515,                 1645P   2828
35.3797006823542,2.00999999999999,24.5264611753403,-0.001,          1645P   2829
0.286144911858877,-0.001,0.200999999999999;                         1645P   2830
128,1,2,1,2,0,0,0,0,0,0.,0.,0.571428571428569,0.571428571428569,    1647P   2831
-1.5707963267949,-1.5707963267949,-1.5707963267949,0.,0.,0.,1.,     1647P   2832
1.,0.707106781186547,0.707106781186547,1.,1.,31.8797006823542,      1647P   2833
0.,28.0164611753403,31.8797006823542,1.99999999999999,              1647P   2834
28.0164611753403,35.3797006823542,0.,28.0164611753403,              1647P   2835
35.3797006823542,1.99999999999999,28.0164611753403,                 1647P   2836
35.3797006823542,0.,24.5164611753403,35.3797006823542,              1647P   2837
1.99999999999999,24.5164611753403,0.,0.571428571428569,             1647P   2838
-1.5707963267949,0.;                                                1647P   2839
128,1,2,1,2,0,0,0,0,0,-3.6,-3.6,2.6,2.6,-0.785398163397448,         1649P   2840
-0.785398163397448,-0.785398163397448,0.785398163397448,            1649P   2841
0.785398163397448,0.785398163397448,1.,1.,0.707106781186548,        1649P   2842
0.707106781186548,1.,1.,-13.,211.,2.,-13.,211.,33.,-18.,211.,2.,    1649P   2843
-18.,211.,33.,-18.,206.,2.,-18.,206.,33.,-3.6,2.6,                  1649P   2844
-0.785398163397448,0.785398163397448;                               1649P   2845
128,1,2,1,2,0,0,0,0,0,-4.,-4.,2.6,2.6,-0.785398163397448,           1651P   2846
-0.785398163397448,-0.785398163397448,0.785398163397448,            1651P   2847
0.785398163397448,0.785398163397448,1.,1.,0.707106781186548,        1651P   2848
0.707106781186548,1.,1.,-15.,213.,33.,-15.,213.,0.,-20.,213.,       1651P   2849
33.,-20.,213.,0.,-20.,208.,33.,-20.,208.,0.,-4.,2.6,                1651P   2850
-0.785398163397448,0.785398163397448;                               1651P   2851
128,1,1,1,1,0,0,1,0,0,-0.001,-0.001,0.821,0.821,-1.001,-1.001,      1653P   2852
-0.799,-0.799,1.,1.,1.,1.,-20.01,164.005367687912,                  1653P   2853
19.8064611753403,-20.01,164.005367687912,28.0264611753403,          1653P   2854
-17.99,164.005367687912,19.8064611753403,-17.99,                    1653P   2855
164.005367687912,28.0264611753403,-0.001,0.821,-1.001,-0.799;       1653P   2856
128,1,1,1,1,0,0,1,0,0,-0.001,-0.001,1.446,1.446,-1.001,-1.001,      1655P   2857
-0.799,-0.799,1.,1.,1.,1.,-20.01,163.995367687912,                  1655P   2858
28.0164611753403,-20.01,178.465367687912,28.0164611753403,          1655P   2859
-17.99,163.995367687912,28.0164611753403,-17.99,                    1655P   2860
178.465367687912,28.0164611753403,-0.001,1.446,-1.001,-0.799;       1655P   2861
128,1,2,1,2,0,0,0,0,0,-8.,-8.,-6.4,-6.4,-1.5707963267949,           1657P   2862
-1.5707963267949,-1.5707963267949,0.,0.,0.,1.,1.,                   1657P   2863
0.707106781186545,0.707106781186545,1.,1.,-20.,179.705367687912,    1657P   2864
26.7664611753403,-18.,179.705367687912,26.7664611753403,-20.,       1657P   2865
179.705367687912,28.0164611753403,-18.,179.705367687912,            1657P   2866
28.0164611753403,-20.,178.455367687912,28.0164611753403,-18.,       1657P   2867
178.455367687912,28.0164611753403,-8.,-6.4,-1.5707963267949,0.;     1657P   2868
128,1,1,1,1,0,0,1,0,0,-0.001,-0.001,0.571,0.571,-1.001,-1.001,      1659P   2869
-0.799,-0.799,1.,1.,1.,1.,-20.01,179.705367687912,                  1659P   2870
26.7764611753403,-20.01,179.705367687912,21.0564611753403,          1659P   2871
-17.99,179.705367687912,26.7764611753403,-17.99,                    1659P   2872
179.705367687912,21.0564611753403,-0.001,0.571,-1.001,-0.799;       1659P   2873
128,1,2,1,2,0,0,0,0,0,-8.,-8.,-6.4,-6.4,-1.5707963267949,           1661P   2874
-1.5707963267949,-1.5707963267949,0.,0.,0.,1.,1.,                   1661P   2875
0.707106781186545,0.707106781186545,1.,1.,-20.,178.455367687912,    1661P   2876
19.8164611753403,-18.,178.455367687912,19.8164611753403,-20.,       1661P   2877
179.705367687912,19.8164611753403,-18.,179.705367687912,            1661P   2878
19.8164611753403,-20.,179.705367687912,21.0664611753403,-18.,       1661P   2879
179.705367687912,21.0664611753403,-8.,-6.4,-1.5707963267949,0.;     1661P   2880
128,1,1,1,1,0,0,1,0,0,-0.001,-0.001,1.446,1.446,-1.001,-1.001,      1663P   2881
-0.799,-0.799,1.,1.,1.,1.,-20.01,178.465367687912,                  1663P   2882
19.8164611753403,-20.01,163.995367687912,19.8164611753403,          1663P   2883
-17.99,178.465367687912,19.8164611753403,-17.99,                    1663P   2884
163.995367687912,19.8164611753403,-0.001,1.446,-1.001,-0.799;       1663P   2885
128,1,1,1,1,0,0,1,0,0,-0.001,-0.001,0.581,0.581,-2.001,-2.001,      1665P   2886
-1.799,-1.799,1.,1.,1.,1.,-20.01,152.537792756248,                  1665P   2887
28.0264611753403,-20.01,152.537792756248,22.2064611753403,          1665P   2888
-17.99,152.537792756248,28.0264611753403,-17.99,                    1665P   2889
152.537792756248,22.2064611753403,-0.001,0.581,-2.001,-1.799;       1665P   2890
128,1,1,1,1,0,0,1,0,0,-0.001,-0.001,1.001,1.001,-2.001,-2.001,      1667P   2891
-1.799,-1.799,1.,1.,1.,1.,-20.01,152.547792756248,                  1667P   2892
22.2164611753403,-20.01,142.527792756248,22.2164611753403,          1667P   2893
-17.99,152.547792756248,22.2164611753403,-17.99,                    1667P   2894
142.527792756248,22.2164611753403,-0.001,1.001,-2.001,-1.799;       1667P   2895
128,1,1,1,1,0,0,1,0,0,-0.001,-0.001,0.581,0.581,-2.001,-2.001,      1669P   2896
-1.799,-1.799,1.,1.,1.,1.,-20.01,142.537792756248,                  1669P   2897
22.2064611753403,-20.01,142.537792756248,28.0264611753403,          1669P   2898
-17.99,142.537792756248,22.2064611753403,-17.99,                    1669P   2899
142.537792756248,28.0264611753403,-0.001,0.581,-2.001,-1.799;       1669P   2900
128,1,1,1,1,0,0,1,0,0,-0.001,-0.001,1.001,1.001,-2.001,-2.001,      1671P   2901
-1.799,-1.799,1.,1.,1.,1.,-20.01,142.527792756248,                  1671P   2902
28.0164611753403,-20.01,152.547792756248,28.0164611753403,          1671P   2903
-17.99,142.527792756248,28.0164611753403,-17.99,                    1671P   2904
152.547792756248,28.0164611753403,-0.001,1.001,-2.001,-1.799;       1671P   2905
128,1,1,1,1,0,0,1,0,0,-0.001,-0.001,1.001,1.001,-2.001,-2.001,      1673P   2906
-1.799,-1.799,1.,1.,1.,1.,-20.01,139.547792756248,                  1673P   2907
22.2164611753403,-20.01,129.527792756248,22.2164611753403,          1673P   2908
-17.99,139.547792756248,22.2164611753403,-17.99,                    1673P   2909
129.527792756248,22.2164611753403,-0.001,1.001,-2.001,-1.799;       1673P   2910
128,1,1,1,1,0,0,1,0,0,-0.001,-0.001,0.581,0.581,-2.001,-2.001,      1675P   2911
-1.799,-1.799,1.,1.,1.,1.,-20.01,129.537792756248,                  1675P   2912
22.2064611753403,-20.01,129.537792756248,28.0264611753403,          1675P   2913
-17.99,129.537792756248,22.2064611753403,-17.99,                    1675P   2914
129.537792756248,28.0264611753403,-0.001,0.581,-2.001,-1.799;       1675P   2915
128,1,1,1,1,0,0,1,0,0,-0.001,-0.001,1.001,1.001,-2.001,-2.001,      1677P   2916
-1.799,-1.799,1.,1.,1.,1.,-20.01,129.527792756248,                  1677P   2917
28.0164611753403,-20.01,139.547792756248,28.0164611753403,          1677P   2918
-17.99,129.527792756248,28.0164611753403,-17.99,                    1677P   2919
139.547792756248,28.0164611753403,-0.001,1.001,-2.001,-1.799;       1677P   2920
128,1,1,1,1,0,0,1,0,0,-0.001,-0.001,0.581,0.581,-2.001,-2.001,      1679P   2921
-1.799,-1.799,1.,1.,1.,1.,-20.01,139.537792756248,                  1679P   2922
28.0264611753403,-20.01,139.537792756248,22.2064611753403,          1679P   2923
-17.99,139.537792756248,28.0264611753403,-17.99,                    1679P   2924
139.537792756248,22.2064611753403,-0.001,0.581,-2.001,-1.799;       1679P   2925
128,1,1,1,1,0,0,1,0,0,-0.00100000000000044,-0.00100000000000044,    1681P   2926
0.295,0.295,2.00306669134114,2.00306669134114,2.20114512271369,     1681P   2927
2.20114512271369,1.,1.,1.,1.,-17.9898,31.121,28.0164611753403,      1681P   2928
-17.9898,28.1018,28.0164611753403,-20.0102,31.121,                  1681P   2929
28.0164611753403,-20.0102,28.1018,28.0164611753403,                 1681P   2930
-0.00100000000000044,0.295,2.00306669134114,2.20114512271369;       1681P   2931
128,1,1,1,1,0,0,1,0,0,-0.001,-0.001,0.190000000000001,              1683P   2932
0.190000000000001,2.00306669134114,2.00306669134114,                1683P   2933
2.20114512271369,2.20114512271369,1.,1.,1.,1.,-17.9898,             1683P   2934
32.3412761904762,26.5192062389079,-17.9898,31.1043238095238,        1683P   2935
28.0243414644794,-20.0102,32.3412761904762,26.5192062389079,        1683P   2936
-20.0102,31.1043238095238,28.0243414644794,-0.001,                  1683P   2937
0.190000000000001,2.00306669134114,2.20114512271369;                1683P   2938
128,1,1,1,1,0,0,1,0,0,-0.001,-0.001,0.879982877716345,              1685P   2939
0.879982877716345,2.00306669134114,2.00306669134114,                1685P   2940
2.20114512271369,2.20114512271369,1.,1.,1.,1.,-17.9898,32.3348,     1685P   2941
17.5512611753403,-17.9898,32.3348,26.537286528047,-20.0102,         1685P   2942
32.3348,17.5512611753403,-20.0102,32.3348,26.537286528047,          1685P   2943
-0.001,0.879982877716345,2.00306669134114,2.20114512271369;         1685P   2944
128,1,1,1,1,0,0,1,0,0,-0.00100000000000049,-0.00100000000000049,    1687P   2945
0.535,0.535,2.00306669134114,2.00306669134114,2.20114512271369,     1687P   2946
2.20114512271369,1.,1.,1.,1.,-17.9898,26.8778,17.5614611753403,     1687P   2947
-17.9898,32.345,17.5614611753403,-20.0102,26.8778,                  1687P   2948
17.5614611753403,-20.0102,32.345,17.5614611753403,                  1687P   2949
-0.00100000000000049,0.535,2.00306669134114,2.20114512271369;       1687P   2950
128,1,1,1,1,0,0,1,0,0,-0.001,-0.001,0.190000000000001,              1689P   2951
0.190000000000001,2.00306669134114,2.00306669134114,                1689P   2952
2.20114512271369,2.20114512271369,1.,1.,1.,1.,-17.9898,             1689P   2953
28.1184761904762,28.0243414644794,-17.9898,26.8815238095238,        1689P   2954
26.5192062389079,-20.0102,28.1184761904762,28.0243414644794,        1689P   2955
-20.0102,26.8815238095238,26.5192062389079,-0.001,                  1689P   2956
0.190000000000001,2.00306669134114,2.20114512271369;                1689P   2957
128,1,1,1,1,0,0,1,0,0,-0.001,-0.001,0.879982877716345,              1691P   2958
0.879982877716345,2.00306669134114,2.00306669134114,                1691P   2959
2.20114512271369,2.20114512271369,1.,1.,1.,1.,-17.9898,26.888,      1691P   2960
26.537286528047,-17.9898,26.888,17.5512611753403,-20.0102,          1691P   2961
26.888,26.537286528047,-20.0102,26.888,17.5512611753403,-0.001,     1691P   2962
0.879982877716345,2.00306669134114,2.20114512271369;                1691P   2963
128,1,1,1,1,0,0,1,0,0,-0.001,-0.001,0.295,0.295,                    1693P   2964
2.00306669134114,2.00306669134114,2.20114512271369,                 1693P   2965
2.20114512271369,1.,1.,1.,1.,-17.9898,118.501,28.0164611753403,     1693P   2966
-17.9898,115.4818,28.0164611753403,-20.0102,118.501,                1693P   2967
28.0164611753403,-20.0102,115.4818,28.0164611753403,-0.001,         1693P   2968
0.295,2.00306669134114,2.20114512271369;                            1693P   2969
128,1,1,1,1,0,0,1,0,0,-0.00100000000000183,-0.00100000000000183,    1695P   2970
0.19,0.19,2.00306669134114,2.00306669134114,2.20114512271369,       1695P   2971
2.20114512271369,1.,1.,1.,1.,-17.9898,119.721276190476,             1695P   2972
26.5192062389079,-17.9898,118.484323809524,28.0243414644794,        1695P   2973
-20.0102,119.721276190476,26.5192062389079,-20.0102,                1695P   2974
118.484323809524,28.0243414644794,-0.00100000000000183,0.19,        1695P   2975
2.00306669134114,2.20114512271369;                                  1695P   2976
128,1,1,1,1,0,0,1,0,0,-0.00100000000000089,-0.00100000000000089,    1697P   2977
0.879982877716345,0.879982877716345,2.00306669134114,               1697P   2978
2.00306669134114,2.20114512271369,2.20114512271369,1.,1.,1.,1.,     1697P   2979
-17.9898,119.7148,17.5512611753403,-17.9898,119.7148,               1697P   2980
26.537286528047,-20.0102,119.7148,17.5512611753403,-20.0102,        1697P   2981
119.7148,26.537286528047,-0.00100000000000089,0.879982877716345,    1697P   2982
2.00306669134114,2.20114512271369;                                  1697P   2983
128,1,1,1,1,0,0,1,0,0,-0.00100000000000049,-0.00100000000000049,    1699P   2984
0.535000000000001,0.535000000000001,2.00306669134114,               1699P   2985
2.00306669134114,2.20114512271369,2.20114512271369,1.,1.,1.,1.,     1699P   2986
-17.9898,114.2578,17.5614611753403,-17.9898,119.725,                1699P   2987
17.5614611753403,-20.0102,114.2578,17.5614611753403,-20.0102,       1699P   2988
119.725,17.5614611753403,-0.00100000000000049,0.535000000000001,    1699P   2989
2.00306669134114,2.20114512271369;                                  1699P   2990
128,1,1,1,1,0,0,1,0,0,-0.001,-0.001,0.190000000000002,              1701P   2991
0.190000000000002,2.00306669134114,2.00306669134114,                1701P   2992
2.20114512271369,2.20114512271369,1.,1.,1.,1.,-17.9898,             1701P   2993
115.498476190476,28.0243414644794,-17.9898,114.261523809524,        1701P   2994
26.5192062389079,-20.0102,115.498476190476,28.0243414644794,        1701P   2995
-20.0102,114.261523809524,26.5192062389079,-0.001,                  1701P   2996
0.190000000000002,2.00306669134114,2.20114512271369;                1701P   2997
128,1,1,1,1,0,0,1,0,0,-0.001,-0.001,0.879982877716345,              1703P   2998
0.879982877716345,2.00306669134114,2.00306669134114,                1703P   2999
2.20114512271369,2.20114512271369,1.,1.,1.,1.,-17.9898,114.268,     1703P   3000
26.537286528047,-17.9898,114.268,17.5512611753403,-20.0102,         1703P   3001
114.268,26.537286528047,-20.0102,114.268,17.5512611753403,          1703P   3002
-0.001,0.879982877716345,2.00306669134114,2.20114512271369;         1703P   3003
128,1,1,1,1,0,0,1,0,0,-0.001,-0.001,0.295000000000002,              1705P   3004
0.295000000000002,2.00306669134114,2.00306669134114,                1705P   3005
2.20114512271369,2.20114512271369,1.,1.,1.,1.,-17.9898,106.006,     1705P   3006
28.0164611753403,-17.9898,102.9868,28.0164611753403,-20.0102,       1705P   3007
106.006,28.0164611753403,-20.0102,102.9868,28.0164611753403,        1705P   3008
-0.001,0.295000000000002,2.00306669134114,2.20114512271369;         1705P   3009
128,1,1,1,1,0,0,1,0,0,-0.001,-0.001,0.19,0.19,2.00306669134114,     1707P   3010
2.00306669134114,2.20114512271369,2.20114512271369,1.,1.,1.,1.,     1707P   3011
-17.9898,107.226276190476,26.5192062389079,-17.9898,                1707P   3012
105.989323809524,28.0243414644794,-20.0102,107.226276190476,        1707P   3013
26.5192062389079,-20.0102,105.989323809524,28.0243414644794,        1707P   3014
-0.001,0.19,2.00306669134114,2.20114512271369;                      1707P   3015
128,1,1,1,1,0,0,1,0,0,-0.00100000000000089,-0.00100000000000089,    1709P   3016
0.879982877716345,0.879982877716345,2.00306669134114,               1709P   3017
2.00306669134114,2.20114512271369,2.20114512271369,1.,1.,1.,1.,     1709P   3018
-17.9898,107.2198,17.5512611753403,-17.9898,107.2198,               1709P   3019
26.537286528047,-20.0102,107.2198,17.5512611753403,-20.0102,        1709P   3020
107.2198,26.537286528047,-0.00100000000000089,0.879982877716345,    1709P   3021
2.00306669134114,2.20114512271369;                                  1709P   3022
128,1,1,1,1,0,0,1,0,0,-0.00100000000000049,-0.00100000000000049,    1711P   3023
0.534999999999999,0.534999999999999,2.00306669134114,               1711P   3024
2.00306669134114,2.20114512271369,2.20114512271369,1.,1.,1.,1.,     1711P   3025
-17.9898,101.7628,17.5614611753403,-17.9898,107.23,                 1711P   3026
17.5614611753403,-20.0102,101.7628,17.5614611753403,-20.0102,       1711P   3027
107.23,17.5614611753403,-0.00100000000000049,0.534999999999999,     1711P   3028
2.00306669134114,2.20114512271369;                                  1711P   3029
128,1,1,1,1,0,0,1,0,0,-0.001,-0.001,0.19,0.19,2.00306669134114,     1713P   3030
2.00306669134114,2.20114512271369,2.20114512271369,1.,1.,1.,1.,     1713P   3031
-17.9898,103.003476190476,28.0243414644794,-17.9898,                1713P   3032
101.766523809524,26.5192062389079,-20.0102,103.003476190476,        1713P   3033
28.0243414644794,-20.0102,101.766523809524,26.5192062389079,        1713P   3034
-0.001,0.19,2.00306669134114,2.20114512271369;                      1713P   3035
128,1,1,1,1,0,0,1,0,0,-0.001,-0.001,0.879982877716345,              1715P   3036
0.879982877716345,2.00306669134114,2.00306669134114,                1715P   3037
2.20114512271369,2.20114512271369,1.,1.,1.,1.,-17.9898,101.773,     1715P   3038
26.537286528047,-17.9898,101.773,17.5512611753403,-20.0102,         1715P   3039
101.773,26.537286528047,-20.0102,101.773,17.5512611753403,          1715P   3040
-0.001,0.879982877716345,2.00306669134114,2.20114512271369;         1715P   3041
128,1,1,1,1,0,0,1,0,0,-0.001,-0.001,0.294999999999999,              1717P   3042
0.294999999999999,2.00306669134114,2.00306669134114,                1717P   3043
2.20114512271369,2.20114512271369,1.,1.,1.,1.,-17.9898,93.511,      1717P   3044
28.0164611753403,-17.9898,90.4918,28.0164611753403,-20.0102,        1717P   3045
93.511,28.0164611753403,-20.0102,90.4918,28.0164611753403,          1717P   3046
-0.001,0.294999999999999,2.00306669134114,2.20114512271369;         1717P   3047
128,1,1,1,1,0,0,1,0,0,-0.001,-0.001,0.190000000000004,              1719P   3048
0.190000000000004,2.00306669134114,2.00306669134114,                1719P   3049
2.20114512271369,2.20114512271369,1.,1.,1.,1.,-17.9898,             1719P   3050
94.7312761904762,26.5192062389079,-17.9898,93.4943238095238,        1719P   3051
28.0243414644794,-20.0102,94.7312761904762,26.5192062389079,        1719P   3052
-20.0102,93.4943238095238,28.0243414644794,-0.001,                  1719P   3053
0.190000000000004,2.00306669134114,2.20114512271369;                1719P   3054
128,1,1,1,1,0,0,1,0,0,-0.001,-0.001,0.879982877716345,              1721P   3055
0.879982877716345,2.00306669134114,2.00306669134114,                1721P   3056
2.20114512271369,2.20114512271369,1.,1.,1.,1.,-17.9898,94.7248,     1721P   3057
17.5512611753403,-17.9898,94.7248,26.537286528047,-20.0102,         1721P   3058
94.7248,17.5512611753403,-20.0102,94.7248,26.537286528047,          1721P   3059
-0.001,0.879982877716345,2.00306669134114,2.20114512271369;         1721P   3060
128,1,1,1,1,0,0,1,0,0,-0.00100000000000049,-0.00100000000000049,    1723P   3061
0.535000000000001,0.535000000000001,2.00306669134114,               1723P   3062
2.00306669134114,2.20114512271369,2.20114512271369,1.,1.,1.,1.,     1723P   3063
-17.9898,89.2678,17.5614611753403,-17.9898,94.735,                  1723P   3064
17.5614611753403,-20.0102,89.2678,17.5614611753403,-20.0102,        1723P   3065
94.735,17.5614611753403,-0.00100000000000049,0.535000000000001,     1723P   3066
2.00306669134114,2.20114512271369;                                  1723P   3067
128,1,1,1,1,0,0,1,0,0,-0.001,-0.001,0.190000000000002,              1725P   3068
0.190000000000002,2.00306669134114,2.00306669134114,                1725P   3069
2.20114512271369,2.20114512271369,1.,1.,1.,1.,-17.9898,             1725P   3070
90.5084761904762,28.0243414644794,-17.9898,89.2715238095238,        1725P   3071
26.5192062389079,-20.0102,90.5084761904762,28.0243414644794,        1725P   3072
-20.0102,89.2715238095238,26.5192062389079,-0.001,                  1725P   3073
0.190000000000002,2.00306669134114,2.20114512271369;                1725P   3074
128,1,1,1,1,0,0,1,0,0,-0.001,-0.001,0.879982877716345,              1727P   3075
0.879982877716345,2.00306669134114,2.00306669134114,                1727P   3076
2.20114512271369,2.20114512271369,1.,1.,1.,1.,-17.9898,89.278,      1727P   3077
26.537286528047,-17.9898,89.278,17.5512611753403,-20.0102,          1727P   3078
89.278,26.537286528047,-20.0102,89.278,17.5512611753403,-0.001,     1727P   3079
0.879982877716345,2.00306669134114,2.20114512271369;                1727P   3080
128,1,1,1,1,0,0,1,0,0,-0.00100000000000089,-0.00100000000000089,    1729P   3081
0.294999999999999,0.294999999999999,2.00306669134114,               1729P   3082
2.00306669134114,2.20114512271369,2.20114512271369,1.,1.,1.,1.,     1729P   3083
-17.9898,81.016,28.0164611753403,-17.9898,77.9968,                  1729P   3084
28.0164611753403,-20.0102,81.016,28.0164611753403,-20.0102,         1729P   3085
77.9968,28.0164611753403,-0.00100000000000089,0.294999999999999,    1729P   3086
2.00306669134114,2.20114512271369;                                  1729P   3087
128,1,1,1,1,0,0,1,0,0,-0.00100000000000044,-0.00100000000000044,    1731P   3088
0.190000000000001,0.190000000000001,2.00306669134114,               1731P   3089
2.00306669134114,2.20114512271369,2.20114512271369,1.,1.,1.,1.,     1731P   3090
-17.9898,82.2362761904762,26.5192062389079,-17.9898,                1731P   3091
80.9993238095238,28.0243414644794,-20.0102,82.2362761904762,        1731P   3092
26.5192062389079,-20.0102,80.9993238095238,28.0243414644794,        1731P   3093
-0.00100000000000044,0.190000000000001,2.00306669134114,            1731P   3094
2.20114512271369;                                                   1731P   3095
128,1,1,1,1,0,0,1,0,0,-0.00100000000000089,-0.00100000000000089,    1733P   3096
0.879982877716345,0.879982877716345,2.00306669134114,               1733P   3097
2.00306669134114,2.20114512271369,2.20114512271369,1.,1.,1.,1.,     1733P   3098
-17.9898,82.2298,17.5512611753403,-17.9898,82.2298,                 1733P   3099
26.537286528047,-20.0102,82.2298,17.5512611753403,-20.0102,         1733P   3100
82.2298,26.537286528047,-0.00100000000000089,0.879982877716345,     1733P   3101
2.00306669134114,2.20114512271369;                                  1733P   3102
128,1,1,1,1,0,0,1,0,0,-0.00100000000000049,-0.00100000000000049,    1735P   3103
0.535,0.535,2.00306669134114,2.00306669134114,2.20114512271369,     1735P   3104
2.20114512271369,1.,1.,1.,1.,-17.9898,76.7728,17.5614611753403,     1735P   3105
-17.9898,82.24,17.5614611753403,-20.0102,76.7728,                   1735P   3106
17.5614611753403,-20.0102,82.24,17.5614611753403,                   1735P   3107
-0.00100000000000049,0.535,2.00306669134114,2.20114512271369;       1735P   3108
128,1,1,1,1,0,0,1,0,0,-0.00100000000000027,-0.00100000000000027,    1737P   3109
0.190000000000001,0.190000000000001,2.00306669134114,               1737P   3110
2.00306669134114,2.20114512271369,2.20114512271369,1.,1.,1.,1.,     1737P   3111
-17.9898,78.0134761904762,28.0243414644794,-17.9898,                1737P   3112
76.7765238095238,26.5192062389079,-20.0102,78.0134761904762,        1737P   3113
28.0243414644794,-20.0102,76.7765238095238,26.5192062389079,        1737P   3114
-0.00100000000000027,0.190000000000001,2.00306669134114,            1737P   3115
2.20114512271369;                                                   1737P   3116
128,1,1,1,1,0,0,1,0,0,-0.001,-0.001,0.879982877716345,              1739P   3117
0.879982877716345,2.00306669134114,2.00306669134114,                1739P   3118
2.20114512271369,2.20114512271369,1.,1.,1.,1.,-17.9898,76.783,      1739P   3119
26.537286528047,-17.9898,76.783,17.5512611753403,-20.0102,          1739P   3120
76.783,26.537286528047,-20.0102,76.783,17.5512611753403,-0.001,     1739P   3121
0.879982877716345,2.00306669134114,2.20114512271369;                1739P   3122
128,1,1,1,1,0,0,1,0,0,-0.00100000000000089,-0.00100000000000089,    1741P   3123
0.295,0.295,2.00306669134114,2.00306669134114,2.20114512271369,     1741P   3124
2.20114512271369,1.,1.,1.,1.,-17.9898,68.521,28.0164611753403,      1741P   3125
-17.9898,65.5018,28.0164611753403,-20.0102,68.521,                  1741P   3126
28.0164611753403,-20.0102,65.5018,28.0164611753403,                 1741P   3127
-0.00100000000000089,0.295,2.00306669134114,2.20114512271369;       1741P   3128
128,1,1,1,1,0,0,1,0,0,-0.00100000000000089,-0.00100000000000089,    1743P   3129
0.190000000000002,0.190000000000002,2.00306669134114,               1743P   3130
2.00306669134114,2.20114512271369,2.20114512271369,1.,1.,1.,1.,     1743P   3131
-17.9898,69.7412761904762,26.5192062389079,-17.9898,                1743P   3132
68.5043238095238,28.0243414644794,-20.0102,69.7412761904762,        1743P   3133
26.5192062389079,-20.0102,68.5043238095238,28.0243414644794,        1743P   3134
-0.00100000000000089,0.190000000000002,2.00306669134114,            1743P   3135
2.20114512271369;                                                   1743P   3136
128,1,1,1,1,0,0,1,0,0,-0.001,-0.001,0.879982877716345,              1745P   3137
0.879982877716345,2.00306669134114,2.00306669134114,                1745P   3138
2.20114512271369,2.20114512271369,1.,1.,1.,1.,-17.9898,69.7348,     1745P   3139
17.5512611753403,-17.9898,69.7348,26.537286528047,-20.0102,         1745P   3140
69.7348,17.5512611753403,-20.0102,69.7348,26.537286528047,          1745P   3141
-0.001,0.879982877716345,2.00306669134114,2.20114512271369;         1745P   3142
128,1,1,1,1,0,0,1,0,0,-0.00100000000000044,-0.00100000000000044,    1747P   3143
0.535000000000001,0.535000000000001,2.00306669134114,               1747P   3144
2.00306669134114,2.20114512271369,2.20114512271369,1.,1.,1.,1.,     1747P   3145
-17.9898,64.2778,17.5614611753403,-17.9898,69.745,                  1747P   3146
17.5614611753403,-20.0102,64.2778,17.5614611753403,-20.0102,        1747P   3147
69.745,17.5614611753403,-0.00100000000000044,0.535000000000001,     1747P   3148
2.00306669134114,2.20114512271369;                                  1747P   3149
128,1,1,1,1,0,0,1,0,0,-0.00100000000000089,-0.00100000000000089,    1749P   3150
0.190000000000001,0.190000000000001,2.00306669134114,               1749P   3151
2.00306669134114,2.20114512271369,2.20114512271369,1.,1.,1.,1.,     1749P   3152
-17.9898,65.5184761904762,28.0243414644794,-17.9898,                1749P   3153
64.2815238095238,26.5192062389079,-20.0102,65.5184761904762,        1749P   3154
28.0243414644794,-20.0102,64.2815238095238,26.5192062389079,        1749P   3155
-0.00100000000000089,0.190000000000001,2.00306669134114,            1749P   3156
2.20114512271369;                                                   1749P   3157
128,1,1,1,1,0,0,1,0,0,-0.001,-0.001,0.879982877716345,              1751P   3158
0.879982877716345,2.00306669134114,2.00306669134114,                1751P   3159
2.20114512271369,2.20114512271369,1.,1.,1.,1.,-17.9898,64.288,      1751P   3160
26.537286528047,-17.9898,64.288,17.5512611753403,-20.0102,          1751P   3161
64.288,26.537286528047,-20.0102,64.288,17.5512611753403,-0.001,     1751P   3162
0.879982877716345,2.00306669134114,2.20114512271369;                1751P   3163
128,1,1,1,1,0,0,1,0,0,-0.00100000000000089,-0.00100000000000089,    1753P   3164
0.295,0.295,2.00306669134114,2.00306669134114,2.20114512271369,     1753P   3165
2.20114512271369,1.,1.,1.,1.,-17.9898,49.821,28.0164611753403,      1753P   3166
-17.9898,46.8018,28.0164611753403,-20.0102,49.821,                  1753P   3167
28.0164611753403,-20.0102,46.8018,28.0164611753403,                 1753P   3168
-0.00100000000000089,0.295,2.00306669134114,2.20114512271369;       1753P   3169
128,1,1,1,1,0,0,1,0,0,-0.00100000000000027,-0.00100000000000027,    1755P   3170
0.190000000000001,0.190000000000001,2.00306669134114,               1755P   3171
2.00306669134114,2.20114512271369,2.20114512271369,1.,1.,1.,1.,     1755P   3172
-17.9898,51.0412761904762,26.5192062389079,-17.9898,                1755P   3173
49.8043238095238,28.0243414644794,-20.0102,51.0412761904762,        1755P   3174
26.5192062389079,-20.0102,49.8043238095238,28.0243414644794,        1755P   3175
-0.00100000000000027,0.190000000000001,2.00306669134114,            1755P   3176
2.20114512271369;                                                   1755P   3177
128,1,1,1,1,0,0,1,0,0,-0.00100000000000089,-0.00100000000000089,    1757P   3178
0.879982877716345,0.879982877716345,2.00306669134114,               1757P   3179
2.00306669134114,2.20114512271369,2.20114512271369,1.,1.,1.,1.,     1757P   3180
-17.9898,51.0348,17.5512611753403,-17.9898,51.0348,                 1757P   3181
26.537286528047,-20.0102,51.0348,17.5512611753403,-20.0102,         1757P   3182
51.0348,26.537286528047,-0.00100000000000089,0.879982877716345,     1757P   3183
2.00306669134114,2.20114512271369;                                  1757P   3184
128,1,1,1,1,0,0,1,0,0,-0.000999999999999618,                        1759P   3185
-0.000999999999999618,0.535000000000001,0.535000000000001,          1759P   3186
2.00306669134114,2.00306669134114,2.20114512271369,                 1759P   3187
2.20114512271369,1.,1.,1.,1.,-17.9898,45.5778,17.5614611753403,     1759P   3188
-17.9898,51.045,17.5614611753403,-20.0102,45.5778,                  1759P   3189
17.5614611753403,-20.0102,51.045,17.5614611753403,                  1759P   3190
-0.000999999999999618,0.535000000000001,2.00306669134114,           1759P   3191
2.20114512271369;                                                   1759P   3192
128,1,1,1,1,0,0,1,0,0,-0.00100000000000027,-0.00100000000000027,    1761P   3193
0.190000000000002,0.190000000000002,2.00306669134114,               1761P   3194
2.00306669134114,2.20114512271369,2.20114512271369,1.,1.,1.,1.,     1761P   3195
-17.9898,46.8184761904762,28.0243414644794,-17.9898,                1761P   3196
45.5815238095238,26.5192062389079,-20.0102,46.8184761904762,        1761P   3197
28.0243414644794,-20.0102,45.5815238095238,26.5192062389079,        1761P   3198
-0.00100000000000027,0.190000000000002,2.00306669134114,            1761P   3199
2.20114512271369;                                                   1761P   3200
128,1,1,1,1,0,0,1,0,0,-0.001,-0.001,0.879982877716345,              1763P   3201
0.879982877716345,2.00306669134114,2.00306669134114,                1763P   3202
2.20114512271369,2.20114512271369,1.,1.,1.,1.,-17.9898,45.588,      1763P   3203
26.537286528047,-17.9898,45.588,17.5512611753403,-20.0102,          1763P   3204
45.588,26.537286528047,-20.0102,45.588,17.5512611753403,-0.001,     1763P   3205
0.879982877716345,2.00306669134114,2.20114512271369;                1763P   3206
128,1,1,1,1,0,0,1,0,0,-0.00100000000000022,-0.00100000000000022,    1765P   3207
0.295000000000001,0.295000000000001,2.00306669134114,               1765P   3208
2.00306669134114,2.20114512271369,2.20114512271369,1.,1.,1.,1.,     1765P   3209
-17.9898,12.421,28.0164611753403,-17.9898,9.40180000000001,         1765P   3210
28.0164611753403,-20.0102,12.421,28.0164611753403,-20.0102,         1765P   3211
9.40180000000001,28.0164611753403,-0.00100000000000022,             1765P   3212
0.295000000000001,2.00306669134114,2.20114512271369;                1765P   3213
128,1,1,1,1,0,0,1,0,0,-0.00100000000000022,-0.00100000000000022,    1767P   3214
0.190000000000001,0.190000000000001,2.00306669134114,               1767P   3215
2.00306669134114,2.20114512271369,2.20114512271369,1.,1.,1.,1.,     1767P   3216
-17.9898,13.6412761904762,26.5192062389079,-17.9898,                1767P   3217
12.4043238095238,28.0243414644794,-20.0102,13.6412761904762,        1767P   3218
26.5192062389079,-20.0102,12.4043238095238,28.0243414644794,        1767P   3219
-0.00100000000000022,0.190000000000001,2.00306669134114,            1767P   3220
2.20114512271369;                                                   1767P   3221
128,1,1,1,1,0,0,1,0,0,-0.00100000000000044,-0.00100000000000044,    1769P   3222
0.879982877716345,0.879982877716345,2.00306669134114,               1769P   3223
2.00306669134114,2.20114512271369,2.20114512271369,1.,1.,1.,1.,     1769P   3224
-17.9898,13.6348,17.5512611753403,-17.9898,13.6348,                 1769P   3225
26.537286528047,-20.0102,13.6348,17.5512611753403,-20.0102,         1769P   3226
13.6348,26.537286528047,-0.00100000000000044,0.879982877716345,     1769P   3227
2.00306669134114,2.20114512271369;                                  1769P   3228
128,1,1,1,1,0,0,1,0,0,-0.00100000000000005,-0.00100000000000005,    1771P   3229
0.535,0.535,2.00306669134114,2.00306669134114,2.20114512271369,     1771P   3230
2.20114512271369,1.,1.,1.,1.,-17.9898,8.17780000000001,             1771P   3231
17.5614611753403,-17.9898,13.645,17.5614611753403,-20.0102,         1771P   3232
8.17780000000001,17.5614611753403,-20.0102,13.645,                  1771P   3233
17.5614611753403,-0.00100000000000005,0.535,2.00306669134114,       1771P   3234
2.20114512271369;                                                   1771P   3235
128,1,1,1,1,0,0,1,0,0,-0.001,-0.001,0.190000000000001,              1773P   3236
0.190000000000001,2.00306669134114,2.00306669134114,                1773P   3237
2.20114512271369,2.20114512271369,1.,1.,1.,1.,-17.9898,             1773P   3238
9.41847619047621,28.0243414644794,-17.9898,8.18152380952382,        1773P   3239
26.5192062389079,-20.0102,9.41847619047621,28.0243414644794,        1773P   3240
-20.0102,8.18152380952382,26.5192062389079,-0.001,                  1773P   3241
0.190000000000001,2.00306669134114,2.20114512271369;                1773P   3242
128,1,1,1,1,0,0,1,0,0,-0.001,-0.001,0.879982877716345,              1775P   3243
0.879982877716345,2.00306669134114,2.00306669134114,                1775P   3244
2.20114512271369,2.20114512271369,1.,1.,1.,1.,-17.9898,             1775P   3245
8.18800000000001,26.537286528047,-17.9898,8.18800000000001,         1775P   3246
17.5512611753403,-20.0102,8.18800000000001,26.537286528047,         1775P   3247
-20.0102,8.18800000000001,17.5512611753403,-0.001,                  1775P   3248
0.879982877716345,2.00306669134114,2.20114512271369;                1775P   3249
128,1,1,1,1,0,0,1,0,0,0.419282317751702,0.419282317751702,          1777P   3250
0.617360749124251,0.617360749124251,-0.00100000000000022,           1777P   3251
-0.00100000000000022,1.561,1.561,1.,1.,1.,1.,95.9898,15.3178,       1777P   3252
18.6240960904523,98.0102,15.3178,18.6240960904523,95.9898,          1777P   3253
31.2502,18.6240960904523,98.0102,31.2502,18.6240960904523,          1777P   3254
0.419282317751702,0.617360749124251,-0.00100000000000022,1.561;     1777P   3255
128,1,1,1,1,0,0,1,0,0,-0.3935,-0.3935,0.3935,0.3935,                1779P   3256
0.657639250875751,0.657639250875751,0.8557176822483,                1779P   3257
0.8557176822483,1.,1.,1.,1.,95.9898,31.24,26.6412960904523,         1779P   3258
95.9898,31.24,18.6138960904523,98.0102,31.24,26.6412960904523,      1779P   3259
98.0102,31.24,18.6138960904523,-0.3935,0.3935,0.657639250875751,    1779P   3260
0.8557176822483;                                                    1779P   3261
128,1,1,1,1,0,0,1,0,0,1.93263925087575,1.93263925087575,            1781P   3262
2.1307176822483,2.1307176822483,-0.00100000000000022,               1781P   3263
-0.00100000000000022,1.561,1.561,1.,1.,1.,1.,98.0102,15.3178,       1781P   3264
26.6310960904523,95.9898,15.3178,26.6310960904523,98.0102,          1781P   3265
31.2502,26.6310960904523,95.9898,31.2502,26.6310960904523,          1781P   3266
1.93263925087575,2.1307176822483,-0.00100000000000022,1.561;        1781P   3267
128,1,1,1,1,0,0,1,0,0,0.657639250875751,0.657639250875751,          1783P   3268
0.8557176822483,0.8557176822483,-0.3935,-0.3935,0.3935,0.3935,      1783P   3269
1.,1.,1.,1.,95.9898,15.328,26.6412960904523,98.0102,15.328,         1783P   3270
26.6412960904523,95.9898,15.328,18.6138960904523,98.0102,15.328,    1783P   3271
18.6138960904523,0.657639250875751,0.8557176822483,-0.3935,         1783P   3272
0.3935;                                                             1783P   3273
128,1,1,1,1,0,0,1,0,0,0.419282317751702,0.419282317751702,          1785P   3274
0.617360749124251,0.617360749124251,-0.00100000000000089,           1785P   3275
-0.00100000000000089,1.561,1.561,1.,1.,1.,1.,95.9898,38.4378,       1785P   3276
18.6240960904523,98.0102,38.4378,18.6240960904523,95.9898,          1785P   3277
54.3702,18.6240960904523,98.0102,54.3702,18.6240960904523,          1785P   3278
0.419282317751702,0.617360749124251,-0.00100000000000089,1.561;     1785P   3279
128,1,1,1,1,0,0,1,0,0,-0.3935,-0.3935,0.3935,0.3935,                1787P   3280
0.657639250875751,0.657639250875751,0.8557176822483,                1787P   3281
0.8557176822483,1.,1.,1.,1.,95.9898,54.36,26.6412960904523,         1787P   3282
95.9898,54.36,18.6138960904523,98.0102,54.36,26.6412960904523,      1787P   3283
98.0102,54.36,18.6138960904523,-0.3935,0.3935,0.657639250875751,    1787P   3284
0.8557176822483;                                                    1787P   3285
128,1,1,1,1,0,0,1,0,0,1.93263925087575,1.93263925087575,            1789P   3286
2.1307176822483,2.1307176822483,-0.00100000000000089,               1789P   3287
-0.00100000000000089,1.561,1.561,1.,1.,1.,1.,98.0102,38.4378,       1789P   3288
26.6310960904523,95.9898,38.4378,26.6310960904523,98.0102,          1789P   3289
54.3702,26.6310960904523,95.9898,54.3702,26.6310960904523,          1789P   3290
1.93263925087575,2.1307176822483,-0.00100000000000089,1.561;        1789P   3291
128,1,1,1,1,0,0,1,0,0,0.657639250875751,0.657639250875751,          1791P   3292
0.8557176822483,0.8557176822483,-0.3935,-0.3935,0.3935,0.3935,      1791P   3293
1.,1.,1.,1.,95.9898,38.448,26.6412960904523,98.0102,38.448,         1791P   3294
26.6412960904523,95.9898,38.448,18.6138960904523,98.0102,38.448,    1791P   3295
18.6138960904523,0.657639250875751,0.8557176822483,-0.3935,         1791P   3296
0.3935;                                                             1791P   3297
128,1,1,1,1,0,0,1,0,0,0.419282317751702,0.419282317751702,          1793P   3298
0.617360749124251,0.617360749124251,-0.001,-0.001,1.561,1.561,      1793P   3299
1.,1.,1.,1.,95.9898,61.5578,18.6240960904523,98.0102,61.5578,       1793P   3300
18.6240960904523,95.9898,77.4902,18.6240960904523,98.0102,          1793P   3301
77.4902,18.6240960904523,0.419282317751702,0.617360749124251,       1793P   3302
-0.001,1.561;                                                       1793P   3303
128,1,1,1,1,0,0,1,0,0,-0.3935,-0.3935,0.3935,0.3935,                1795P   3304
0.657639250875751,0.657639250875751,0.8557176822483,                1795P   3305
0.8557176822483,1.,1.,1.,1.,95.9898,77.48,26.6412960904523,         1795P   3306
95.9898,77.48,18.6138960904523,98.0102,77.48,26.6412960904523,      1795P   3307
98.0102,77.48,18.6138960904523,-0.3935,0.3935,0.657639250875751,    1795P   3308
0.8557176822483;                                                    1795P   3309
128,1,1,1,1,0,0,1,0,0,1.93263925087575,1.93263925087575,            1797P   3310
2.1307176822483,2.1307176822483,-0.001,-0.001,1.561,1.561,1.,1.,    1797P   3311
1.,1.,98.0102,61.5578,26.6310960904523,95.9898,61.5578,             1797P   3312
26.6310960904523,98.0102,77.4902,26.6310960904523,95.9898,          1797P   3313
77.4902,26.6310960904523,1.93263925087575,2.1307176822483,          1797P   3314
-0.001,1.561;                                                       1797P   3315
128,1,1,1,1,0,0,1,0,0,0.657639250875751,0.657639250875751,          1799P   3316
0.8557176822483,0.8557176822483,-0.3935,-0.3935,0.3935,0.3935,      1799P   3317
1.,1.,1.,1.,95.9898,61.568,26.6412960904523,98.0102,61.568,         1799P   3318
26.6412960904523,95.9898,61.568,18.6138960904523,98.0102,61.568,    1799P   3319
18.6138960904523,0.657639250875751,0.8557176822483,-0.3935,         1799P   3320
0.3935;                                                             1799P   3321
128,1,1,1,1,0,0,1,0,0,0.419282317751702,0.419282317751702,          1801P   3322
0.617360749124251,0.617360749124251,-0.001,-0.001,1.561,1.561,      1801P   3323
1.,1.,1.,1.,95.9898,84.6778,18.6240960904523,98.0102,84.6778,       1801P   3324
18.6240960904523,95.9898,100.6102,18.6240960904523,98.0102,         1801P   3325
100.6102,18.6240960904523,0.419282317751702,0.617360749124251,      1801P   3326
-0.001,1.561;                                                       1801P   3327
128,1,1,1,1,0,0,1,0,0,-0.3935,-0.3935,0.3935,0.3935,                1803P   3328
0.657639250875751,0.657639250875751,0.8557176822483,                1803P   3329
0.8557176822483,1.,1.,1.,1.,95.9898,100.6,26.6412960904523,         1803P   3330
95.9898,100.6,18.6138960904523,98.0102,100.6,26.6412960904523,      1803P   3331
98.0102,100.6,18.6138960904523,-0.3935,0.3935,0.657639250875751,    1803P   3332
0.8557176822483;                                                    1803P   3333
128,1,1,1,1,0,0,1,0,0,1.93263925087575,1.93263925087575,            1805P   3334
2.1307176822483,2.1307176822483,-0.001,-0.001,1.561,1.561,1.,1.,    1805P   3335
1.,1.,98.0102,84.6778,26.6310960904523,95.9898,84.6778,             1805P   3336
26.6310960904523,98.0102,100.6102,26.6310960904523,95.9898,         1805P   3337
100.6102,26.6310960904523,1.93263925087575,2.1307176822483,         1805P   3338
-0.001,1.561;                                                       1805P   3339
128,1,1,1,1,0,0,1,0,0,0.657639250875751,0.657639250875751,          1807P   3340
0.8557176822483,0.8557176822483,-0.3935,-0.3935,0.3935,0.3935,      1807P   3341
1.,1.,1.,1.,95.9898,84.688,26.6412960904523,98.0102,84.688,         1807P   3342
26.6412960904523,95.9898,84.688,18.6138960904523,98.0102,84.688,    1807P   3343
18.6138960904523,0.657639250875751,0.8557176822483,-0.3935,         1807P   3344
0.3935;                                                             1807P   3345
502,278,78.846753418157,-3.47482274839816,4.,78.846753418157,       1809P   3346
-3.47482274839816,0.,77.9340251521328,-6.42684340817517,0.,         1809P   3347
82.7594816841812,-6.42684340817517,0.,82.7594816841812,             1809P   3348
-6.42684340817517,4.,77.9340251521328,-6.42684340817517,4.,         1809P   3349
75.7474190692732,-4.24023732531563,0.,75.7474190692732,             1809P   3350
-4.24023732531563,4.,75.7474190692732,3.5527136788005D-14,0.,       1809P   3351
75.7474190692732,3.5527136788005D-14,4.,84.9460877670408,           1809P   3352
-4.24023732531563,0.,84.9460877670408,3.5527136788005D-14,0.,       1809P   3353
84.9460877670408,3.5527136788005D-14,4.,84.9460877670408,           1809P   3354
-4.24023732531563,4.,78.846753418157,216.474822748398,4.,           1809P   3355
78.846753418157,216.474822748398,0.,77.9340251521327,               1809P   3356
219.426843408175,0.,82.7594816841812,219.426843408175,0.,           1809P   3357
77.9340251521327,219.426843408175,4.,82.7594816841812,              1809P   3358
219.426843408175,4.,84.9460877670407,217.240237325316,0.,           1809P   3359
84.9460877670407,217.240237325316,4.,84.9460877670407,213.,0.,      1809P   3360
84.9460877670407,213.,4.,75.7474190692732,213.,0.,                  1809P   3361
75.7474190692732,217.240237325316,0.,75.7474190692732,213.,4.,      1809P   3362
75.7474190692732,217.240237325316,4.,-3.84675341815691,             1809P   3363
-3.4748227483982,4.,-3.84675341815691,-3.4748227483982,0.,          1809P   3364
2.25258093072686,-4.24023732531566,0.,0.0659748478673096,           1809P   3365
-6.42684340817521,0.,2.25258093072686,-4.24023732531566,4.,         1809P   3366
0.0659748478673094,-6.42684340817521,4.,-4.75948168418114,          1809P   3367
-6.42684340817521,0.,-4.75948168418114,-6.42684340817521,4.,        1809P   3368
-6.94608776704069,-4.24023732531566,0.,-6.94608776704069,           1809P   3369
-4.24023732531566,4.,-6.94608776704069,0.,0.,-6.94608776704069,     1809P   3370
0.,4.,2.25258093072686,0.,0.,2.25258093072686,0.,4.,                1809P   3371
-3.84675341815695,216.474822748398,4.,-3.84675341815695,            1809P   3372
216.474822748398,0.,-6.94608776704072,217.240237325316,0.,          1809P   3373
-4.75948168418117,219.426843408175,0.,-6.94608776704072,            1809P   3374
217.240237325316,4.,-4.75948168418117,219.426843408175,4.,          1809P   3375
0.065974847867265,219.426843408175,0.,0.065974847867265,            1809P   3376
219.426843408175,4.,2.25258093072681,217.240237325316,0.,           1809P   3377
2.25258093072681,217.240237325316,4.,2.25258093072681,213.,0.,      1809P   3378
2.25258093072681,213.,4.,-6.94608776704072,213.,0.,                 1809P   3379
-6.94608776704072,213.,4.,91.,1.99999999999999,2.,96.,              1809P   3380
6.99999999999999,2.,91.,1.99999999999999,33.,96.,                   1809P   3381
6.99999999999999,33.,96.,206.,33.,96.,206.,2.,96.,31.24,            1809P   3382
26.6310960904523,96.,15.328,26.6310960904523,96.,15.328,            1809P   3383
18.6240960904523,96.,31.24,18.6240960904523,96.,54.36,              1809P   3384
26.6310960904523,96.,38.448,26.6310960904523,96.,38.448,            1809P   3385
18.6240960904523,96.,54.36,18.6240960904523,96.,77.48,              1809P   3386
26.6310960904523,96.,61.568,26.6310960904523,96.,61.568,            1809P   3387
18.6240960904523,96.,77.48,18.6240960904523,96.,100.6,              1809P   3388
26.6310960904523,96.,84.688,26.6310960904523,96.,84.688,            1809P   3389
18.6240960904523,96.,100.6,18.6240960904523,-18.,                   1809P   3390
6.99999999999999,2.,-13.,1.99999999999999,2.,-18.,                  1809P   3391
6.99999999999999,33.,-13.,1.99999999999999,33.,8.47876024238761,    1809P   3392
1.99999999999999,18.1650120567515,31.8797006823542,                 1809P   3393
1.99999999999999,18.1650120567515,35.3797006823542,                 1809P   3394
1.99999999999999,21.6650120567515,35.3797006823542,                 1809P   3395
1.99999999999999,24.5164611753403,31.8797006823542,                 1809P   3396
1.99999999999999,28.0164611753403,8.47876024238761,                 1809P   3397
1.99999999999999,28.0164611753403,4.97876024238761,                 1809P   3398
1.99999999999999,24.5164611753403,4.97876024238761,                 1809P   3399
1.99999999999999,21.6650120567515,98.,5.,33.,93.,0.,33.,93.,0.,     1809P   3400
0.,98.,5.,0.,-15.,0.,33.,-15.,0.,0.,31.8797006823542,0.,            1809P   3401
18.1650120567515,8.47876024238761,0.,18.1650120567515,              1809P   3402
4.97876024238761,0.,21.6650120567515,4.97876024238761,0.,           1809P   3403
24.5164611753403,8.47876024238761,0.,28.0164611753403,              1809P   3404
31.8797006823542,0.,28.0164611753403,35.3797006823542,0.,           1809P   3405
24.5164611753403,35.3797006823542,0.,21.6650120567515,98.,208.,     1809P   3406
33.,93.,213.,33.,-15.,213.,33.,-20.,208.,33.,-20.,5.,33.,-18.,      1809P   3407
206.,33.,-13.,211.,33.,91.,211.,33.,-20.,5.,0.,-18.,206.,2.,        1809P   3408
-18.,179.705367687912,26.7664611753403,-18.,179.705367687912,       1809P   3409
21.0664611753403,-18.,178.455367687912,19.8164611753403,-18.,       1809P   3410
164.005367687912,19.8164611753403,-18.,164.005367687912,            1809P   3411
28.0164611753403,-18.,178.455367687912,28.0164611753403,-18.,       1809P   3412
32.3348,17.5614611753403,-18.,26.888,17.5614611753403,-18.,         1809P   3413
26.888,26.527086528047,-18.,28.112,28.0164611753403,-18.,           1809P   3414
31.1108,28.0164611753403,-18.,32.3348,26.527086528047,-18.,         1809P   3415
119.7148,17.5614611753403,-18.,114.268,17.5614611753403,-18.,       1809P   3416
114.268,26.527086528047,-18.,115.492,28.0164611753403,-18.,         1809P   3417
118.4908,28.0164611753403,-18.,119.7148,26.527086528047,-18.,       1809P   3418
107.2198,17.5614611753403,-18.,101.773,17.5614611753403,-18.,       1809P   3419
101.773,26.527086528047,-18.,102.997,28.0164611753403,-18.,         1809P   3420
105.9958,28.0164611753403,-18.,107.2198,26.527086528047,-18.,       1809P   3421
94.7248,17.5614611753403,-18.,89.278,17.5614611753403,-18.,         1809P   3422
89.278,26.527086528047,-18.,90.502,28.0164611753403,-18.,           1809P   3423
93.5008,28.0164611753403,-18.,94.7248,26.527086528047,-18.,         1809P   3424
82.2298,17.5614611753403,-18.,76.783,17.5614611753403,-18.,         1809P   3425
76.783,26.527086528047,-18.,78.007,28.0164611753403,-18.,           1809P   3426
81.0058,28.0164611753403,-18.,82.2298,26.527086528047,-18.,         1809P   3427
69.7348,17.5614611753403,-18.,64.288,17.5614611753403,-18.,         1809P   3428
64.288,26.527086528047,-18.,65.512,28.0164611753403,-18.,           1809P   3429
68.5108,28.0164611753403,-18.,69.7348,26.527086528047,-18.,         1809P   3430
51.0348,17.5614611753403,-18.,45.588,17.5614611753403,-18.,         1809P   3431
45.588,26.527086528047,-18.,46.812,28.0164611753403,-18.,           1809P   3432
49.8108,28.0164611753403,-18.,51.0348,26.527086528047,-18.,         1809P   3433
13.6348,17.5614611753403,-18.,8.18800000000001,17.5614611753403,    1809P   3434
-18.,8.18800000000002,26.527086528047,-18.,9.41200000000002,        1809P   3435
28.0164611753403,-18.,12.4108,28.0164611753403,-18.,13.6348,        1809P   3436
26.527086528047,-18.,129.537792756248,28.0164611753403,-18.,        1809P   3437
139.537792756248,28.0164611753403,-18.,139.537792756248,            1809P   3438
22.2164611753403,-18.,129.537792756248,22.2164611753403,-18.,       1809P   3439
142.537792756248,22.2164611753403,-18.,142.537792756248,            1809P   3440
28.0164611753403,-18.,152.537792756248,28.0164611753403,-18.,       1809P   3441
152.537792756248,22.2164611753403,91.,211.,2.,-13.,211.,2.,         1809P   3442
41.9980290822523,196.391604670144,2.,89.3699616952639,              1809P   3443
134.711242010433,2.,89.369961695264,182.111242010433,2.,            1809P   3444
-5.40197091774772,188.511604670144,2.,41.9980290822522,             1809P   3445
188.511604670144,2.,81.489961695264,134.711242010433,2.,            1809P   3446
81.4899616952639,182.111242010433,2.,-5.40197091774772,             1809P   3447
196.391604670144,2.,-20.,208.,0.,-20.,179.705367687912,             1809P   3448
21.0664611753403,-20.,179.705367687912,26.7664611753403,-20.,       1809P   3449
178.455367687912,28.0164611753403,-20.,164.005367687912,            1809P   3450
28.0164611753403,-20.,164.005367687912,19.8164611753403,-20.,       1809P   3451
178.455367687912,19.8164611753403,-20.,26.888,17.5614611753403,     1809P   3452
-20.,32.3348,17.5614611753403,-20.,32.3348,26.527086528047,-20.,    1809P   3453
31.1108,28.0164611753403,-20.,28.112,28.0164611753403,-20.,         1809P   3454
26.888,26.527086528047,-20.,114.268,17.5614611753403,-20.,          1809P   3455
119.7148,17.5614611753403,-20.,119.7148,26.527086528047,-20.,       1809P   3456
118.4908,28.0164611753403,-20.,115.492,28.0164611753403,-20.,       1809P   3457
114.268,26.527086528047,-20.,101.773,17.5614611753403,-20.,         1809P   3458
107.2198,17.5614611753403,-20.,107.2198,26.527086528047,-20.,       1809P   3459
105.9958,28.0164611753403,-20.,102.997,28.0164611753403,-20.,       1809P   3460
101.773,26.527086528047,-20.,89.278,17.5614611753403,-20.,          1809P   3461
94.7248,17.5614611753403,-20.,94.7248,26.527086528047,-20.,         1809P   3462
93.5008,28.0164611753403,-20.,90.502,28.0164611753403,-20.,         1809P   3463
89.278,26.527086528047,-20.,76.783,17.5614611753403,-20.,           1809P   3464
82.2298,17.5614611753403,-20.,82.2298,26.527086528047,-20.,         1809P   3465
81.0058,28.0164611753403,-20.,78.007,28.0164611753403,-20.,         1809P   3466
76.783,26.527086528047,-20.,64.288,17.5614611753403,-20.,           1809P   3467
69.7348,17.5614611753403,-20.,69.7348,26.527086528047,-20.,         1809P   3468
68.5108,28.0164611753403,-20.,65.512,28.0164611753403,-20.,         1809P   3469
64.288,26.527086528047,-20.,45.588,17.5614611753403,-20.,           1809P   3470
51.0348,17.5614611753403,-20.,51.0348,26.527086528047,-20.,         1809P   3471
49.8108,28.0164611753403,-20.,46.812,28.0164611753403,-20.,         1809P   3472
45.588,26.527086528047,-20.,8.18800000000003,17.5614611753403,      1809P   3473
-20.,13.6348,17.5614611753403,-20.,13.6348,26.527086528047,-20.,    1809P   3474
12.4108,28.0164611753403,-20.,9.41200000000001,28.0164611753403,    1809P   3475
-20.,8.18800000000001,26.527086528047,-20.,139.537792756248,        1809P   3476
28.0164611753403,-20.,129.537792756248,28.0164611753403,-20.,       1809P   3477
129.537792756248,22.2164611753403,-20.,139.537792756248,            1809P   3478
22.2164611753403,-20.,142.537792756248,28.0164611753403,-20.,       1809P   3479
142.537792756248,22.2164611753403,-20.,152.537792756248,            1809P   3480
22.2164611753403,-20.,152.537792756248,28.0164611753403,98.,        1809P   3481
208.,0.,98.,84.688,26.6310960904523,98.,100.6,26.6310960904523,     1809P   3482
98.,100.6,18.6240960904523,98.,84.688,18.6240960904523,98.,         1809P   3483
61.568,26.6310960904523,98.,77.48,26.6310960904523,98.,77.48,       1809P   3484
18.6240960904523,98.,61.568,18.6240960904523,98.,38.448,            1809P   3485
26.6310960904523,98.,54.36,26.6310960904523,98.,54.36,              1809P   3486
18.6240960904523,98.,38.448,18.6240960904523,98.,15.328,            1809P   3487
26.6310960904523,98.,31.24,26.6310960904523,98.,31.24,              1809P   3488
18.6240960904523,98.,15.328,18.6240960904523,93.,213.,0.,-15.,      1809P   3489
213.,0.,28.0943087804791,213.,23.1069523643861,                     1809P   3490
-5.40197091774772,196.391604670144,0.,81.4899616952639,             1809P   3491
182.111242010433,0.,81.489961695264,134.711242010433,0.,            1809P   3492
41.9980290822522,188.511604670144,0.,-5.40197091774772,             1809P   3493
188.511604670144,0.,89.369961695264,182.111242010433,0.,            1809P   3494
89.3699616952639,134.711242010433,0.,41.9980290822523,              1809P   3495
196.391604670144,0.,28.0943087804791,211.,23.1069523643861;         1809P   3496
504,417,691,1809,1,1809,1,693,1809,1,1809,2,695,1809,2,1809,2,      1811P   3497
697,1809,3,1809,4,699,1809,4,1809,5,701,1809,6,1809,5,703,1809,     1811P   3498
3,1809,6,705,1809,3,1809,7,707,1809,8,1809,6,709,1809,7,1809,8,     1811P   3499
711,1809,9,1809,7,713,1809,10,1809,8,715,1809,9,1809,10,717,        1811P   3500
1809,11,1809,12,719,1809,13,1809,12,721,1809,14,1809,13,723,        1811P   3501
1809,11,1809,14,725,1809,11,1809,4,727,1809,5,1809,14,729,1809,     1811P   3502
10,1809,13,731,1809,15,1809,15,733,1809,15,1809,16,735,1809,16,     1811P   3503
1809,16,737,1809,17,1809,18,739,1809,17,1809,19,741,1809,20,        1811P   3504
1809,19,743,1809,18,1809,20,745,1809,18,1809,21,747,1809,22,        1811P   3505
1809,20,749,1809,21,1809,22,751,1809,21,1809,23,753,1809,24,        1811P   3506
1809,22,755,1809,23,1809,24,757,1809,25,1809,26,759,1809,27,        1811P   3507
1809,25,761,1809,28,1809,27,763,1809,26,1809,28,765,1809,26,        1811P   3508
1809,17,767,1809,19,1809,28,769,1809,24,1809,27,771,1809,29,        1811P   3509
1809,29,773,1809,29,1809,30,775,1809,30,1809,30,777,1809,31,        1811P   3510
1809,32,779,1809,31,1809,33,781,1809,34,1809,33,783,1809,32,        1811P   3511
1809,34,785,1809,32,1809,35,787,1809,36,1809,34,789,1809,35,        1811P   3512
1809,36,791,1809,35,1809,37,793,1809,38,1809,36,795,1809,37,        1811P   3513
1809,38,797,1809,37,1809,39,799,1809,40,1809,38,801,1809,39,        1811P   3514
1809,40,803,1809,41,1809,31,805,1809,42,1809,41,807,1809,33,        1811P   3515
1809,42,809,1809,40,1809,42,811,1809,43,1809,43,813,1809,43,        1811P   3516
1809,44,815,1809,44,1809,44,817,1809,45,1809,46,819,1809,45,        1811P   3517
1809,47,821,1809,48,1809,47,823,1809,46,1809,48,825,1809,49,        1811P   3518
1809,46,827,1809,50,1809,48,829,1809,49,1809,50,831,1809,49,        1811P   3519
1809,51,833,1809,52,1809,50,835,1809,51,1809,52,837,1809,53,        1811P   3520
1809,51,839,1809,54,1809,52,841,1809,53,1809,54,843,1809,45,        1811P   3521
1809,55,845,1809,56,1809,55,847,1809,47,1809,56,849,1809,54,        1811P   3522
1809,56,851,1809,57,1809,58,853,1809,57,1809,59,855,1809,59,        1811P   3523
1809,60,857,1809,60,1809,58,859,1809,61,1809,60,861,1809,62,        1811P   3524
1809,61,863,1809,58,1809,62,865,1809,63,1809,64,867,1809,64,        1811P   3525
1809,65,869,1809,65,1809,66,871,1809,66,1809,63,873,1809,67,        1811P   3526
1809,68,875,1809,68,1809,69,877,1809,69,1809,70,879,1809,70,        1811P   3527
1809,67,881,1809,71,1809,72,883,1809,72,1809,73,885,1809,73,        1811P   3528
1809,74,887,1809,74,1809,71,889,1809,75,1809,76,891,1809,76,        1811P   3529
1809,77,893,1809,77,1809,78,895,1809,78,1809,75,897,1809,79,        1811P   3530
1809,80,899,1809,79,1809,81,901,1809,81,1809,82,903,1809,82,        1811P   3531
1809,80,905,1809,80,1809,57,907,1809,59,1809,82,909,1809,83,        1811P   3532
1809,84,911,1809,84,1809,85,913,1809,85,1809,86,915,1809,86,        1811P   3533
1809,87,917,1809,87,1809,88,919,1809,88,1809,89,921,1809,89,        1811P   3534
1809,90,923,1809,90,1809,83,925,1809,91,1809,92,927,1809,92,        1811P   3535
1809,93,929,1809,93,1809,94,931,1809,94,1809,91,933,1809,12,        1811P   3536
1809,93,935,1809,95,1809,92,937,1809,96,1809,95,939,1809,96,        1811P   3537
1809,39,941,1809,41,1809,9,943,1809,97,1809,98,945,1809,98,1809,    1811P   3538
99,947,1809,99,1809,100,949,1809,100,1809,101,951,1809,101,1809,    1811P   3539
102,953,1809,102,1809,103,955,1809,103,1809,104,957,1809,104,       1811P   3540
1809,97,959,1809,91,1809,105,961,1809,106,1809,105,963,1809,106,    1811P   3541
1809,107,965,1809,108,1809,107,967,1809,108,1809,109,969,1809,      1811P   3542
95,1809,109,971,1809,81,1809,110,973,1809,111,1809,110,975,1809,    1811P   3543
111,1809,112,977,1809,61,1809,112,979,1809,113,1809,96,981,1809,    1811P   3544
109,1809,113,983,1809,114,1809,79,985,1809,110,1809,114,987,        1811P   3545
1809,115,1809,116,989,1809,116,1809,117,991,1809,117,1809,118,      1811P   3546
993,1809,118,1809,119,995,1809,119,1809,120,997,1809,120,1809,      1811P   3547
115,999,1809,121,1809,122,1001,1809,122,1809,123,1003,1809,123,     1811P   3548
1809,124,1005,1809,124,1809,125,1007,1809,125,1809,126,1009,        1811P   3549
1809,126,1809,121,1011,1809,127,1809,128,1013,1809,128,1809,129,    1811P   3550
1015,1809,129,1809,130,1017,1809,130,1809,131,1019,1809,131,        1811P   3551
1809,132,1021,1809,132,1809,127,1023,1809,133,1809,134,1025,        1811P   3552
1809,134,1809,135,1027,1809,135,1809,136,1029,1809,136,1809,137,    1811P   3553
1031,1809,137,1809,138,1033,1809,138,1809,133,1035,1809,139,        1811P   3554
1809,140,1037,1809,140,1809,141,1039,1809,141,1809,142,1041,        1811P   3555
1809,142,1809,143,1043,1809,143,1809,144,1045,1809,144,1809,139,    1811P   3556
1047,1809,145,1809,146,1049,1809,146,1809,147,1051,1809,147,        1811P   3557
1809,148,1053,1809,148,1809,149,1055,1809,149,1809,150,1057,        1811P   3558
1809,150,1809,145,1059,1809,151,1809,152,1061,1809,152,1809,153,    1811P   3559
1063,1809,153,1809,154,1065,1809,154,1809,155,1067,1809,155,        1811P   3560
1809,156,1069,1809,156,1809,151,1071,1809,157,1809,158,1073,        1811P   3561
1809,158,1809,159,1075,1809,159,1809,160,1077,1809,160,1809,161,    1811P   3562
1079,1809,161,1809,162,1081,1809,162,1809,157,1083,1809,163,        1811P   3563
1809,164,1085,1809,164,1809,165,1087,1809,165,1809,166,1089,        1811P   3564
1809,166,1809,167,1091,1809,167,1809,168,1093,1809,168,1809,163,    1811P   3565
1095,1809,169,1809,170,1097,1809,170,1809,171,1099,1809,171,        1811P   3566
1809,172,1101,1809,172,1809,169,1103,1809,173,1809,174,1105,        1811P   3567
1809,174,1809,175,1107,1809,175,1809,176,1109,1809,176,1809,173,    1811P   3568
1111,1809,62,1809,177,1113,1809,177,1809,178,1115,1809,178,1809,    1811P   3569
114,1117,1809,179,1809,179,1119,1809,180,1809,180,1121,1809,181,    1811P   3570
1809,181,1123,1809,182,1809,182,1125,1809,183,1809,183,1127,        1811P   3571
1809,184,1809,184,1129,1809,185,1809,185,1131,1809,186,1809,186,    1811P   3572
1133,1809,187,1809,108,1135,1809,187,1809,113,1137,1809,188,        1811P   3573
1809,189,1139,1809,189,1809,190,1141,1809,190,1809,191,1143,        1811P   3574
1809,191,1809,192,1145,1809,192,1809,193,1147,1809,193,1809,188,    1811P   3575
1149,1809,194,1809,195,1151,1809,195,1809,196,1153,1809,196,        1811P   3576
1809,197,1155,1809,197,1809,198,1157,1809,198,1809,199,1159,        1811P   3577
1809,199,1809,194,1161,1809,200,1809,201,1163,1809,201,1809,202,    1811P   3578
1165,1809,202,1809,203,1167,1809,203,1809,204,1169,1809,204,        1811P   3579
1809,205,1171,1809,205,1809,200,1173,1809,206,1809,207,1175,        1811P   3580
1809,207,1809,208,1177,1809,208,1809,209,1179,1809,209,1809,210,    1811P   3581
1181,1809,210,1809,211,1183,1809,211,1809,206,1185,1809,212,        1811P   3582
1809,213,1187,1809,213,1809,214,1189,1809,214,1809,215,1191,        1811P   3583
1809,215,1809,216,1193,1809,216,1809,217,1195,1809,217,1809,212,    1811P   3584
1197,1809,218,1809,219,1199,1809,219,1809,220,1201,1809,220,        1811P   3585
1809,221,1203,1809,221,1809,222,1205,1809,222,1809,223,1207,        1811P   3586
1809,223,1809,218,1209,1809,224,1809,225,1211,1809,225,1809,226,    1811P   3587
1213,1809,226,1809,227,1215,1809,227,1809,228,1217,1809,228,        1811P   3588
1809,229,1219,1809,229,1809,224,1221,1809,230,1809,231,1223,        1811P   3589
1809,231,1809,232,1225,1809,232,1809,233,1227,1809,233,1809,234,    1811P   3590
1229,1809,234,1809,235,1231,1809,235,1809,230,1233,1809,236,        1811P   3591
1809,237,1235,1809,237,1809,238,1237,1809,238,1809,239,1239,        1811P   3592
1809,239,1809,240,1241,1809,240,1809,241,1243,1809,241,1809,236,    1811P   3593
1245,1809,242,1809,243,1247,1809,243,1809,244,1249,1809,244,        1811P   3594
1809,245,1251,1809,245,1809,242,1253,1809,246,1809,247,1255,        1811P   3595
1809,247,1809,248,1257,1809,248,1809,249,1259,1809,249,1809,246,    1811P   3596
1261,1809,94,1809,250,1263,1809,105,1809,250,1265,1809,251,1809,    1811P   3597
252,1267,1809,252,1809,253,1269,1809,253,1809,254,1271,1809,254,    1811P   3598
1809,251,1273,1809,255,1809,256,1275,1809,256,1809,257,1277,        1811P   3599
1809,257,1809,258,1279,1809,258,1809,255,1281,1809,259,1809,260,    1811P   3600
1283,1809,260,1809,261,1285,1809,261,1809,262,1287,1809,262,        1811P   3601
1809,259,1289,1809,263,1809,264,1291,1809,264,1809,265,1293,        1811P   3602
1809,265,1809,266,1295,1809,266,1809,263,1297,1809,250,1809,267,    1811P   3603
1299,1809,267,1809,106,1301,1809,25,1809,53,1303,1809,55,1809,      1811P   3604
268,1305,1809,107,1809,268,1307,1809,267,1809,23,1309,1809,269,     1811P   3605
1809,269,1311,1809,268,1809,187,1313,1809,270,1809,270,1315,        1811P   3606
1809,271,1809,271,1317,1809,272,1809,272,1319,1809,273,1809,273,    1811P   3607
1321,1809,274,1809,274,1323,1809,275,1809,275,1325,1809,276,        1811P   3608
1809,276,1327,1809,277,1809,277,1329,1809,112,1809,177,1331,        1811P   3609
1809,178,1809,111,1333,1809,278,1809,278,1335,1809,278,1809,269,    1811P   3610
1337,1809,179,1809,277,1339,1809,180,1809,276,1341,1809,181,        1811P   3611
1809,275,1343,1809,182,1809,274,1345,1809,183,1809,273,1347,        1811P   3612
1809,184,1809,272,1349,1809,185,1809,271,1351,1809,186,1809,270,    1811P   3613
1353,1809,102,1809,87,1355,1809,101,1809,88,1357,1809,100,1809,     1811P   3614
89,1359,1809,99,1809,90,1361,1809,98,1809,83,1363,1809,97,1809,     1811P   3615
84,1365,1809,104,1809,85,1367,1809,103,1809,86,1369,1809,192,       1811P   3616
1809,118,1371,1809,191,1809,119,1373,1809,190,1809,120,1375,        1811P   3617
1809,189,1809,115,1377,1809,188,1809,116,1379,1809,193,1809,117,    1811P   3618
1381,1809,249,1809,175,1383,1809,248,1809,176,1385,1809,247,        1811P   3619
1809,173,1387,1809,246,1809,174,1389,1809,245,1809,171,1391,        1811P   3620
1809,244,1809,172,1393,1809,243,1809,169,1395,1809,242,1809,170,    1811P   3621
1397,1809,124,1809,198,1399,1809,125,1809,197,1401,1809,126,        1811P   3622
1809,196,1403,1809,121,1809,195,1405,1809,122,1809,194,1407,        1811P   3623
1809,123,1809,199,1409,1809,130,1809,204,1411,1809,131,1809,203,    1811P   3624
1413,1809,132,1809,202,1415,1809,127,1809,201,1417,1809,128,        1811P   3625
1809,200,1419,1809,129,1809,205,1421,1809,136,1809,210,1423,        1811P   3626
1809,137,1809,209,1425,1809,138,1809,208,1427,1809,133,1809,207,    1811P   3627
1429,1809,134,1809,206,1431,1809,135,1809,211,1433,1809,142,        1811P   3628
1809,216,1435,1809,143,1809,215,1437,1809,144,1809,214,1439,        1811P   3629
1809,139,1809,213,1441,1809,140,1809,212,1443,1809,141,1809,217,    1811P   3630
1445,1809,148,1809,222,1447,1809,149,1809,221,1449,1809,150,        1811P   3631
1809,220,1451,1809,145,1809,219,1453,1809,146,1809,218,1455,        1811P   3632
1809,147,1809,223,1457,1809,154,1809,228,1459,1809,155,1809,227,    1811P   3633
1461,1809,156,1809,226,1463,1809,151,1809,225,1465,1809,152,        1811P   3634
1809,224,1467,1809,153,1809,229,1469,1809,160,1809,234,1471,        1811P   3635
1809,161,1809,233,1473,1809,162,1809,232,1475,1809,157,1809,231,    1811P   3636
1477,1809,158,1809,230,1479,1809,159,1809,235,1481,1809,166,        1811P   3637
1809,240,1483,1809,167,1809,239,1485,1809,168,1809,238,1487,        1811P   3638
1809,163,1809,237,1489,1809,164,1809,236,1491,1809,165,1809,241,    1811P   3639
1493,1809,65,1809,266,1495,1809,265,1809,66,1497,1809,63,1809,      1811P   3640
264,1499,1809,263,1809,64,1501,1809,69,1809,262,1503,1809,261,      1811P   3641
1809,70,1505,1809,67,1809,260,1507,1809,259,1809,68,1509,1809,      1811P   3642
73,1809,258,1511,1809,257,1809,74,1513,1809,71,1809,256,1515,       1811P   3643
1809,255,1809,72,1517,1809,77,1809,254,1519,1809,253,1809,78,       1811P   3644
1521,1809,75,1809,252,1523,1809,251,1809,76;                        1811P   3645
406,1,5HBody1;                                                      1813P   3646
314,62.7450980392157,62.7450980392157,62.7450980392157,13HSteel     1815P   3647
- Satin;                                                            1815P   3648
S      1G      3D   1816P   3648                                        T      1
