ISO-10303-21;
HEADER;
/* Generated by software containing ST-Developer
 * from STEP Tools, Inc. (www.steptools.com) 
 */

FILE_DESCRIPTION(
/* description */ (''),
/* implementation_level */ '2;1');

FILE_NAME(
/* name */ 'Box_cover_owen.step',
/* time_stamp */ '2026-07-07T12:41:28+03:00',
/* author */ (''),
/* organization */ (''),
/* preprocessor_version */ 'ST-DEVELOPER v20.1',
/* originating_system */ 'Autodesk Translation Framework v15.8.0.0',
/* authorisation */ '');

FILE_SCHEMA (('AUTOMOTIVE_DESIGN { 1 0 10303 214 3 1 1 }'));
ENDSEC;

DATA;
#10=MECHANICAL_DESIGN_GEOMETRIC_PRESENTATION_REPRESENTATION('',(#13),#3251);
#11=SHAPE_REPRESENTATION_RELATIONSHIP('SRR','None',#3258,#12);
#12=ADVANCED_BREP_SHAPE_REPRESENTATION('',(#14),#3250);
#13=STYLED_ITEM('',(#3267),#14);
#14=MANIFOLD_SOLID_BREP('Body1',#1975);
#15=CYLINDRICAL_SURFACE('',#2065,1.3);
#16=CYLINDRICAL_SURFACE('',#2068,1.29999999999999);
#17=CYLINDRICAL_SURFACE('',#2071,1.3);
#18=CYLINDRICAL_SURFACE('',#2074,1.30000000000001);
#19=CYLINDRICAL_SURFACE('',#2077,1.3);
#20=CYLINDRICAL_SURFACE('',#2080,1.29999999999999);
#21=CYLINDRICAL_SURFACE('',#2083,1.3);
#22=CYLINDRICAL_SURFACE('',#2086,1.30000000000001);
#23=CYLINDRICAL_SURFACE('',#2089,1.3);
#24=CYLINDRICAL_SURFACE('',#2092,1.29999999999999);
#25=CYLINDRICAL_SURFACE('',#2095,1.3);
#26=CYLINDRICAL_SURFACE('',#2098,1.30000000000001);
#27=CYLINDRICAL_SURFACE('',#2101,1.30000000000001);
#28=CYLINDRICAL_SURFACE('',#2103,1.29999999999998);
#29=CYLINDRICAL_SURFACE('',#2106,1.3);
#30=CYLINDRICAL_SURFACE('',#2109,1.30000000000001);
#31=CYLINDRICAL_SURFACE('',#2112,1.3);
#32=CYLINDRICAL_SURFACE('',#2115,1.29999999999999);
#33=CYLINDRICAL_SURFACE('',#2118,1.3);
#34=CYLINDRICAL_SURFACE('',#2121,1.30000000000001);
#35=CYLINDRICAL_SURFACE('',#2124,1.3);
#36=CYLINDRICAL_SURFACE('',#2127,1.29999999999999);
#37=CYLINDRICAL_SURFACE('',#2130,1.3);
#38=CYLINDRICAL_SURFACE('',#2133,1.30000000000001);
#39=CYLINDRICAL_SURFACE('',#2135,5.00000000000001);
#40=CYLINDRICAL_SURFACE('',#2138,5.);
#41=CYLINDRICAL_SURFACE('',#2141,5.00000000000004);
#42=CYLINDRICAL_SURFACE('',#2144,5.00000000000002);
#43=FACE_BOUND('',#268,.T.);
#44=FACE_BOUND('',#269,.T.);
#45=FACE_BOUND('',#270,.T.);
#46=FACE_BOUND('',#271,.T.);
#47=FACE_BOUND('',#272,.T.);
#48=FACE_BOUND('',#273,.T.);
#49=FACE_BOUND('',#274,.T.);
#50=FACE_BOUND('',#275,.T.);
#51=FACE_BOUND('',#276,.T.);
#52=FACE_BOUND('',#277,.T.);
#53=FACE_BOUND('',#278,.T.);
#54=FACE_BOUND('',#279,.T.);
#55=FACE_BOUND('',#280,.T.);
#56=FACE_BOUND('',#281,.T.);
#57=FACE_BOUND('',#282,.T.);
#58=FACE_BOUND('',#340,.T.);
#59=FACE_BOUND('',#341,.T.);
#60=FACE_BOUND('',#342,.T.);
#61=FACE_BOUND('',#343,.T.);
#62=FACE_BOUND('',#344,.T.);
#63=FACE_BOUND('',#345,.T.);
#64=FACE_BOUND('',#346,.T.);
#65=CIRCLE('',#2034,5.00000000000001);
#66=CIRCLE('',#2035,5.);
#67=CIRCLE('',#2036,5.00000000000004);
#68=CIRCLE('',#2037,5.00000000000002);
#69=CIRCLE('',#2038,1.29999999999998);
#70=CIRCLE('',#2039,1.3);
#71=CIRCLE('',#2040,1.30000000000001);
#72=CIRCLE('',#2041,1.30000000000001);
#73=CIRCLE('',#2042,1.30000000000001);
#74=CIRCLE('',#2043,1.3);
#75=CIRCLE('',#2044,1.29999999999999);
#76=CIRCLE('',#2045,1.3);
#77=CIRCLE('',#2046,1.3);
#78=CIRCLE('',#2047,1.30000000000001);
#79=CIRCLE('',#2048,1.3);
#80=CIRCLE('',#2049,1.29999999999999);
#81=CIRCLE('',#2050,1.3);
#82=CIRCLE('',#2051,1.30000000000001);
#83=CIRCLE('',#2052,1.3);
#84=CIRCLE('',#2053,1.29999999999999);
#85=CIRCLE('',#2054,1.3);
#86=CIRCLE('',#2055,1.30000000000001);
#87=CIRCLE('',#2056,1.3);
#88=CIRCLE('',#2057,1.29999999999999);
#89=CIRCLE('',#2058,1.3);
#90=CIRCLE('',#2059,1.30000000000001);
#91=CIRCLE('',#2060,1.3);
#92=CIRCLE('',#2061,1.29999999999999);
#93=CIRCLE('',#2066,1.3);
#94=CIRCLE('',#2069,1.29999999999999);
#95=CIRCLE('',#2072,1.3);
#96=CIRCLE('',#2075,1.30000000000001);
#97=CIRCLE('',#2078,1.3);
#98=CIRCLE('',#2081,1.29999999999999);
#99=CIRCLE('',#2084,1.3);
#100=CIRCLE('',#2087,1.30000000000001);
#101=CIRCLE('',#2090,1.3);
#102=CIRCLE('',#2093,1.29999999999999);
#103=CIRCLE('',#2096,1.3);
#104=CIRCLE('',#2099,1.30000000000001);
#105=CIRCLE('',#2102,1.30000000000001);
#106=CIRCLE('',#2104,1.29999999999998);
#107=CIRCLE('',#2107,1.3);
#108=CIRCLE('',#2110,1.30000000000001);
#109=CIRCLE('',#2113,1.3);
#110=CIRCLE('',#2116,1.29999999999999);
#111=CIRCLE('',#2119,1.3);
#112=CIRCLE('',#2122,1.30000000000001);
#113=CIRCLE('',#2125,1.3);
#114=CIRCLE('',#2128,1.29999999999999);
#115=CIRCLE('',#2131,1.3);
#116=CIRCLE('',#2134,1.30000000000001);
#117=CIRCLE('',#2136,5.00000000000001);
#118=CIRCLE('',#2139,5.);
#119=CIRCLE('',#2142,5.00000000000004);
#120=CIRCLE('',#2145,5.00000000000002);
#121=FACE_OUTER_BOUND('',#223,.T.);
#122=FACE_OUTER_BOUND('',#224,.T.);
#123=FACE_OUTER_BOUND('',#225,.T.);
#124=FACE_OUTER_BOUND('',#226,.T.);
#125=FACE_OUTER_BOUND('',#227,.T.);
#126=FACE_OUTER_BOUND('',#228,.T.);
#127=FACE_OUTER_BOUND('',#229,.T.);
#128=FACE_OUTER_BOUND('',#230,.T.);
#129=FACE_OUTER_BOUND('',#231,.T.);
#130=FACE_OUTER_BOUND('',#232,.T.);
#131=FACE_OUTER_BOUND('',#233,.T.);
#132=FACE_OUTER_BOUND('',#234,.T.);
#133=FACE_OUTER_BOUND('',#235,.T.);
#134=FACE_OUTER_BOUND('',#236,.T.);
#135=FACE_OUTER_BOUND('',#237,.T.);
#136=FACE_OUTER_BOUND('',#238,.T.);
#137=FACE_OUTER_BOUND('',#239,.T.);
#138=FACE_OUTER_BOUND('',#240,.T.);
#139=FACE_OUTER_BOUND('',#241,.T.);
#140=FACE_OUTER_BOUND('',#242,.T.);
#141=FACE_OUTER_BOUND('',#243,.T.);
#142=FACE_OUTER_BOUND('',#244,.T.);
#143=FACE_OUTER_BOUND('',#245,.T.);
#144=FACE_OUTER_BOUND('',#246,.T.);
#145=FACE_OUTER_BOUND('',#247,.T.);
#146=FACE_OUTER_BOUND('',#248,.T.);
#147=FACE_OUTER_BOUND('',#249,.T.);
#148=FACE_OUTER_BOUND('',#250,.T.);
#149=FACE_OUTER_BOUND('',#251,.T.);
#150=FACE_OUTER_BOUND('',#252,.T.);
#151=FACE_OUTER_BOUND('',#253,.T.);
#152=FACE_OUTER_BOUND('',#254,.T.);
#153=FACE_OUTER_BOUND('',#255,.T.);
#154=FACE_OUTER_BOUND('',#256,.T.);
#155=FACE_OUTER_BOUND('',#257,.T.);
#156=FACE_OUTER_BOUND('',#258,.T.);
#157=FACE_OUTER_BOUND('',#259,.T.);
#158=FACE_OUTER_BOUND('',#260,.T.);
#159=FACE_OUTER_BOUND('',#261,.T.);
#160=FACE_OUTER_BOUND('',#262,.T.);
#161=FACE_OUTER_BOUND('',#263,.T.);
#162=FACE_OUTER_BOUND('',#264,.T.);
#163=FACE_OUTER_BOUND('',#265,.T.);
#164=FACE_OUTER_BOUND('',#266,.T.);
#165=FACE_OUTER_BOUND('',#267,.T.);
#166=FACE_OUTER_BOUND('',#283,.T.);
#167=FACE_OUTER_BOUND('',#284,.T.);
#168=FACE_OUTER_BOUND('',#285,.T.);
#169=FACE_OUTER_BOUND('',#286,.T.);
#170=FACE_OUTER_BOUND('',#287,.T.);
#171=FACE_OUTER_BOUND('',#288,.T.);
#172=FACE_OUTER_BOUND('',#289,.T.);
#173=FACE_OUTER_BOUND('',#290,.T.);
#174=FACE_OUTER_BOUND('',#291,.T.);
#175=FACE_OUTER_BOUND('',#292,.T.);
#176=FACE_OUTER_BOUND('',#293,.T.);
#177=FACE_OUTER_BOUND('',#294,.T.);
#178=FACE_OUTER_BOUND('',#295,.T.);
#179=FACE_OUTER_BOUND('',#296,.T.);
#180=FACE_OUTER_BOUND('',#297,.T.);
#181=FACE_OUTER_BOUND('',#298,.T.);
#182=FACE_OUTER_BOUND('',#299,.T.);
#183=FACE_OUTER_BOUND('',#300,.T.);
#184=FACE_OUTER_BOUND('',#301,.T.);
#185=FACE_OUTER_BOUND('',#302,.T.);
#186=FACE_OUTER_BOUND('',#303,.T.);
#187=FACE_OUTER_BOUND('',#304,.T.);
#188=FACE_OUTER_BOUND('',#305,.T.);
#189=FACE_OUTER_BOUND('',#306,.T.);
#190=FACE_OUTER_BOUND('',#307,.T.);
#191=FACE_OUTER_BOUND('',#308,.T.);
#192=FACE_OUTER_BOUND('',#309,.T.);
#193=FACE_OUTER_BOUND('',#310,.T.);
#194=FACE_OUTER_BOUND('',#311,.T.);
#195=FACE_OUTER_BOUND('',#312,.T.);
#196=FACE_OUTER_BOUND('',#313,.T.);
#197=FACE_OUTER_BOUND('',#314,.T.);
#198=FACE_OUTER_BOUND('',#315,.T.);
#199=FACE_OUTER_BOUND('',#316,.T.);
#200=FACE_OUTER_BOUND('',#317,.T.);
#201=FACE_OUTER_BOUND('',#318,.T.);
#202=FACE_OUTER_BOUND('',#319,.T.);
#203=FACE_OUTER_BOUND('',#320,.T.);
#204=FACE_OUTER_BOUND('',#321,.T.);
#205=FACE_OUTER_BOUND('',#322,.T.);
#206=FACE_OUTER_BOUND('',#323,.T.);
#207=FACE_OUTER_BOUND('',#324,.T.);
#208=FACE_OUTER_BOUND('',#325,.T.);
#209=FACE_OUTER_BOUND('',#326,.T.);
#210=FACE_OUTER_BOUND('',#327,.T.);
#211=FACE_OUTER_BOUND('',#328,.T.);
#212=FACE_OUTER_BOUND('',#329,.T.);
#213=FACE_OUTER_BOUND('',#330,.T.);
#214=FACE_OUTER_BOUND('',#331,.T.);
#215=FACE_OUTER_BOUND('',#332,.T.);
#216=FACE_OUTER_BOUND('',#333,.T.);
#217=FACE_OUTER_BOUND('',#334,.T.);
#218=FACE_OUTER_BOUND('',#335,.T.);
#219=FACE_OUTER_BOUND('',#336,.T.);
#220=FACE_OUTER_BOUND('',#337,.T.);
#221=FACE_OUTER_BOUND('',#338,.T.);
#222=FACE_OUTER_BOUND('',#339,.T.);
#223=EDGE_LOOP('',(#1247,#1248,#1249,#1250));
#224=EDGE_LOOP('',(#1251,#1252,#1253,#1254));
#225=EDGE_LOOP('',(#1255,#1256,#1257,#1258));
#226=EDGE_LOOP('',(#1259,#1260,#1261,#1262));
#227=EDGE_LOOP('',(#1263,#1264,#1265,#1266));
#228=EDGE_LOOP('',(#1267,#1268,#1269,#1270));
#229=EDGE_LOOP('',(#1271,#1272,#1273,#1274));
#230=EDGE_LOOP('',(#1275,#1276,#1277,#1278));
#231=EDGE_LOOP('',(#1279,#1280,#1281,#1282));
#232=EDGE_LOOP('',(#1283,#1284,#1285,#1286));
#233=EDGE_LOOP('',(#1287,#1288,#1289,#1290));
#234=EDGE_LOOP('',(#1291,#1292,#1293,#1294));
#235=EDGE_LOOP('',(#1295,#1296,#1297,#1298));
#236=EDGE_LOOP('',(#1299,#1300,#1301,#1302));
#237=EDGE_LOOP('',(#1303,#1304,#1305,#1306));
#238=EDGE_LOOP('',(#1307,#1308,#1309,#1310));
#239=EDGE_LOOP('',(#1311,#1312,#1313,#1314));
#240=EDGE_LOOP('',(#1315,#1316,#1317,#1318));
#241=EDGE_LOOP('',(#1319,#1320,#1321,#1322));
#242=EDGE_LOOP('',(#1323,#1324,#1325,#1326));
#243=EDGE_LOOP('',(#1327,#1328,#1329,#1330));
#244=EDGE_LOOP('',(#1331,#1332,#1333,#1334));
#245=EDGE_LOOP('',(#1335,#1336,#1337,#1338));
#246=EDGE_LOOP('',(#1339,#1340,#1341,#1342));
#247=EDGE_LOOP('',(#1343,#1344,#1345,#1346));
#248=EDGE_LOOP('',(#1347,#1348,#1349,#1350));
#249=EDGE_LOOP('',(#1351,#1352,#1353,#1354));
#250=EDGE_LOOP('',(#1355,#1356,#1357,#1358));
#251=EDGE_LOOP('',(#1359,#1360,#1361,#1362));
#252=EDGE_LOOP('',(#1363,#1364,#1365,#1366));
#253=EDGE_LOOP('',(#1367,#1368,#1369,#1370));
#254=EDGE_LOOP('',(#1371,#1372,#1373,#1374));
#255=EDGE_LOOP('',(#1375,#1376,#1377,#1378));
#256=EDGE_LOOP('',(#1379,#1380,#1381,#1382));
#257=EDGE_LOOP('',(#1383,#1384,#1385,#1386));
#258=EDGE_LOOP('',(#1387,#1388,#1389,#1390));
#259=EDGE_LOOP('',(#1391,#1392,#1393,#1394));
#260=EDGE_LOOP('',(#1395,#1396,#1397,#1398));
#261=EDGE_LOOP('',(#1399,#1400,#1401,#1402));
#262=EDGE_LOOP('',(#1403,#1404,#1405,#1406));
#263=EDGE_LOOP('',(#1407,#1408,#1409,#1410));
#264=EDGE_LOOP('',(#1411,#1412,#1413,#1414));
#265=EDGE_LOOP('',(#1415,#1416,#1417,#1418));
#266=EDGE_LOOP('',(#1419,#1420,#1421,#1422));
#267=EDGE_LOOP('',(#1423,#1424,#1425,#1426,#1427,#1428,#1429,#1430));
#268=EDGE_LOOP('',(#1431,#1432,#1433,#1434));
#269=EDGE_LOOP('',(#1435,#1436,#1437,#1438));
#270=EDGE_LOOP('',(#1439,#1440,#1441,#1442));
#271=EDGE_LOOP('',(#1443,#1444,#1445,#1446));
#272=EDGE_LOOP('',(#1447,#1448,#1449,#1450,#1451,#1452,#1453,#1454));
#273=EDGE_LOOP('',(#1455,#1456,#1457,#1458));
#274=EDGE_LOOP('',(#1459,#1460,#1461,#1462,#1463,#1464,#1465,#1466));
#275=EDGE_LOOP('',(#1467,#1468,#1469,#1470,#1471,#1472,#1473,#1474));
#276=EDGE_LOOP('',(#1475,#1476,#1477,#1478,#1479,#1480,#1481,#1482));
#277=EDGE_LOOP('',(#1483,#1484,#1485,#1486,#1487,#1488,#1489,#1490));
#278=EDGE_LOOP('',(#1491,#1492,#1493,#1494,#1495,#1496,#1497,#1498));
#279=EDGE_LOOP('',(#1499,#1500,#1501,#1502));
#280=EDGE_LOOP('',(#1503,#1504,#1505,#1506));
#281=EDGE_LOOP('',(#1507,#1508,#1509,#1510));
#282=EDGE_LOOP('',(#1511,#1512,#1513,#1514));
#283=EDGE_LOOP('',(#1515,#1516,#1517,#1518));
#284=EDGE_LOOP('',(#1519,#1520,#1521,#1522));
#285=EDGE_LOOP('',(#1523,#1524,#1525,#1526));
#286=EDGE_LOOP('',(#1527,#1528,#1529,#1530));
#287=EDGE_LOOP('',(#1531,#1532,#1533,#1534));
#288=EDGE_LOOP('',(#1535,#1536,#1537,#1538));
#289=EDGE_LOOP('',(#1539,#1540,#1541,#1542));
#290=EDGE_LOOP('',(#1543,#1544,#1545,#1546));
#291=EDGE_LOOP('',(#1547,#1548,#1549,#1550));
#292=EDGE_LOOP('',(#1551,#1552,#1553,#1554));
#293=EDGE_LOOP('',(#1555,#1556,#1557,#1558));
#294=EDGE_LOOP('',(#1559,#1560,#1561,#1562));
#295=EDGE_LOOP('',(#1563,#1564,#1565,#1566));
#296=EDGE_LOOP('',(#1567,#1568,#1569,#1570));
#297=EDGE_LOOP('',(#1571,#1572,#1573,#1574));
#298=EDGE_LOOP('',(#1575,#1576,#1577,#1578));
#299=EDGE_LOOP('',(#1579,#1580,#1581,#1582));
#300=EDGE_LOOP('',(#1583,#1584,#1585,#1586));
#301=EDGE_LOOP('',(#1587,#1588,#1589,#1590));
#302=EDGE_LOOP('',(#1591,#1592,#1593,#1594));
#303=EDGE_LOOP('',(#1595,#1596,#1597,#1598));
#304=EDGE_LOOP('',(#1599,#1600,#1601,#1602));
#305=EDGE_LOOP('',(#1603,#1604,#1605,#1606));
#306=EDGE_LOOP('',(#1607,#1608,#1609,#1610));
#307=EDGE_LOOP('',(#1611,#1612,#1613,#1614));
#308=EDGE_LOOP('',(#1615,#1616,#1617,#1618));
#309=EDGE_LOOP('',(#1619,#1620,#1621,#1622));
#310=EDGE_LOOP('',(#1623,#1624,#1625,#1626));
#311=EDGE_LOOP('',(#1627,#1628,#1629,#1630));
#312=EDGE_LOOP('',(#1631,#1632,#1633,#1634));
#313=EDGE_LOOP('',(#1635,#1636,#1637,#1638));
#314=EDGE_LOOP('',(#1639,#1640,#1641,#1642));
#315=EDGE_LOOP('',(#1643,#1644,#1645,#1646));
#316=EDGE_LOOP('',(#1647,#1648,#1649,#1650));
#317=EDGE_LOOP('',(#1651,#1652,#1653,#1654));
#318=EDGE_LOOP('',(#1655,#1656,#1657,#1658));
#319=EDGE_LOOP('',(#1659,#1660,#1661,#1662));
#320=EDGE_LOOP('',(#1663,#1664,#1665,#1666));
#321=EDGE_LOOP('',(#1667,#1668,#1669,#1670));
#322=EDGE_LOOP('',(#1671,#1672,#1673,#1674));
#323=EDGE_LOOP('',(#1675,#1676,#1677,#1678));
#324=EDGE_LOOP('',(#1679,#1680,#1681,#1682));
#325=EDGE_LOOP('',(#1683,#1684,#1685,#1686));
#326=EDGE_LOOP('',(#1687,#1688,#1689,#1690));
#327=EDGE_LOOP('',(#1691,#1692,#1693,#1694));
#328=EDGE_LOOP('',(#1695,#1696,#1697,#1698));
#329=EDGE_LOOP('',(#1699,#1700,#1701,#1702));
#330=EDGE_LOOP('',(#1703,#1704,#1705,#1706));
#331=EDGE_LOOP('',(#1707,#1708,#1709,#1710));
#332=EDGE_LOOP('',(#1711,#1712,#1713,#1714));
#333=EDGE_LOOP('',(#1715,#1716,#1717,#1718));
#334=EDGE_LOOP('',(#1719,#1720,#1721,#1722));
#335=EDGE_LOOP('',(#1723,#1724,#1725,#1726));
#336=EDGE_LOOP('',(#1727,#1728,#1729,#1730));
#337=EDGE_LOOP('',(#1731,#1732,#1733,#1734));
#338=EDGE_LOOP('',(#1735,#1736,#1737,#1738));
#339=EDGE_LOOP('',(#1739,#1740,#1741,#1742,#1743,#1744,#1745,#1746));
#340=EDGE_LOOP('',(#1747,#1748,#1749,#1750));
#341=EDGE_LOOP('',(#1751,#1752,#1753,#1754,#1755,#1756,#1757,#1758));
#342=EDGE_LOOP('',(#1759,#1760,#1761,#1762,#1763,#1764,#1765,#1766));
#343=EDGE_LOOP('',(#1767,#1768,#1769,#1770,#1771,#1772,#1773,#1774));
#344=EDGE_LOOP('',(#1775,#1776,#1777,#1778,#1779,#1780,#1781,#1782));
#345=EDGE_LOOP('',(#1783,#1784,#1785,#1786,#1787,#1788,#1789,#1790));
#346=EDGE_LOOP('',(#1791,#1792,#1793,#1794,#1795,#1796,#1797,#1798));
#347=LINE('',#2689,#567);
#348=LINE('',#2691,#568);
#349=LINE('',#2693,#569);
#350=LINE('',#2694,#570);
#351=LINE('',#2697,#571);
#352=LINE('',#2699,#572);
#353=LINE('',#2700,#573);
#354=LINE('',#2703,#574);
#355=LINE('',#2705,#575);
#356=LINE('',#2706,#576);
#357=LINE('',#2708,#577);
#358=LINE('',#2709,#578);
#359=LINE('',#2714,#579);
#360=LINE('',#2716,#580);
#361=LINE('',#2718,#581);
#362=LINE('',#2719,#582);
#363=LINE('',#2722,#583);
#364=LINE('',#2724,#584);
#365=LINE('',#2725,#585);
#366=LINE('',#2728,#586);
#367=LINE('',#2730,#587);
#368=LINE('',#2731,#588);
#369=LINE('',#2733,#589);
#370=LINE('',#2734,#590);
#371=LINE('',#2739,#591);
#372=LINE('',#2741,#592);
#373=LINE('',#2743,#593);
#374=LINE('',#2744,#594);
#375=LINE('',#2747,#595);
#376=LINE('',#2749,#596);
#377=LINE('',#2750,#597);
#378=LINE('',#2753,#598);
#379=LINE('',#2755,#599);
#380=LINE('',#2756,#600);
#381=LINE('',#2758,#601);
#382=LINE('',#2759,#602);
#383=LINE('',#2764,#603);
#384=LINE('',#2766,#604);
#385=LINE('',#2768,#605);
#386=LINE('',#2769,#606);
#387=LINE('',#2772,#607);
#388=LINE('',#2774,#608);
#389=LINE('',#2775,#609);
#390=LINE('',#2778,#610);
#391=LINE('',#2780,#611);
#392=LINE('',#2781,#612);
#393=LINE('',#2783,#613);
#394=LINE('',#2784,#614);
#395=LINE('',#2789,#615);
#396=LINE('',#2791,#616);
#397=LINE('',#2793,#617);
#398=LINE('',#2794,#618);
#399=LINE('',#2797,#619);
#400=LINE('',#2799,#620);
#401=LINE('',#2800,#621);
#402=LINE('',#2803,#622);
#403=LINE('',#2805,#623);
#404=LINE('',#2806,#624);
#405=LINE('',#2808,#625);
#406=LINE('',#2809,#626);
#407=LINE('',#2814,#627);
#408=LINE('',#2816,#628);
#409=LINE('',#2818,#629);
#410=LINE('',#2819,#630);
#411=LINE('',#2822,#631);
#412=LINE('',#2824,#632);
#413=LINE('',#2825,#633);
#414=LINE('',#2828,#634);
#415=LINE('',#2830,#635);
#416=LINE('',#2831,#636);
#417=LINE('',#2833,#637);
#418=LINE('',#2834,#638);
#419=LINE('',#2839,#639);
#420=LINE('',#2841,#640);
#421=LINE('',#2843,#641);
#422=LINE('',#2844,#642);
#423=LINE('',#2847,#643);
#424=LINE('',#2849,#644);
#425=LINE('',#2850,#645);
#426=LINE('',#2853,#646);
#427=LINE('',#2855,#647);
#428=LINE('',#2856,#648);
#429=LINE('',#2858,#649);
#430=LINE('',#2859,#650);
#431=LINE('',#2864,#651);
#432=LINE('',#2866,#652);
#433=LINE('',#2868,#653);
#434=LINE('',#2869,#654);
#435=LINE('',#2872,#655);
#436=LINE('',#2874,#656);
#437=LINE('',#2875,#657);
#438=LINE('',#2878,#658);
#439=LINE('',#2880,#659);
#440=LINE('',#2881,#660);
#441=LINE('',#2883,#661);
#442=LINE('',#2884,#662);
#443=LINE('',#2889,#663);
#444=LINE('',#2891,#664);
#445=LINE('',#2893,#665);
#446=LINE('',#2894,#666);
#447=LINE('',#2897,#667);
#448=LINE('',#2899,#668);
#449=LINE('',#2900,#669);
#450=LINE('',#2903,#670);
#451=LINE('',#2905,#671);
#452=LINE('',#2906,#672);
#453=LINE('',#2908,#673);
#454=LINE('',#2909,#674);
#455=LINE('',#2913,#675);
#456=LINE('',#2917,#676);
#457=LINE('',#2921,#677);
#458=LINE('',#2925,#678);
#459=LINE('',#2929,#679);
#460=LINE('',#2933,#680);
#461=LINE('',#2937,#681);
#462=LINE('',#2941,#682);
#463=LINE('',#2945,#683);
#464=LINE('',#2949,#684);
#465=LINE('',#2953,#685);
#466=LINE('',#2957,#686);
#467=LINE('',#2961,#687);
#468=LINE('',#2965,#688);
#469=LINE('',#2969,#689);
#470=LINE('',#2973,#690);
#471=LINE('',#2977,#691);
#472=LINE('',#2981,#692);
#473=LINE('',#2985,#693);
#474=LINE('',#2989,#694);
#475=LINE('',#2993,#695);
#476=LINE('',#2997,#696);
#477=LINE('',#3001,#697);
#478=LINE('',#3005,#698);
#479=LINE('',#3009,#699);
#480=LINE('',#3013,#700);
#481=LINE('',#3017,#701);
#482=LINE('',#3021,#702);
#483=LINE('',#3026,#703);
#484=LINE('',#3027,#704);
#485=LINE('',#3028,#705);
#486=LINE('',#3031,#706);
#487=LINE('',#3033,#707);
#488=LINE('',#3034,#708);
#489=LINE('',#3037,#709);
#490=LINE('',#3039,#710);
#491=LINE('',#3040,#711);
#492=LINE('',#3044,#712);
#493=LINE('',#3047,#713);
#494=LINE('',#3048,#714);
#495=LINE('',#3052,#715);
#496=LINE('',#3055,#716);
#497=LINE('',#3056,#717);
#498=LINE('',#3060,#718);
#499=LINE('',#3063,#719);
#500=LINE('',#3064,#720);
#501=LINE('',#3069,#721);
#502=LINE('',#3071,#722);
#503=LINE('',#3072,#723);
#504=LINE('',#3076,#724);
#505=LINE('',#3079,#725);
#506=LINE('',#3080,#726);
#507=LINE('',#3084,#727);
#508=LINE('',#3087,#728);
#509=LINE('',#3088,#729);
#510=LINE('',#3092,#730);
#511=LINE('',#3095,#731);
#512=LINE('',#3096,#732);
#513=LINE('',#3101,#733);
#514=LINE('',#3103,#734);
#515=LINE('',#3104,#735);
#516=LINE('',#3108,#736);
#517=LINE('',#3111,#737);
#518=LINE('',#3112,#738);
#519=LINE('',#3116,#739);
#520=LINE('',#3119,#740);
#521=LINE('',#3120,#741);
#522=LINE('',#3124,#742);
#523=LINE('',#3127,#743);
#524=LINE('',#3128,#744);
#525=LINE('',#3133,#745);
#526=LINE('',#3135,#746);
#527=LINE('',#3136,#747);
#528=LINE('',#3142,#748);
#529=LINE('',#3145,#749);
#530=LINE('',#3146,#750);
#531=LINE('',#3150,#751);
#532=LINE('',#3153,#752);
#533=LINE('',#3154,#753);
#534=LINE('',#3159,#754);
#535=LINE('',#3161,#755);
#536=LINE('',#3162,#756);
#537=LINE('',#3166,#757);
#538=LINE('',#3169,#758);
#539=LINE('',#3170,#759);
#540=LINE('',#3174,#760);
#541=LINE('',#3177,#761);
#542=LINE('',#3178,#762);
#543=LINE('',#3182,#763);
#544=LINE('',#3185,#764);
#545=LINE('',#3186,#765);
#546=LINE('',#3191,#766);
#547=LINE('',#3193,#767);
#548=LINE('',#3194,#768);
#549=LINE('',#3198,#769);
#550=LINE('',#3201,#770);
#551=LINE('',#3202,#771);
#552=LINE('',#3206,#772);
#553=LINE('',#3209,#773);
#554=LINE('',#3210,#774);
#555=LINE('',#3214,#775);
#556=LINE('',#3217,#776);
#557=LINE('',#3218,#777);
#558=LINE('',#3224,#778);
#559=LINE('',#3227,#779);
#560=LINE('',#3228,#780);
#561=LINE('',#3232,#781);
#562=LINE('',#3235,#782);
#563=LINE('',#3236,#783);
#564=LINE('',#3240,#784);
#565=LINE('',#3243,#785);
#566=LINE('',#3244,#786);
#567=VECTOR('',#2151,10.);
#568=VECTOR('',#2152,10.);
#569=VECTOR('',#2153,10.);
#570=VECTOR('',#2154,10.);
#571=VECTOR('',#2157,10.);
#572=VECTOR('',#2158,10.);
#573=VECTOR('',#2159,10.);
#574=VECTOR('',#2162,10.);
#575=VECTOR('',#2163,10.);
#576=VECTOR('',#2164,10.);
#577=VECTOR('',#2167,10.);
#578=VECTOR('',#2168,10.);
#579=VECTOR('',#2173,10.);
#580=VECTOR('',#2174,10.);
#581=VECTOR('',#2175,10.);
#582=VECTOR('',#2176,10.);
#583=VECTOR('',#2179,10.);
#584=VECTOR('',#2180,10.);
#585=VECTOR('',#2181,10.);
#586=VECTOR('',#2184,10.);
#587=VECTOR('',#2185,10.);
#588=VECTOR('',#2186,10.);
#589=VECTOR('',#2189,10.);
#590=VECTOR('',#2190,10.);
#591=VECTOR('',#2195,10.);
#592=VECTOR('',#2196,10.);
#593=VECTOR('',#2197,10.);
#594=VECTOR('',#2198,10.);
#595=VECTOR('',#2201,10.);
#596=VECTOR('',#2202,10.);
#597=VECTOR('',#2203,10.);
#598=VECTOR('',#2206,10.);
#599=VECTOR('',#2207,10.);
#600=VECTOR('',#2208,10.);
#601=VECTOR('',#2211,10.);
#602=VECTOR('',#2212,10.);
#603=VECTOR('',#2217,10.);
#604=VECTOR('',#2218,10.);
#605=VECTOR('',#2219,10.);
#606=VECTOR('',#2220,10.);
#607=VECTOR('',#2223,10.);
#608=VECTOR('',#2224,10.);
#609=VECTOR('',#2225,10.);
#610=VECTOR('',#2228,10.);
#611=VECTOR('',#2229,10.);
#612=VECTOR('',#2230,10.);
#613=VECTOR('',#2233,10.);
#614=VECTOR('',#2234,10.);
#615=VECTOR('',#2239,10.);
#616=VECTOR('',#2240,10.);
#617=VECTOR('',#2241,10.);
#618=VECTOR('',#2242,10.);
#619=VECTOR('',#2245,10.);
#620=VECTOR('',#2246,10.);
#621=VECTOR('',#2247,10.);
#622=VECTOR('',#2250,10.);
#623=VECTOR('',#2251,10.);
#624=VECTOR('',#2252,10.);
#625=VECTOR('',#2255,10.);
#626=VECTOR('',#2256,10.);
#627=VECTOR('',#2261,10.);
#628=VECTOR('',#2262,10.);
#629=VECTOR('',#2263,10.);
#630=VECTOR('',#2264,10.);
#631=VECTOR('',#2267,10.);
#632=VECTOR('',#2268,10.);
#633=VECTOR('',#2269,10.);
#634=VECTOR('',#2272,10.);
#635=VECTOR('',#2273,10.);
#636=VECTOR('',#2274,10.);
#637=VECTOR('',#2277,10.);
#638=VECTOR('',#2278,10.);
#639=VECTOR('',#2283,10.);
#640=VECTOR('',#2284,10.);
#641=VECTOR('',#2285,10.);
#642=VECTOR('',#2286,10.);
#643=VECTOR('',#2289,10.);
#644=VECTOR('',#2290,10.);
#645=VECTOR('',#2291,10.);
#646=VECTOR('',#2294,10.);
#647=VECTOR('',#2295,10.);
#648=VECTOR('',#2296,10.);
#649=VECTOR('',#2299,10.);
#650=VECTOR('',#2300,10.);
#651=VECTOR('',#2305,10.);
#652=VECTOR('',#2306,10.);
#653=VECTOR('',#2307,10.);
#654=VECTOR('',#2308,10.);
#655=VECTOR('',#2311,10.);
#656=VECTOR('',#2312,10.);
#657=VECTOR('',#2313,10.);
#658=VECTOR('',#2316,10.);
#659=VECTOR('',#2317,10.);
#660=VECTOR('',#2318,10.);
#661=VECTOR('',#2321,10.);
#662=VECTOR('',#2322,10.);
#663=VECTOR('',#2327,10.);
#664=VECTOR('',#2328,10.);
#665=VECTOR('',#2329,10.);
#666=VECTOR('',#2330,10.);
#667=VECTOR('',#2333,10.);
#668=VECTOR('',#2334,10.);
#669=VECTOR('',#2335,10.);
#670=VECTOR('',#2338,10.);
#671=VECTOR('',#2339,10.);
#672=VECTOR('',#2340,10.);
#673=VECTOR('',#2343,10.);
#674=VECTOR('',#2344,10.);
#675=VECTOR('',#2347,10.);
#676=VECTOR('',#2350,10.);
#677=VECTOR('',#2353,10.);
#678=VECTOR('',#2356,10.);
#679=VECTOR('',#2359,10.);
#680=VECTOR('',#2362,10.);
#681=VECTOR('',#2365,10.);
#682=VECTOR('',#2368,10.);
#683=VECTOR('',#2371,10.);
#684=VECTOR('',#2374,10.);
#685=VECTOR('',#2377,10.);
#686=VECTOR('',#2380,10.);
#687=VECTOR('',#2383,10.);
#688=VECTOR('',#2386,10.);
#689=VECTOR('',#2389,10.);
#690=VECTOR('',#2392,10.);
#691=VECTOR('',#2395,10.);
#692=VECTOR('',#2398,10.);
#693=VECTOR('',#2401,10.);
#694=VECTOR('',#2404,10.);
#695=VECTOR('',#2407,10.);
#696=VECTOR('',#2410,10.);
#697=VECTOR('',#2413,10.);
#698=VECTOR('',#2416,10.);
#699=VECTOR('',#2419,10.);
#700=VECTOR('',#2422,10.);
#701=VECTOR('',#2425,10.);
#702=VECTOR('',#2428,10.);
#703=VECTOR('',#2433,10.);
#704=VECTOR('',#2434,10.);
#705=VECTOR('',#2435,10.);
#706=VECTOR('',#2438,10.);
#707=VECTOR('',#2439,10.);
#708=VECTOR('',#2440,10.);
#709=VECTOR('',#2443,10.);
#710=VECTOR('',#2444,10.);
#711=VECTOR('',#2445,10.);
#712=VECTOR('',#2450,10.);
#713=VECTOR('',#2453,10.);
#714=VECTOR('',#2454,10.);
#715=VECTOR('',#2459,10.);
#716=VECTOR('',#2462,10.);
#717=VECTOR('',#2463,10.);
#718=VECTOR('',#2468,10.);
#719=VECTOR('',#2471,10.);
#720=VECTOR('',#2472,10.);
#721=VECTOR('',#2479,10.);
#722=VECTOR('',#2480,10.);
#723=VECTOR('',#2481,10.);
#724=VECTOR('',#2486,10.);
#725=VECTOR('',#2489,10.);
#726=VECTOR('',#2490,10.);
#727=VECTOR('',#2495,10.);
#728=VECTOR('',#2498,10.);
#729=VECTOR('',#2499,10.);
#730=VECTOR('',#2504,10.);
#731=VECTOR('',#2507,10.);
#732=VECTOR('',#2508,10.);
#733=VECTOR('',#2515,10.);
#734=VECTOR('',#2516,10.);
#735=VECTOR('',#2517,10.);
#736=VECTOR('',#2522,10.);
#737=VECTOR('',#2525,10.);
#738=VECTOR('',#2526,10.);
#739=VECTOR('',#2531,10.);
#740=VECTOR('',#2534,10.);
#741=VECTOR('',#2535,10.);
#742=VECTOR('',#2540,10.);
#743=VECTOR('',#2543,10.);
#744=VECTOR('',#2544,10.);
#745=VECTOR('',#2551,10.);
#746=VECTOR('',#2552,10.);
#747=VECTOR('',#2553,10.);
#748=VECTOR('',#2562,10.);
#749=VECTOR('',#2565,10.);
#750=VECTOR('',#2566,10.);
#751=VECTOR('',#2571,10.);
#752=VECTOR('',#2574,10.);
#753=VECTOR('',#2575,10.);
#754=VECTOR('',#2582,10.);
#755=VECTOR('',#2583,10.);
#756=VECTOR('',#2584,10.);
#757=VECTOR('',#2589,10.);
#758=VECTOR('',#2592,10.);
#759=VECTOR('',#2593,10.);
#760=VECTOR('',#2598,10.);
#761=VECTOR('',#2601,10.);
#762=VECTOR('',#2602,10.);
#763=VECTOR('',#2607,10.);
#764=VECTOR('',#2610,10.);
#765=VECTOR('',#2611,10.);
#766=VECTOR('',#2618,10.);
#767=VECTOR('',#2619,10.);
#768=VECTOR('',#2620,10.);
#769=VECTOR('',#2625,10.);
#770=VECTOR('',#2628,10.);
#771=VECTOR('',#2629,10.);
#772=VECTOR('',#2634,10.);
#773=VECTOR('',#2637,10.);
#774=VECTOR('',#2638,10.);
#775=VECTOR('',#2643,10.);
#776=VECTOR('',#2646,10.);
#777=VECTOR('',#2647,10.);
#778=VECTOR('',#2656,10.);
#779=VECTOR('',#2659,10.);
#780=VECTOR('',#2660,10.);
#781=VECTOR('',#2665,10.);
#782=VECTOR('',#2668,10.);
#783=VECTOR('',#2669,10.);
#784=VECTOR('',#2674,10.);
#785=VECTOR('',#2677,10.);
#786=VECTOR('',#2678,10.);
#787=VERTEX_POINT('',#2687);
#788=VERTEX_POINT('',#2688);
#789=VERTEX_POINT('',#2690);
#790=VERTEX_POINT('',#2692);
#791=VERTEX_POINT('',#2696);
#792=VERTEX_POINT('',#2698);
#793=VERTEX_POINT('',#2702);
#794=VERTEX_POINT('',#2704);
#795=VERTEX_POINT('',#2712);
#796=VERTEX_POINT('',#2713);
#797=VERTEX_POINT('',#2715);
#798=VERTEX_POINT('',#2717);
#799=VERTEX_POINT('',#2721);
#800=VERTEX_POINT('',#2723);
#801=VERTEX_POINT('',#2727);
#802=VERTEX_POINT('',#2729);
#803=VERTEX_POINT('',#2737);
#804=VERTEX_POINT('',#2738);
#805=VERTEX_POINT('',#2740);
#806=VERTEX_POINT('',#2742);
#807=VERTEX_POINT('',#2746);
#808=VERTEX_POINT('',#2748);
#809=VERTEX_POINT('',#2752);
#810=VERTEX_POINT('',#2754);
#811=VERTEX_POINT('',#2762);
#812=VERTEX_POINT('',#2763);
#813=VERTEX_POINT('',#2765);
#814=VERTEX_POINT('',#2767);
#815=VERTEX_POINT('',#2771);
#816=VERTEX_POINT('',#2773);
#817=VERTEX_POINT('',#2777);
#818=VERTEX_POINT('',#2779);
#819=VERTEX_POINT('',#2787);
#820=VERTEX_POINT('',#2788);
#821=VERTEX_POINT('',#2790);
#822=VERTEX_POINT('',#2792);
#823=VERTEX_POINT('',#2796);
#824=VERTEX_POINT('',#2798);
#825=VERTEX_POINT('',#2802);
#826=VERTEX_POINT('',#2804);
#827=VERTEX_POINT('',#2812);
#828=VERTEX_POINT('',#2813);
#829=VERTEX_POINT('',#2815);
#830=VERTEX_POINT('',#2817);
#831=VERTEX_POINT('',#2821);
#832=VERTEX_POINT('',#2823);
#833=VERTEX_POINT('',#2827);
#834=VERTEX_POINT('',#2829);
#835=VERTEX_POINT('',#2837);
#836=VERTEX_POINT('',#2838);
#837=VERTEX_POINT('',#2840);
#838=VERTEX_POINT('',#2842);
#839=VERTEX_POINT('',#2846);
#840=VERTEX_POINT('',#2848);
#841=VERTEX_POINT('',#2852);
#842=VERTEX_POINT('',#2854);
#843=VERTEX_POINT('',#2862);
#844=VERTEX_POINT('',#2863);
#845=VERTEX_POINT('',#2865);
#846=VERTEX_POINT('',#2867);
#847=VERTEX_POINT('',#2871);
#848=VERTEX_POINT('',#2873);
#849=VERTEX_POINT('',#2877);
#850=VERTEX_POINT('',#2879);
#851=VERTEX_POINT('',#2887);
#852=VERTEX_POINT('',#2888);
#853=VERTEX_POINT('',#2890);
#854=VERTEX_POINT('',#2892);
#855=VERTEX_POINT('',#2896);
#856=VERTEX_POINT('',#2898);
#857=VERTEX_POINT('',#2902);
#858=VERTEX_POINT('',#2904);
#859=VERTEX_POINT('',#2911);
#860=VERTEX_POINT('',#2912);
#861=VERTEX_POINT('',#2914);
#862=VERTEX_POINT('',#2916);
#863=VERTEX_POINT('',#2918);
#864=VERTEX_POINT('',#2920);
#865=VERTEX_POINT('',#2922);
#866=VERTEX_POINT('',#2924);
#867=VERTEX_POINT('',#2927);
#868=VERTEX_POINT('',#2928);
#869=VERTEX_POINT('',#2930);
#870=VERTEX_POINT('',#2932);
#871=VERTEX_POINT('',#2934);
#872=VERTEX_POINT('',#2936);
#873=VERTEX_POINT('',#2938);
#874=VERTEX_POINT('',#2940);
#875=VERTEX_POINT('',#2943);
#876=VERTEX_POINT('',#2944);
#877=VERTEX_POINT('',#2946);
#878=VERTEX_POINT('',#2948);
#879=VERTEX_POINT('',#2950);
#880=VERTEX_POINT('',#2952);
#881=VERTEX_POINT('',#2954);
#882=VERTEX_POINT('',#2956);
#883=VERTEX_POINT('',#2959);
#884=VERTEX_POINT('',#2960);
#885=VERTEX_POINT('',#2962);
#886=VERTEX_POINT('',#2964);
#887=VERTEX_POINT('',#2966);
#888=VERTEX_POINT('',#2968);
#889=VERTEX_POINT('',#2970);
#890=VERTEX_POINT('',#2972);
#891=VERTEX_POINT('',#2975);
#892=VERTEX_POINT('',#2976);
#893=VERTEX_POINT('',#2978);
#894=VERTEX_POINT('',#2980);
#895=VERTEX_POINT('',#2982);
#896=VERTEX_POINT('',#2984);
#897=VERTEX_POINT('',#2986);
#898=VERTEX_POINT('',#2988);
#899=VERTEX_POINT('',#2991);
#900=VERTEX_POINT('',#2992);
#901=VERTEX_POINT('',#2994);
#902=VERTEX_POINT('',#2996);
#903=VERTEX_POINT('',#2998);
#904=VERTEX_POINT('',#3000);
#905=VERTEX_POINT('',#3002);
#906=VERTEX_POINT('',#3004);
#907=VERTEX_POINT('',#3007);
#908=VERTEX_POINT('',#3008);
#909=VERTEX_POINT('',#3010);
#910=VERTEX_POINT('',#3012);
#911=VERTEX_POINT('',#3014);
#912=VERTEX_POINT('',#3016);
#913=VERTEX_POINT('',#3018);
#914=VERTEX_POINT('',#3020);
#915=VERTEX_POINT('',#3024);
#916=VERTEX_POINT('',#3025);
#917=VERTEX_POINT('',#3030);
#918=VERTEX_POINT('',#3032);
#919=VERTEX_POINT('',#3036);
#920=VERTEX_POINT('',#3038);
#921=VERTEX_POINT('',#3042);
#922=VERTEX_POINT('',#3046);
#923=VERTEX_POINT('',#3050);
#924=VERTEX_POINT('',#3054);
#925=VERTEX_POINT('',#3058);
#926=VERTEX_POINT('',#3062);
#927=VERTEX_POINT('',#3068);
#928=VERTEX_POINT('',#3070);
#929=VERTEX_POINT('',#3074);
#930=VERTEX_POINT('',#3078);
#931=VERTEX_POINT('',#3082);
#932=VERTEX_POINT('',#3086);
#933=VERTEX_POINT('',#3090);
#934=VERTEX_POINT('',#3094);
#935=VERTEX_POINT('',#3100);
#936=VERTEX_POINT('',#3102);
#937=VERTEX_POINT('',#3106);
#938=VERTEX_POINT('',#3110);
#939=VERTEX_POINT('',#3114);
#940=VERTEX_POINT('',#3118);
#941=VERTEX_POINT('',#3122);
#942=VERTEX_POINT('',#3126);
#943=VERTEX_POINT('',#3132);
#944=VERTEX_POINT('',#3134);
#945=VERTEX_POINT('',#3140);
#946=VERTEX_POINT('',#3144);
#947=VERTEX_POINT('',#3148);
#948=VERTEX_POINT('',#3152);
#949=VERTEX_POINT('',#3158);
#950=VERTEX_POINT('',#3160);
#951=VERTEX_POINT('',#3164);
#952=VERTEX_POINT('',#3168);
#953=VERTEX_POINT('',#3172);
#954=VERTEX_POINT('',#3176);
#955=VERTEX_POINT('',#3180);
#956=VERTEX_POINT('',#3184);
#957=VERTEX_POINT('',#3190);
#958=VERTEX_POINT('',#3192);
#959=VERTEX_POINT('',#3196);
#960=VERTEX_POINT('',#3200);
#961=VERTEX_POINT('',#3204);
#962=VERTEX_POINT('',#3208);
#963=VERTEX_POINT('',#3212);
#964=VERTEX_POINT('',#3216);
#965=VERTEX_POINT('',#3222);
#966=VERTEX_POINT('',#3226);
#967=VERTEX_POINT('',#3230);
#968=VERTEX_POINT('',#3234);
#969=VERTEX_POINT('',#3238);
#970=VERTEX_POINT('',#3242);
#971=EDGE_CURVE('',#787,#788,#347,.T.);
#972=EDGE_CURVE('',#787,#789,#348,.T.);
#973=EDGE_CURVE('',#790,#789,#349,.T.);
#974=EDGE_CURVE('',#788,#790,#350,.T.);
#975=EDGE_CURVE('',#788,#791,#351,.T.);
#976=EDGE_CURVE('',#792,#790,#352,.T.);
#977=EDGE_CURVE('',#791,#792,#353,.T.);
#978=EDGE_CURVE('',#791,#793,#354,.T.);
#979=EDGE_CURVE('',#794,#792,#355,.T.);
#980=EDGE_CURVE('',#793,#794,#356,.T.);
#981=EDGE_CURVE('',#793,#787,#357,.T.);
#982=EDGE_CURVE('',#789,#794,#358,.T.);
#983=EDGE_CURVE('',#795,#796,#359,.T.);
#984=EDGE_CURVE('',#795,#797,#360,.T.);
#985=EDGE_CURVE('',#798,#797,#361,.T.);
#986=EDGE_CURVE('',#796,#798,#362,.T.);
#987=EDGE_CURVE('',#796,#799,#363,.T.);
#988=EDGE_CURVE('',#800,#798,#364,.T.);
#989=EDGE_CURVE('',#799,#800,#365,.T.);
#990=EDGE_CURVE('',#799,#801,#366,.T.);
#991=EDGE_CURVE('',#802,#800,#367,.T.);
#992=EDGE_CURVE('',#801,#802,#368,.T.);
#993=EDGE_CURVE('',#801,#795,#369,.T.);
#994=EDGE_CURVE('',#797,#802,#370,.T.);
#995=EDGE_CURVE('',#803,#804,#371,.T.);
#996=EDGE_CURVE('',#803,#805,#372,.T.);
#997=EDGE_CURVE('',#806,#805,#373,.T.);
#998=EDGE_CURVE('',#804,#806,#374,.T.);
#999=EDGE_CURVE('',#804,#807,#375,.T.);
#1000=EDGE_CURVE('',#808,#806,#376,.T.);
#1001=EDGE_CURVE('',#807,#808,#377,.T.);
#1002=EDGE_CURVE('',#807,#809,#378,.T.);
#1003=EDGE_CURVE('',#810,#808,#379,.T.);
#1004=EDGE_CURVE('',#809,#810,#380,.T.);
#1005=EDGE_CURVE('',#809,#803,#381,.T.);
#1006=EDGE_CURVE('',#805,#810,#382,.T.);
#1007=EDGE_CURVE('',#811,#812,#383,.T.);
#1008=EDGE_CURVE('',#811,#813,#384,.T.);
#1009=EDGE_CURVE('',#814,#813,#385,.T.);
#1010=EDGE_CURVE('',#812,#814,#386,.T.);
#1011=EDGE_CURVE('',#812,#815,#387,.T.);
#1012=EDGE_CURVE('',#816,#814,#388,.T.);
#1013=EDGE_CURVE('',#815,#816,#389,.T.);
#1014=EDGE_CURVE('',#815,#817,#390,.T.);
#1015=EDGE_CURVE('',#818,#816,#391,.T.);
#1016=EDGE_CURVE('',#817,#818,#392,.T.);
#1017=EDGE_CURVE('',#817,#811,#393,.T.);
#1018=EDGE_CURVE('',#813,#818,#394,.T.);
#1019=EDGE_CURVE('',#819,#820,#395,.T.);
#1020=EDGE_CURVE('',#819,#821,#396,.T.);
#1021=EDGE_CURVE('',#822,#821,#397,.T.);
#1022=EDGE_CURVE('',#820,#822,#398,.T.);
#1023=EDGE_CURVE('',#820,#823,#399,.T.);
#1024=EDGE_CURVE('',#824,#822,#400,.T.);
#1025=EDGE_CURVE('',#823,#824,#401,.T.);
#1026=EDGE_CURVE('',#823,#825,#402,.T.);
#1027=EDGE_CURVE('',#826,#824,#403,.T.);
#1028=EDGE_CURVE('',#825,#826,#404,.T.);
#1029=EDGE_CURVE('',#825,#819,#405,.T.);
#1030=EDGE_CURVE('',#821,#826,#406,.T.);
#1031=EDGE_CURVE('',#827,#828,#407,.T.);
#1032=EDGE_CURVE('',#827,#829,#408,.T.);
#1033=EDGE_CURVE('',#830,#829,#409,.T.);
#1034=EDGE_CURVE('',#828,#830,#410,.T.);
#1035=EDGE_CURVE('',#828,#831,#411,.T.);
#1036=EDGE_CURVE('',#832,#830,#412,.T.);
#1037=EDGE_CURVE('',#831,#832,#413,.T.);
#1038=EDGE_CURVE('',#831,#833,#414,.T.);
#1039=EDGE_CURVE('',#834,#832,#415,.T.);
#1040=EDGE_CURVE('',#833,#834,#416,.T.);
#1041=EDGE_CURVE('',#833,#827,#417,.T.);
#1042=EDGE_CURVE('',#829,#834,#418,.T.);
#1043=EDGE_CURVE('',#835,#836,#419,.T.);
#1044=EDGE_CURVE('',#835,#837,#420,.T.);
#1045=EDGE_CURVE('',#838,#837,#421,.T.);
#1046=EDGE_CURVE('',#836,#838,#422,.T.);
#1047=EDGE_CURVE('',#836,#839,#423,.T.);
#1048=EDGE_CURVE('',#840,#838,#424,.T.);
#1049=EDGE_CURVE('',#839,#840,#425,.T.);
#1050=EDGE_CURVE('',#839,#841,#426,.T.);
#1051=EDGE_CURVE('',#842,#840,#427,.T.);
#1052=EDGE_CURVE('',#841,#842,#428,.T.);
#1053=EDGE_CURVE('',#841,#835,#429,.T.);
#1054=EDGE_CURVE('',#837,#842,#430,.T.);
#1055=EDGE_CURVE('',#843,#844,#431,.T.);
#1056=EDGE_CURVE('',#843,#845,#432,.T.);
#1057=EDGE_CURVE('',#846,#845,#433,.T.);
#1058=EDGE_CURVE('',#844,#846,#434,.T.);
#1059=EDGE_CURVE('',#844,#847,#435,.T.);
#1060=EDGE_CURVE('',#848,#846,#436,.T.);
#1061=EDGE_CURVE('',#847,#848,#437,.T.);
#1062=EDGE_CURVE('',#847,#849,#438,.T.);
#1063=EDGE_CURVE('',#850,#848,#439,.T.);
#1064=EDGE_CURVE('',#849,#850,#440,.T.);
#1065=EDGE_CURVE('',#849,#843,#441,.T.);
#1066=EDGE_CURVE('',#845,#850,#442,.T.);
#1067=EDGE_CURVE('',#851,#852,#443,.T.);
#1068=EDGE_CURVE('',#851,#853,#444,.T.);
#1069=EDGE_CURVE('',#853,#854,#445,.T.);
#1070=EDGE_CURVE('',#852,#854,#446,.T.);
#1071=EDGE_CURVE('',#853,#855,#447,.T.);
#1072=EDGE_CURVE('',#855,#856,#448,.T.);
#1073=EDGE_CURVE('',#854,#856,#449,.T.);
#1074=EDGE_CURVE('',#857,#852,#450,.T.);
#1075=EDGE_CURVE('',#858,#857,#451,.T.);
#1076=EDGE_CURVE('',#858,#851,#452,.T.);
#1077=EDGE_CURVE('',#856,#857,#453,.T.);
#1078=EDGE_CURVE('',#855,#858,#454,.T.);
#1079=EDGE_CURVE('',#859,#860,#455,.T.);
#1080=EDGE_CURVE('',#861,#859,#65,.T.);
#1081=EDGE_CURVE('',#862,#861,#456,.T.);
#1082=EDGE_CURVE('',#863,#862,#66,.T.);
#1083=EDGE_CURVE('',#864,#863,#457,.T.);
#1084=EDGE_CURVE('',#865,#864,#67,.T.);
#1085=EDGE_CURVE('',#866,#865,#458,.T.);
#1086=EDGE_CURVE('',#860,#866,#68,.T.);
#1087=EDGE_CURVE('',#867,#868,#459,.T.);
#1088=EDGE_CURVE('',#868,#869,#69,.T.);
#1089=EDGE_CURVE('',#869,#870,#460,.T.);
#1090=EDGE_CURVE('',#870,#871,#70,.T.);
#1091=EDGE_CURVE('',#871,#872,#461,.T.);
#1092=EDGE_CURVE('',#872,#873,#71,.T.);
#1093=EDGE_CURVE('',#873,#874,#462,.T.);
#1094=EDGE_CURVE('',#874,#867,#72,.T.);
#1095=EDGE_CURVE('',#875,#876,#463,.T.);
#1096=EDGE_CURVE('',#876,#877,#73,.T.);
#1097=EDGE_CURVE('',#877,#878,#464,.T.);
#1098=EDGE_CURVE('',#878,#879,#74,.T.);
#1099=EDGE_CURVE('',#879,#880,#465,.T.);
#1100=EDGE_CURVE('',#880,#881,#75,.T.);
#1101=EDGE_CURVE('',#881,#882,#466,.T.);
#1102=EDGE_CURVE('',#882,#875,#76,.T.);
#1103=EDGE_CURVE('',#883,#884,#467,.T.);
#1104=EDGE_CURVE('',#884,#885,#77,.T.);
#1105=EDGE_CURVE('',#885,#886,#468,.T.);
#1106=EDGE_CURVE('',#886,#887,#78,.T.);
#1107=EDGE_CURVE('',#887,#888,#469,.T.);
#1108=EDGE_CURVE('',#888,#889,#79,.T.);
#1109=EDGE_CURVE('',#889,#890,#470,.T.);
#1110=EDGE_CURVE('',#890,#883,#80,.T.);
#1111=EDGE_CURVE('',#891,#892,#471,.T.);
#1112=EDGE_CURVE('',#892,#893,#81,.T.);
#1113=EDGE_CURVE('',#893,#894,#472,.T.);
#1114=EDGE_CURVE('',#894,#895,#82,.T.);
#1115=EDGE_CURVE('',#895,#896,#473,.T.);
#1116=EDGE_CURVE('',#896,#897,#83,.T.);
#1117=EDGE_CURVE('',#897,#898,#474,.T.);
#1118=EDGE_CURVE('',#898,#891,#84,.T.);
#1119=EDGE_CURVE('',#899,#900,#475,.T.);
#1120=EDGE_CURVE('',#900,#901,#85,.T.);
#1121=EDGE_CURVE('',#901,#902,#476,.T.);
#1122=EDGE_CURVE('',#902,#903,#86,.T.);
#1123=EDGE_CURVE('',#903,#904,#477,.T.);
#1124=EDGE_CURVE('',#904,#905,#87,.T.);
#1125=EDGE_CURVE('',#905,#906,#478,.T.);
#1126=EDGE_CURVE('',#906,#899,#88,.T.);
#1127=EDGE_CURVE('',#907,#908,#479,.T.);
#1128=EDGE_CURVE('',#908,#909,#89,.T.);
#1129=EDGE_CURVE('',#909,#910,#480,.T.);
#1130=EDGE_CURVE('',#910,#911,#90,.T.);
#1131=EDGE_CURVE('',#911,#912,#481,.T.);
#1132=EDGE_CURVE('',#912,#913,#91,.T.);
#1133=EDGE_CURVE('',#913,#914,#482,.T.);
#1134=EDGE_CURVE('',#914,#907,#92,.T.);
#1135=EDGE_CURVE('',#915,#916,#483,.T.);
#1136=EDGE_CURVE('',#915,#868,#484,.T.);
#1137=EDGE_CURVE('',#916,#867,#485,.T.);
#1138=EDGE_CURVE('',#860,#917,#486,.T.);
#1139=EDGE_CURVE('',#918,#917,#487,.T.);
#1140=EDGE_CURVE('',#859,#918,#488,.T.);
#1141=EDGE_CURVE('',#919,#911,#489,.T.);
#1142=EDGE_CURVE('',#920,#919,#490,.T.);
#1143=EDGE_CURVE('',#920,#912,#491,.T.);
#1144=EDGE_CURVE('',#921,#920,#93,.T.);
#1145=EDGE_CURVE('',#921,#913,#492,.T.);
#1146=EDGE_CURVE('',#922,#921,#493,.T.);
#1147=EDGE_CURVE('',#922,#914,#494,.T.);
#1148=EDGE_CURVE('',#923,#922,#94,.T.);
#1149=EDGE_CURVE('',#923,#907,#495,.T.);
#1150=EDGE_CURVE('',#924,#923,#496,.T.);
#1151=EDGE_CURVE('',#924,#908,#497,.T.);
#1152=EDGE_CURVE('',#925,#924,#95,.T.);
#1153=EDGE_CURVE('',#925,#909,#498,.T.);
#1154=EDGE_CURVE('',#926,#925,#499,.T.);
#1155=EDGE_CURVE('',#926,#910,#500,.T.);
#1156=EDGE_CURVE('',#919,#926,#96,.T.);
#1157=EDGE_CURVE('',#927,#903,#501,.T.);
#1158=EDGE_CURVE('',#928,#927,#502,.T.);
#1159=EDGE_CURVE('',#928,#904,#503,.T.);
#1160=EDGE_CURVE('',#929,#928,#97,.T.);
#1161=EDGE_CURVE('',#929,#905,#504,.T.);
#1162=EDGE_CURVE('',#930,#929,#505,.T.);
#1163=EDGE_CURVE('',#930,#906,#506,.T.);
#1164=EDGE_CURVE('',#931,#930,#98,.T.);
#1165=EDGE_CURVE('',#931,#899,#507,.T.);
#1166=EDGE_CURVE('',#932,#931,#508,.T.);
#1167=EDGE_CURVE('',#932,#900,#509,.T.);
#1168=EDGE_CURVE('',#933,#932,#99,.T.);
#1169=EDGE_CURVE('',#933,#901,#510,.T.);
#1170=EDGE_CURVE('',#934,#933,#511,.T.);
#1171=EDGE_CURVE('',#934,#902,#512,.T.);
#1172=EDGE_CURVE('',#927,#934,#100,.T.);
#1173=EDGE_CURVE('',#935,#895,#513,.T.);
#1174=EDGE_CURVE('',#936,#935,#514,.T.);
#1175=EDGE_CURVE('',#936,#896,#515,.T.);
#1176=EDGE_CURVE('',#937,#936,#101,.T.);
#1177=EDGE_CURVE('',#937,#897,#516,.T.);
#1178=EDGE_CURVE('',#938,#937,#517,.T.);
#1179=EDGE_CURVE('',#938,#898,#518,.T.);
#1180=EDGE_CURVE('',#939,#938,#102,.T.);
#1181=EDGE_CURVE('',#939,#891,#519,.T.);
#1182=EDGE_CURVE('',#940,#939,#520,.T.);
#1183=EDGE_CURVE('',#940,#892,#521,.T.);
#1184=EDGE_CURVE('',#941,#940,#103,.T.);
#1185=EDGE_CURVE('',#941,#893,#522,.T.);
#1186=EDGE_CURVE('',#942,#941,#523,.T.);
#1187=EDGE_CURVE('',#942,#894,#524,.T.);
#1188=EDGE_CURVE('',#935,#942,#104,.T.);
#1189=EDGE_CURVE('',#943,#873,#525,.T.);
#1190=EDGE_CURVE('',#944,#943,#526,.T.);
#1191=EDGE_CURVE('',#944,#874,#527,.T.);
#1192=EDGE_CURVE('',#916,#944,#105,.T.);
#1193=EDGE_CURVE('',#945,#915,#106,.T.);
#1194=EDGE_CURVE('',#945,#869,#528,.T.);
#1195=EDGE_CURVE('',#946,#945,#529,.T.);
#1196=EDGE_CURVE('',#946,#870,#530,.T.);
#1197=EDGE_CURVE('',#947,#946,#107,.T.);
#1198=EDGE_CURVE('',#947,#871,#531,.T.);
#1199=EDGE_CURVE('',#948,#947,#532,.T.);
#1200=EDGE_CURVE('',#948,#872,#533,.T.);
#1201=EDGE_CURVE('',#943,#948,#108,.T.);
#1202=EDGE_CURVE('',#949,#877,#534,.T.);
#1203=EDGE_CURVE('',#950,#949,#535,.T.);
#1204=EDGE_CURVE('',#950,#878,#536,.T.);
#1205=EDGE_CURVE('',#951,#950,#109,.T.);
#1206=EDGE_CURVE('',#951,#879,#537,.T.);
#1207=EDGE_CURVE('',#952,#951,#538,.T.);
#1208=EDGE_CURVE('',#952,#880,#539,.T.);
#1209=EDGE_CURVE('',#953,#952,#110,.T.);
#1210=EDGE_CURVE('',#953,#881,#540,.T.);
#1211=EDGE_CURVE('',#954,#953,#541,.T.);
#1212=EDGE_CURVE('',#954,#882,#542,.T.);
#1213=EDGE_CURVE('',#955,#954,#111,.T.);
#1214=EDGE_CURVE('',#955,#875,#543,.T.);
#1215=EDGE_CURVE('',#956,#955,#544,.T.);
#1216=EDGE_CURVE('',#956,#876,#545,.T.);
#1217=EDGE_CURVE('',#949,#956,#112,.T.);
#1218=EDGE_CURVE('',#957,#887,#546,.T.);
#1219=EDGE_CURVE('',#958,#957,#547,.T.);
#1220=EDGE_CURVE('',#958,#888,#548,.T.);
#1221=EDGE_CURVE('',#959,#958,#113,.T.);
#1222=EDGE_CURVE('',#959,#889,#549,.T.);
#1223=EDGE_CURVE('',#960,#959,#550,.T.);
#1224=EDGE_CURVE('',#960,#890,#551,.T.);
#1225=EDGE_CURVE('',#961,#960,#114,.T.);
#1226=EDGE_CURVE('',#961,#883,#552,.T.);
#1227=EDGE_CURVE('',#962,#961,#553,.T.);
#1228=EDGE_CURVE('',#962,#884,#554,.T.);
#1229=EDGE_CURVE('',#963,#962,#115,.T.);
#1230=EDGE_CURVE('',#963,#885,#555,.T.);
#1231=EDGE_CURVE('',#964,#963,#556,.T.);
#1232=EDGE_CURVE('',#964,#886,#557,.T.);
#1233=EDGE_CURVE('',#957,#964,#116,.T.);
#1234=EDGE_CURVE('',#965,#918,#117,.T.);
#1235=EDGE_CURVE('',#861,#965,#558,.T.);
#1236=EDGE_CURVE('',#966,#965,#559,.T.);
#1237=EDGE_CURVE('',#862,#966,#560,.T.);
#1238=EDGE_CURVE('',#967,#966,#118,.T.);
#1239=EDGE_CURVE('',#863,#967,#561,.T.);
#1240=EDGE_CURVE('',#968,#967,#562,.T.);
#1241=EDGE_CURVE('',#864,#968,#563,.T.);
#1242=EDGE_CURVE('',#969,#968,#119,.T.);
#1243=EDGE_CURVE('',#865,#969,#564,.T.);
#1244=EDGE_CURVE('',#970,#969,#565,.T.);
#1245=EDGE_CURVE('',#866,#970,#566,.T.);
#1246=EDGE_CURVE('',#917,#970,#120,.T.);
#1247=ORIENTED_EDGE('',*,*,#971,.F.);
#1248=ORIENTED_EDGE('',*,*,#972,.T.);
#1249=ORIENTED_EDGE('',*,*,#973,.F.);
#1250=ORIENTED_EDGE('',*,*,#974,.F.);
#1251=ORIENTED_EDGE('',*,*,#975,.F.);
#1252=ORIENTED_EDGE('',*,*,#974,.T.);
#1253=ORIENTED_EDGE('',*,*,#976,.F.);
#1254=ORIENTED_EDGE('',*,*,#977,.F.);
#1255=ORIENTED_EDGE('',*,*,#978,.F.);
#1256=ORIENTED_EDGE('',*,*,#977,.T.);
#1257=ORIENTED_EDGE('',*,*,#979,.F.);
#1258=ORIENTED_EDGE('',*,*,#980,.F.);
#1259=ORIENTED_EDGE('',*,*,#981,.F.);
#1260=ORIENTED_EDGE('',*,*,#980,.T.);
#1261=ORIENTED_EDGE('',*,*,#982,.F.);
#1262=ORIENTED_EDGE('',*,*,#972,.F.);
#1263=ORIENTED_EDGE('',*,*,#982,.T.);
#1264=ORIENTED_EDGE('',*,*,#979,.T.);
#1265=ORIENTED_EDGE('',*,*,#976,.T.);
#1266=ORIENTED_EDGE('',*,*,#973,.T.);
#1267=ORIENTED_EDGE('',*,*,#983,.F.);
#1268=ORIENTED_EDGE('',*,*,#984,.T.);
#1269=ORIENTED_EDGE('',*,*,#985,.F.);
#1270=ORIENTED_EDGE('',*,*,#986,.F.);
#1271=ORIENTED_EDGE('',*,*,#987,.F.);
#1272=ORIENTED_EDGE('',*,*,#986,.T.);
#1273=ORIENTED_EDGE('',*,*,#988,.F.);
#1274=ORIENTED_EDGE('',*,*,#989,.F.);
#1275=ORIENTED_EDGE('',*,*,#990,.F.);
#1276=ORIENTED_EDGE('',*,*,#989,.T.);
#1277=ORIENTED_EDGE('',*,*,#991,.F.);
#1278=ORIENTED_EDGE('',*,*,#992,.F.);
#1279=ORIENTED_EDGE('',*,*,#993,.F.);
#1280=ORIENTED_EDGE('',*,*,#992,.T.);
#1281=ORIENTED_EDGE('',*,*,#994,.F.);
#1282=ORIENTED_EDGE('',*,*,#984,.F.);
#1283=ORIENTED_EDGE('',*,*,#994,.T.);
#1284=ORIENTED_EDGE('',*,*,#991,.T.);
#1285=ORIENTED_EDGE('',*,*,#988,.T.);
#1286=ORIENTED_EDGE('',*,*,#985,.T.);
#1287=ORIENTED_EDGE('',*,*,#995,.F.);
#1288=ORIENTED_EDGE('',*,*,#996,.T.);
#1289=ORIENTED_EDGE('',*,*,#997,.F.);
#1290=ORIENTED_EDGE('',*,*,#998,.F.);
#1291=ORIENTED_EDGE('',*,*,#999,.F.);
#1292=ORIENTED_EDGE('',*,*,#998,.T.);
#1293=ORIENTED_EDGE('',*,*,#1000,.F.);
#1294=ORIENTED_EDGE('',*,*,#1001,.F.);
#1295=ORIENTED_EDGE('',*,*,#1002,.F.);
#1296=ORIENTED_EDGE('',*,*,#1001,.T.);
#1297=ORIENTED_EDGE('',*,*,#1003,.F.);
#1298=ORIENTED_EDGE('',*,*,#1004,.F.);
#1299=ORIENTED_EDGE('',*,*,#1005,.F.);
#1300=ORIENTED_EDGE('',*,*,#1004,.T.);
#1301=ORIENTED_EDGE('',*,*,#1006,.F.);
#1302=ORIENTED_EDGE('',*,*,#996,.F.);
#1303=ORIENTED_EDGE('',*,*,#1006,.T.);
#1304=ORIENTED_EDGE('',*,*,#1003,.T.);
#1305=ORIENTED_EDGE('',*,*,#1000,.T.);
#1306=ORIENTED_EDGE('',*,*,#997,.T.);
#1307=ORIENTED_EDGE('',*,*,#1007,.F.);
#1308=ORIENTED_EDGE('',*,*,#1008,.T.);
#1309=ORIENTED_EDGE('',*,*,#1009,.F.);
#1310=ORIENTED_EDGE('',*,*,#1010,.F.);
#1311=ORIENTED_EDGE('',*,*,#1011,.F.);
#1312=ORIENTED_EDGE('',*,*,#1010,.T.);
#1313=ORIENTED_EDGE('',*,*,#1012,.F.);
#1314=ORIENTED_EDGE('',*,*,#1013,.F.);
#1315=ORIENTED_EDGE('',*,*,#1014,.F.);
#1316=ORIENTED_EDGE('',*,*,#1013,.T.);
#1317=ORIENTED_EDGE('',*,*,#1015,.F.);
#1318=ORIENTED_EDGE('',*,*,#1016,.F.);
#1319=ORIENTED_EDGE('',*,*,#1017,.F.);
#1320=ORIENTED_EDGE('',*,*,#1016,.T.);
#1321=ORIENTED_EDGE('',*,*,#1018,.F.);
#1322=ORIENTED_EDGE('',*,*,#1008,.F.);
#1323=ORIENTED_EDGE('',*,*,#1018,.T.);
#1324=ORIENTED_EDGE('',*,*,#1015,.T.);
#1325=ORIENTED_EDGE('',*,*,#1012,.T.);
#1326=ORIENTED_EDGE('',*,*,#1009,.T.);
#1327=ORIENTED_EDGE('',*,*,#1019,.F.);
#1328=ORIENTED_EDGE('',*,*,#1020,.T.);
#1329=ORIENTED_EDGE('',*,*,#1021,.F.);
#1330=ORIENTED_EDGE('',*,*,#1022,.F.);
#1331=ORIENTED_EDGE('',*,*,#1023,.F.);
#1332=ORIENTED_EDGE('',*,*,#1022,.T.);
#1333=ORIENTED_EDGE('',*,*,#1024,.F.);
#1334=ORIENTED_EDGE('',*,*,#1025,.F.);
#1335=ORIENTED_EDGE('',*,*,#1026,.F.);
#1336=ORIENTED_EDGE('',*,*,#1025,.T.);
#1337=ORIENTED_EDGE('',*,*,#1027,.F.);
#1338=ORIENTED_EDGE('',*,*,#1028,.F.);
#1339=ORIENTED_EDGE('',*,*,#1029,.F.);
#1340=ORIENTED_EDGE('',*,*,#1028,.T.);
#1341=ORIENTED_EDGE('',*,*,#1030,.F.);
#1342=ORIENTED_EDGE('',*,*,#1020,.F.);
#1343=ORIENTED_EDGE('',*,*,#1030,.T.);
#1344=ORIENTED_EDGE('',*,*,#1027,.T.);
#1345=ORIENTED_EDGE('',*,*,#1024,.T.);
#1346=ORIENTED_EDGE('',*,*,#1021,.T.);
#1347=ORIENTED_EDGE('',*,*,#1031,.F.);
#1348=ORIENTED_EDGE('',*,*,#1032,.T.);
#1349=ORIENTED_EDGE('',*,*,#1033,.F.);
#1350=ORIENTED_EDGE('',*,*,#1034,.F.);
#1351=ORIENTED_EDGE('',*,*,#1035,.F.);
#1352=ORIENTED_EDGE('',*,*,#1034,.T.);
#1353=ORIENTED_EDGE('',*,*,#1036,.F.);
#1354=ORIENTED_EDGE('',*,*,#1037,.F.);
#1355=ORIENTED_EDGE('',*,*,#1038,.F.);
#1356=ORIENTED_EDGE('',*,*,#1037,.T.);
#1357=ORIENTED_EDGE('',*,*,#1039,.F.);
#1358=ORIENTED_EDGE('',*,*,#1040,.F.);
#1359=ORIENTED_EDGE('',*,*,#1041,.F.);
#1360=ORIENTED_EDGE('',*,*,#1040,.T.);
#1361=ORIENTED_EDGE('',*,*,#1042,.F.);
#1362=ORIENTED_EDGE('',*,*,#1032,.F.);
#1363=ORIENTED_EDGE('',*,*,#1042,.T.);
#1364=ORIENTED_EDGE('',*,*,#1039,.T.);
#1365=ORIENTED_EDGE('',*,*,#1036,.T.);
#1366=ORIENTED_EDGE('',*,*,#1033,.T.);
#1367=ORIENTED_EDGE('',*,*,#1043,.F.);
#1368=ORIENTED_EDGE('',*,*,#1044,.T.);
#1369=ORIENTED_EDGE('',*,*,#1045,.F.);
#1370=ORIENTED_EDGE('',*,*,#1046,.F.);
#1371=ORIENTED_EDGE('',*,*,#1047,.F.);
#1372=ORIENTED_EDGE('',*,*,#1046,.T.);
#1373=ORIENTED_EDGE('',*,*,#1048,.F.);
#1374=ORIENTED_EDGE('',*,*,#1049,.F.);
#1375=ORIENTED_EDGE('',*,*,#1050,.F.);
#1376=ORIENTED_EDGE('',*,*,#1049,.T.);
#1377=ORIENTED_EDGE('',*,*,#1051,.F.);
#1378=ORIENTED_EDGE('',*,*,#1052,.F.);
#1379=ORIENTED_EDGE('',*,*,#1053,.F.);
#1380=ORIENTED_EDGE('',*,*,#1052,.T.);
#1381=ORIENTED_EDGE('',*,*,#1054,.F.);
#1382=ORIENTED_EDGE('',*,*,#1044,.F.);
#1383=ORIENTED_EDGE('',*,*,#1054,.T.);
#1384=ORIENTED_EDGE('',*,*,#1051,.T.);
#1385=ORIENTED_EDGE('',*,*,#1048,.T.);
#1386=ORIENTED_EDGE('',*,*,#1045,.T.);
#1387=ORIENTED_EDGE('',*,*,#1055,.F.);
#1388=ORIENTED_EDGE('',*,*,#1056,.T.);
#1389=ORIENTED_EDGE('',*,*,#1057,.F.);
#1390=ORIENTED_EDGE('',*,*,#1058,.F.);
#1391=ORIENTED_EDGE('',*,*,#1059,.F.);
#1392=ORIENTED_EDGE('',*,*,#1058,.T.);
#1393=ORIENTED_EDGE('',*,*,#1060,.F.);
#1394=ORIENTED_EDGE('',*,*,#1061,.F.);
#1395=ORIENTED_EDGE('',*,*,#1062,.F.);
#1396=ORIENTED_EDGE('',*,*,#1061,.T.);
#1397=ORIENTED_EDGE('',*,*,#1063,.F.);
#1398=ORIENTED_EDGE('',*,*,#1064,.F.);
#1399=ORIENTED_EDGE('',*,*,#1065,.F.);
#1400=ORIENTED_EDGE('',*,*,#1064,.T.);
#1401=ORIENTED_EDGE('',*,*,#1066,.F.);
#1402=ORIENTED_EDGE('',*,*,#1056,.F.);
#1403=ORIENTED_EDGE('',*,*,#1066,.T.);
#1404=ORIENTED_EDGE('',*,*,#1063,.T.);
#1405=ORIENTED_EDGE('',*,*,#1060,.T.);
#1406=ORIENTED_EDGE('',*,*,#1057,.T.);
#1407=ORIENTED_EDGE('',*,*,#1067,.F.);
#1408=ORIENTED_EDGE('',*,*,#1068,.T.);
#1409=ORIENTED_EDGE('',*,*,#1069,.T.);
#1410=ORIENTED_EDGE('',*,*,#1070,.F.);
#1411=ORIENTED_EDGE('',*,*,#1069,.F.);
#1412=ORIENTED_EDGE('',*,*,#1071,.T.);
#1413=ORIENTED_EDGE('',*,*,#1072,.T.);
#1414=ORIENTED_EDGE('',*,*,#1073,.F.);
#1415=ORIENTED_EDGE('',*,*,#1067,.T.);
#1416=ORIENTED_EDGE('',*,*,#1074,.F.);
#1417=ORIENTED_EDGE('',*,*,#1075,.F.);
#1418=ORIENTED_EDGE('',*,*,#1076,.T.);
#1419=ORIENTED_EDGE('',*,*,#1075,.T.);
#1420=ORIENTED_EDGE('',*,*,#1077,.F.);
#1421=ORIENTED_EDGE('',*,*,#1072,.F.);
#1422=ORIENTED_EDGE('',*,*,#1078,.T.);
#1423=ORIENTED_EDGE('',*,*,#1079,.F.);
#1424=ORIENTED_EDGE('',*,*,#1080,.F.);
#1425=ORIENTED_EDGE('',*,*,#1081,.F.);
#1426=ORIENTED_EDGE('',*,*,#1082,.F.);
#1427=ORIENTED_EDGE('',*,*,#1083,.F.);
#1428=ORIENTED_EDGE('',*,*,#1084,.F.);
#1429=ORIENTED_EDGE('',*,*,#1085,.F.);
#1430=ORIENTED_EDGE('',*,*,#1086,.F.);
#1431=ORIENTED_EDGE('',*,*,#983,.T.);
#1432=ORIENTED_EDGE('',*,*,#987,.T.);
#1433=ORIENTED_EDGE('',*,*,#990,.T.);
#1434=ORIENTED_EDGE('',*,*,#993,.T.);
#1435=ORIENTED_EDGE('',*,*,#1007,.T.);
#1436=ORIENTED_EDGE('',*,*,#1011,.T.);
#1437=ORIENTED_EDGE('',*,*,#1014,.T.);
#1438=ORIENTED_EDGE('',*,*,#1017,.T.);
#1439=ORIENTED_EDGE('',*,*,#1031,.T.);
#1440=ORIENTED_EDGE('',*,*,#1035,.T.);
#1441=ORIENTED_EDGE('',*,*,#1038,.T.);
#1442=ORIENTED_EDGE('',*,*,#1041,.T.);
#1443=ORIENTED_EDGE('',*,*,#1055,.T.);
#1444=ORIENTED_EDGE('',*,*,#1059,.T.);
#1445=ORIENTED_EDGE('',*,*,#1062,.T.);
#1446=ORIENTED_EDGE('',*,*,#1065,.T.);
#1447=ORIENTED_EDGE('',*,*,#1087,.T.);
#1448=ORIENTED_EDGE('',*,*,#1088,.T.);
#1449=ORIENTED_EDGE('',*,*,#1089,.T.);
#1450=ORIENTED_EDGE('',*,*,#1090,.T.);
#1451=ORIENTED_EDGE('',*,*,#1091,.T.);
#1452=ORIENTED_EDGE('',*,*,#1092,.T.);
#1453=ORIENTED_EDGE('',*,*,#1093,.T.);
#1454=ORIENTED_EDGE('',*,*,#1094,.T.);
#1455=ORIENTED_EDGE('',*,*,#1068,.F.);
#1456=ORIENTED_EDGE('',*,*,#1076,.F.);
#1457=ORIENTED_EDGE('',*,*,#1078,.F.);
#1458=ORIENTED_EDGE('',*,*,#1071,.F.);
#1459=ORIENTED_EDGE('',*,*,#1095,.T.);
#1460=ORIENTED_EDGE('',*,*,#1096,.T.);
#1461=ORIENTED_EDGE('',*,*,#1097,.T.);
#1462=ORIENTED_EDGE('',*,*,#1098,.T.);
#1463=ORIENTED_EDGE('',*,*,#1099,.T.);
#1464=ORIENTED_EDGE('',*,*,#1100,.T.);
#1465=ORIENTED_EDGE('',*,*,#1101,.T.);
#1466=ORIENTED_EDGE('',*,*,#1102,.T.);
#1467=ORIENTED_EDGE('',*,*,#1103,.T.);
#1468=ORIENTED_EDGE('',*,*,#1104,.T.);
#1469=ORIENTED_EDGE('',*,*,#1105,.T.);
#1470=ORIENTED_EDGE('',*,*,#1106,.T.);
#1471=ORIENTED_EDGE('',*,*,#1107,.T.);
#1472=ORIENTED_EDGE('',*,*,#1108,.T.);
#1473=ORIENTED_EDGE('',*,*,#1109,.T.);
#1474=ORIENTED_EDGE('',*,*,#1110,.T.);
#1475=ORIENTED_EDGE('',*,*,#1111,.T.);
#1476=ORIENTED_EDGE('',*,*,#1112,.T.);
#1477=ORIENTED_EDGE('',*,*,#1113,.T.);
#1478=ORIENTED_EDGE('',*,*,#1114,.T.);
#1479=ORIENTED_EDGE('',*,*,#1115,.T.);
#1480=ORIENTED_EDGE('',*,*,#1116,.T.);
#1481=ORIENTED_EDGE('',*,*,#1117,.T.);
#1482=ORIENTED_EDGE('',*,*,#1118,.T.);
#1483=ORIENTED_EDGE('',*,*,#1119,.T.);
#1484=ORIENTED_EDGE('',*,*,#1120,.T.);
#1485=ORIENTED_EDGE('',*,*,#1121,.T.);
#1486=ORIENTED_EDGE('',*,*,#1122,.T.);
#1487=ORIENTED_EDGE('',*,*,#1123,.T.);
#1488=ORIENTED_EDGE('',*,*,#1124,.T.);
#1489=ORIENTED_EDGE('',*,*,#1125,.T.);
#1490=ORIENTED_EDGE('',*,*,#1126,.T.);
#1491=ORIENTED_EDGE('',*,*,#1127,.T.);
#1492=ORIENTED_EDGE('',*,*,#1128,.T.);
#1493=ORIENTED_EDGE('',*,*,#1129,.T.);
#1494=ORIENTED_EDGE('',*,*,#1130,.T.);
#1495=ORIENTED_EDGE('',*,*,#1131,.T.);
#1496=ORIENTED_EDGE('',*,*,#1132,.T.);
#1497=ORIENTED_EDGE('',*,*,#1133,.T.);
#1498=ORIENTED_EDGE('',*,*,#1134,.T.);
#1499=ORIENTED_EDGE('',*,*,#1043,.T.);
#1500=ORIENTED_EDGE('',*,*,#1047,.T.);
#1501=ORIENTED_EDGE('',*,*,#1050,.T.);
#1502=ORIENTED_EDGE('',*,*,#1053,.T.);
#1503=ORIENTED_EDGE('',*,*,#1019,.T.);
#1504=ORIENTED_EDGE('',*,*,#1023,.T.);
#1505=ORIENTED_EDGE('',*,*,#1026,.T.);
#1506=ORIENTED_EDGE('',*,*,#1029,.T.);
#1507=ORIENTED_EDGE('',*,*,#995,.T.);
#1508=ORIENTED_EDGE('',*,*,#999,.T.);
#1509=ORIENTED_EDGE('',*,*,#1002,.T.);
#1510=ORIENTED_EDGE('',*,*,#1005,.T.);
#1511=ORIENTED_EDGE('',*,*,#971,.T.);
#1512=ORIENTED_EDGE('',*,*,#975,.T.);
#1513=ORIENTED_EDGE('',*,*,#978,.T.);
#1514=ORIENTED_EDGE('',*,*,#981,.T.);
#1515=ORIENTED_EDGE('',*,*,#1135,.F.);
#1516=ORIENTED_EDGE('',*,*,#1136,.T.);
#1517=ORIENTED_EDGE('',*,*,#1087,.F.);
#1518=ORIENTED_EDGE('',*,*,#1137,.F.);
#1519=ORIENTED_EDGE('',*,*,#1079,.T.);
#1520=ORIENTED_EDGE('',*,*,#1138,.T.);
#1521=ORIENTED_EDGE('',*,*,#1139,.F.);
#1522=ORIENTED_EDGE('',*,*,#1140,.F.);
#1523=ORIENTED_EDGE('',*,*,#1131,.F.);
#1524=ORIENTED_EDGE('',*,*,#1141,.F.);
#1525=ORIENTED_EDGE('',*,*,#1142,.F.);
#1526=ORIENTED_EDGE('',*,*,#1143,.T.);
#1527=ORIENTED_EDGE('',*,*,#1132,.F.);
#1528=ORIENTED_EDGE('',*,*,#1143,.F.);
#1529=ORIENTED_EDGE('',*,*,#1144,.F.);
#1530=ORIENTED_EDGE('',*,*,#1145,.T.);
#1531=ORIENTED_EDGE('',*,*,#1133,.F.);
#1532=ORIENTED_EDGE('',*,*,#1145,.F.);
#1533=ORIENTED_EDGE('',*,*,#1146,.F.);
#1534=ORIENTED_EDGE('',*,*,#1147,.T.);
#1535=ORIENTED_EDGE('',*,*,#1134,.F.);
#1536=ORIENTED_EDGE('',*,*,#1147,.F.);
#1537=ORIENTED_EDGE('',*,*,#1148,.F.);
#1538=ORIENTED_EDGE('',*,*,#1149,.T.);
#1539=ORIENTED_EDGE('',*,*,#1127,.F.);
#1540=ORIENTED_EDGE('',*,*,#1149,.F.);
#1541=ORIENTED_EDGE('',*,*,#1150,.F.);
#1542=ORIENTED_EDGE('',*,*,#1151,.T.);
#1543=ORIENTED_EDGE('',*,*,#1128,.F.);
#1544=ORIENTED_EDGE('',*,*,#1151,.F.);
#1545=ORIENTED_EDGE('',*,*,#1152,.F.);
#1546=ORIENTED_EDGE('',*,*,#1153,.T.);
#1547=ORIENTED_EDGE('',*,*,#1129,.F.);
#1548=ORIENTED_EDGE('',*,*,#1153,.F.);
#1549=ORIENTED_EDGE('',*,*,#1154,.F.);
#1550=ORIENTED_EDGE('',*,*,#1155,.T.);
#1551=ORIENTED_EDGE('',*,*,#1130,.F.);
#1552=ORIENTED_EDGE('',*,*,#1155,.F.);
#1553=ORIENTED_EDGE('',*,*,#1156,.F.);
#1554=ORIENTED_EDGE('',*,*,#1141,.T.);
#1555=ORIENTED_EDGE('',*,*,#1123,.F.);
#1556=ORIENTED_EDGE('',*,*,#1157,.F.);
#1557=ORIENTED_EDGE('',*,*,#1158,.F.);
#1558=ORIENTED_EDGE('',*,*,#1159,.T.);
#1559=ORIENTED_EDGE('',*,*,#1124,.F.);
#1560=ORIENTED_EDGE('',*,*,#1159,.F.);
#1561=ORIENTED_EDGE('',*,*,#1160,.F.);
#1562=ORIENTED_EDGE('',*,*,#1161,.T.);
#1563=ORIENTED_EDGE('',*,*,#1125,.F.);
#1564=ORIENTED_EDGE('',*,*,#1161,.F.);
#1565=ORIENTED_EDGE('',*,*,#1162,.F.);
#1566=ORIENTED_EDGE('',*,*,#1163,.T.);
#1567=ORIENTED_EDGE('',*,*,#1126,.F.);
#1568=ORIENTED_EDGE('',*,*,#1163,.F.);
#1569=ORIENTED_EDGE('',*,*,#1164,.F.);
#1570=ORIENTED_EDGE('',*,*,#1165,.T.);
#1571=ORIENTED_EDGE('',*,*,#1119,.F.);
#1572=ORIENTED_EDGE('',*,*,#1165,.F.);
#1573=ORIENTED_EDGE('',*,*,#1166,.F.);
#1574=ORIENTED_EDGE('',*,*,#1167,.T.);
#1575=ORIENTED_EDGE('',*,*,#1120,.F.);
#1576=ORIENTED_EDGE('',*,*,#1167,.F.);
#1577=ORIENTED_EDGE('',*,*,#1168,.F.);
#1578=ORIENTED_EDGE('',*,*,#1169,.T.);
#1579=ORIENTED_EDGE('',*,*,#1121,.F.);
#1580=ORIENTED_EDGE('',*,*,#1169,.F.);
#1581=ORIENTED_EDGE('',*,*,#1170,.F.);
#1582=ORIENTED_EDGE('',*,*,#1171,.T.);
#1583=ORIENTED_EDGE('',*,*,#1122,.F.);
#1584=ORIENTED_EDGE('',*,*,#1171,.F.);
#1585=ORIENTED_EDGE('',*,*,#1172,.F.);
#1586=ORIENTED_EDGE('',*,*,#1157,.T.);
#1587=ORIENTED_EDGE('',*,*,#1115,.F.);
#1588=ORIENTED_EDGE('',*,*,#1173,.F.);
#1589=ORIENTED_EDGE('',*,*,#1174,.F.);
#1590=ORIENTED_EDGE('',*,*,#1175,.T.);
#1591=ORIENTED_EDGE('',*,*,#1116,.F.);
#1592=ORIENTED_EDGE('',*,*,#1175,.F.);
#1593=ORIENTED_EDGE('',*,*,#1176,.F.);
#1594=ORIENTED_EDGE('',*,*,#1177,.T.);
#1595=ORIENTED_EDGE('',*,*,#1117,.F.);
#1596=ORIENTED_EDGE('',*,*,#1177,.F.);
#1597=ORIENTED_EDGE('',*,*,#1178,.F.);
#1598=ORIENTED_EDGE('',*,*,#1179,.T.);
#1599=ORIENTED_EDGE('',*,*,#1118,.F.);
#1600=ORIENTED_EDGE('',*,*,#1179,.F.);
#1601=ORIENTED_EDGE('',*,*,#1180,.F.);
#1602=ORIENTED_EDGE('',*,*,#1181,.T.);
#1603=ORIENTED_EDGE('',*,*,#1111,.F.);
#1604=ORIENTED_EDGE('',*,*,#1181,.F.);
#1605=ORIENTED_EDGE('',*,*,#1182,.F.);
#1606=ORIENTED_EDGE('',*,*,#1183,.T.);
#1607=ORIENTED_EDGE('',*,*,#1112,.F.);
#1608=ORIENTED_EDGE('',*,*,#1183,.F.);
#1609=ORIENTED_EDGE('',*,*,#1184,.F.);
#1610=ORIENTED_EDGE('',*,*,#1185,.T.);
#1611=ORIENTED_EDGE('',*,*,#1113,.F.);
#1612=ORIENTED_EDGE('',*,*,#1185,.F.);
#1613=ORIENTED_EDGE('',*,*,#1186,.F.);
#1614=ORIENTED_EDGE('',*,*,#1187,.T.);
#1615=ORIENTED_EDGE('',*,*,#1114,.F.);
#1616=ORIENTED_EDGE('',*,*,#1187,.F.);
#1617=ORIENTED_EDGE('',*,*,#1188,.F.);
#1618=ORIENTED_EDGE('',*,*,#1173,.T.);
#1619=ORIENTED_EDGE('',*,*,#1093,.F.);
#1620=ORIENTED_EDGE('',*,*,#1189,.F.);
#1621=ORIENTED_EDGE('',*,*,#1190,.F.);
#1622=ORIENTED_EDGE('',*,*,#1191,.T.);
#1623=ORIENTED_EDGE('',*,*,#1094,.F.);
#1624=ORIENTED_EDGE('',*,*,#1191,.F.);
#1625=ORIENTED_EDGE('',*,*,#1192,.F.);
#1626=ORIENTED_EDGE('',*,*,#1137,.T.);
#1627=ORIENTED_EDGE('',*,*,#1088,.F.);
#1628=ORIENTED_EDGE('',*,*,#1136,.F.);
#1629=ORIENTED_EDGE('',*,*,#1193,.F.);
#1630=ORIENTED_EDGE('',*,*,#1194,.T.);
#1631=ORIENTED_EDGE('',*,*,#1089,.F.);
#1632=ORIENTED_EDGE('',*,*,#1194,.F.);
#1633=ORIENTED_EDGE('',*,*,#1195,.F.);
#1634=ORIENTED_EDGE('',*,*,#1196,.T.);
#1635=ORIENTED_EDGE('',*,*,#1090,.F.);
#1636=ORIENTED_EDGE('',*,*,#1196,.F.);
#1637=ORIENTED_EDGE('',*,*,#1197,.F.);
#1638=ORIENTED_EDGE('',*,*,#1198,.T.);
#1639=ORIENTED_EDGE('',*,*,#1091,.F.);
#1640=ORIENTED_EDGE('',*,*,#1198,.F.);
#1641=ORIENTED_EDGE('',*,*,#1199,.F.);
#1642=ORIENTED_EDGE('',*,*,#1200,.T.);
#1643=ORIENTED_EDGE('',*,*,#1092,.F.);
#1644=ORIENTED_EDGE('',*,*,#1200,.F.);
#1645=ORIENTED_EDGE('',*,*,#1201,.F.);
#1646=ORIENTED_EDGE('',*,*,#1189,.T.);
#1647=ORIENTED_EDGE('',*,*,#1097,.F.);
#1648=ORIENTED_EDGE('',*,*,#1202,.F.);
#1649=ORIENTED_EDGE('',*,*,#1203,.F.);
#1650=ORIENTED_EDGE('',*,*,#1204,.T.);
#1651=ORIENTED_EDGE('',*,*,#1098,.F.);
#1652=ORIENTED_EDGE('',*,*,#1204,.F.);
#1653=ORIENTED_EDGE('',*,*,#1205,.F.);
#1654=ORIENTED_EDGE('',*,*,#1206,.T.);
#1655=ORIENTED_EDGE('',*,*,#1099,.F.);
#1656=ORIENTED_EDGE('',*,*,#1206,.F.);
#1657=ORIENTED_EDGE('',*,*,#1207,.F.);
#1658=ORIENTED_EDGE('',*,*,#1208,.T.);
#1659=ORIENTED_EDGE('',*,*,#1100,.F.);
#1660=ORIENTED_EDGE('',*,*,#1208,.F.);
#1661=ORIENTED_EDGE('',*,*,#1209,.F.);
#1662=ORIENTED_EDGE('',*,*,#1210,.T.);
#1663=ORIENTED_EDGE('',*,*,#1101,.F.);
#1664=ORIENTED_EDGE('',*,*,#1210,.F.);
#1665=ORIENTED_EDGE('',*,*,#1211,.F.);
#1666=ORIENTED_EDGE('',*,*,#1212,.T.);
#1667=ORIENTED_EDGE('',*,*,#1102,.F.);
#1668=ORIENTED_EDGE('',*,*,#1212,.F.);
#1669=ORIENTED_EDGE('',*,*,#1213,.F.);
#1670=ORIENTED_EDGE('',*,*,#1214,.T.);
#1671=ORIENTED_EDGE('',*,*,#1095,.F.);
#1672=ORIENTED_EDGE('',*,*,#1214,.F.);
#1673=ORIENTED_EDGE('',*,*,#1215,.F.);
#1674=ORIENTED_EDGE('',*,*,#1216,.T.);
#1675=ORIENTED_EDGE('',*,*,#1096,.F.);
#1676=ORIENTED_EDGE('',*,*,#1216,.F.);
#1677=ORIENTED_EDGE('',*,*,#1217,.F.);
#1678=ORIENTED_EDGE('',*,*,#1202,.T.);
#1679=ORIENTED_EDGE('',*,*,#1107,.F.);
#1680=ORIENTED_EDGE('',*,*,#1218,.F.);
#1681=ORIENTED_EDGE('',*,*,#1219,.F.);
#1682=ORIENTED_EDGE('',*,*,#1220,.T.);
#1683=ORIENTED_EDGE('',*,*,#1108,.F.);
#1684=ORIENTED_EDGE('',*,*,#1220,.F.);
#1685=ORIENTED_EDGE('',*,*,#1221,.F.);
#1686=ORIENTED_EDGE('',*,*,#1222,.T.);
#1687=ORIENTED_EDGE('',*,*,#1109,.F.);
#1688=ORIENTED_EDGE('',*,*,#1222,.F.);
#1689=ORIENTED_EDGE('',*,*,#1223,.F.);
#1690=ORIENTED_EDGE('',*,*,#1224,.T.);
#1691=ORIENTED_EDGE('',*,*,#1110,.F.);
#1692=ORIENTED_EDGE('',*,*,#1224,.F.);
#1693=ORIENTED_EDGE('',*,*,#1225,.F.);
#1694=ORIENTED_EDGE('',*,*,#1226,.T.);
#1695=ORIENTED_EDGE('',*,*,#1103,.F.);
#1696=ORIENTED_EDGE('',*,*,#1226,.F.);
#1697=ORIENTED_EDGE('',*,*,#1227,.F.);
#1698=ORIENTED_EDGE('',*,*,#1228,.T.);
#1699=ORIENTED_EDGE('',*,*,#1104,.F.);
#1700=ORIENTED_EDGE('',*,*,#1228,.F.);
#1701=ORIENTED_EDGE('',*,*,#1229,.F.);
#1702=ORIENTED_EDGE('',*,*,#1230,.T.);
#1703=ORIENTED_EDGE('',*,*,#1105,.F.);
#1704=ORIENTED_EDGE('',*,*,#1230,.F.);
#1705=ORIENTED_EDGE('',*,*,#1231,.F.);
#1706=ORIENTED_EDGE('',*,*,#1232,.T.);
#1707=ORIENTED_EDGE('',*,*,#1106,.F.);
#1708=ORIENTED_EDGE('',*,*,#1232,.F.);
#1709=ORIENTED_EDGE('',*,*,#1233,.F.);
#1710=ORIENTED_EDGE('',*,*,#1218,.T.);
#1711=ORIENTED_EDGE('',*,*,#1080,.T.);
#1712=ORIENTED_EDGE('',*,*,#1140,.T.);
#1713=ORIENTED_EDGE('',*,*,#1234,.F.);
#1714=ORIENTED_EDGE('',*,*,#1235,.F.);
#1715=ORIENTED_EDGE('',*,*,#1081,.T.);
#1716=ORIENTED_EDGE('',*,*,#1235,.T.);
#1717=ORIENTED_EDGE('',*,*,#1236,.F.);
#1718=ORIENTED_EDGE('',*,*,#1237,.F.);
#1719=ORIENTED_EDGE('',*,*,#1082,.T.);
#1720=ORIENTED_EDGE('',*,*,#1237,.T.);
#1721=ORIENTED_EDGE('',*,*,#1238,.F.);
#1722=ORIENTED_EDGE('',*,*,#1239,.F.);
#1723=ORIENTED_EDGE('',*,*,#1083,.T.);
#1724=ORIENTED_EDGE('',*,*,#1239,.T.);
#1725=ORIENTED_EDGE('',*,*,#1240,.F.);
#1726=ORIENTED_EDGE('',*,*,#1241,.F.);
#1727=ORIENTED_EDGE('',*,*,#1084,.T.);
#1728=ORIENTED_EDGE('',*,*,#1241,.T.);
#1729=ORIENTED_EDGE('',*,*,#1242,.F.);
#1730=ORIENTED_EDGE('',*,*,#1243,.F.);
#1731=ORIENTED_EDGE('',*,*,#1085,.T.);
#1732=ORIENTED_EDGE('',*,*,#1243,.T.);
#1733=ORIENTED_EDGE('',*,*,#1244,.F.);
#1734=ORIENTED_EDGE('',*,*,#1245,.F.);
#1735=ORIENTED_EDGE('',*,*,#1086,.T.);
#1736=ORIENTED_EDGE('',*,*,#1245,.T.);
#1737=ORIENTED_EDGE('',*,*,#1246,.F.);
#1738=ORIENTED_EDGE('',*,*,#1138,.F.);
#1739=ORIENTED_EDGE('',*,*,#1139,.T.);
#1740=ORIENTED_EDGE('',*,*,#1246,.T.);
#1741=ORIENTED_EDGE('',*,*,#1244,.T.);
#1742=ORIENTED_EDGE('',*,*,#1242,.T.);
#1743=ORIENTED_EDGE('',*,*,#1240,.T.);
#1744=ORIENTED_EDGE('',*,*,#1238,.T.);
#1745=ORIENTED_EDGE('',*,*,#1236,.T.);
#1746=ORIENTED_EDGE('',*,*,#1234,.T.);
#1747=ORIENTED_EDGE('',*,*,#1074,.T.);
#1748=ORIENTED_EDGE('',*,*,#1070,.T.);
#1749=ORIENTED_EDGE('',*,*,#1073,.T.);
#1750=ORIENTED_EDGE('',*,*,#1077,.T.);
#1751=ORIENTED_EDGE('',*,*,#1215,.T.);
#1752=ORIENTED_EDGE('',*,*,#1213,.T.);
#1753=ORIENTED_EDGE('',*,*,#1211,.T.);
#1754=ORIENTED_EDGE('',*,*,#1209,.T.);
#1755=ORIENTED_EDGE('',*,*,#1207,.T.);
#1756=ORIENTED_EDGE('',*,*,#1205,.T.);
#1757=ORIENTED_EDGE('',*,*,#1203,.T.);
#1758=ORIENTED_EDGE('',*,*,#1217,.T.);
#1759=ORIENTED_EDGE('',*,*,#1135,.T.);
#1760=ORIENTED_EDGE('',*,*,#1192,.T.);
#1761=ORIENTED_EDGE('',*,*,#1190,.T.);
#1762=ORIENTED_EDGE('',*,*,#1201,.T.);
#1763=ORIENTED_EDGE('',*,*,#1199,.T.);
#1764=ORIENTED_EDGE('',*,*,#1197,.T.);
#1765=ORIENTED_EDGE('',*,*,#1195,.T.);
#1766=ORIENTED_EDGE('',*,*,#1193,.T.);
#1767=ORIENTED_EDGE('',*,*,#1150,.T.);
#1768=ORIENTED_EDGE('',*,*,#1148,.T.);
#1769=ORIENTED_EDGE('',*,*,#1146,.T.);
#1770=ORIENTED_EDGE('',*,*,#1144,.T.);
#1771=ORIENTED_EDGE('',*,*,#1142,.T.);
#1772=ORIENTED_EDGE('',*,*,#1156,.T.);
#1773=ORIENTED_EDGE('',*,*,#1154,.T.);
#1774=ORIENTED_EDGE('',*,*,#1152,.T.);
#1775=ORIENTED_EDGE('',*,*,#1166,.T.);
#1776=ORIENTED_EDGE('',*,*,#1164,.T.);
#1777=ORIENTED_EDGE('',*,*,#1162,.T.);
#1778=ORIENTED_EDGE('',*,*,#1160,.T.);
#1779=ORIENTED_EDGE('',*,*,#1158,.T.);
#1780=ORIENTED_EDGE('',*,*,#1172,.T.);
#1781=ORIENTED_EDGE('',*,*,#1170,.T.);
#1782=ORIENTED_EDGE('',*,*,#1168,.T.);
#1783=ORIENTED_EDGE('',*,*,#1182,.T.);
#1784=ORIENTED_EDGE('',*,*,#1180,.T.);
#1785=ORIENTED_EDGE('',*,*,#1178,.T.);
#1786=ORIENTED_EDGE('',*,*,#1176,.T.);
#1787=ORIENTED_EDGE('',*,*,#1174,.T.);
#1788=ORIENTED_EDGE('',*,*,#1188,.T.);
#1789=ORIENTED_EDGE('',*,*,#1186,.T.);
#1790=ORIENTED_EDGE('',*,*,#1184,.T.);
#1791=ORIENTED_EDGE('',*,*,#1227,.T.);
#1792=ORIENTED_EDGE('',*,*,#1225,.T.);
#1793=ORIENTED_EDGE('',*,*,#1223,.T.);
#1794=ORIENTED_EDGE('',*,*,#1221,.T.);
#1795=ORIENTED_EDGE('',*,*,#1219,.T.);
#1796=ORIENTED_EDGE('',*,*,#1233,.T.);
#1797=ORIENTED_EDGE('',*,*,#1231,.T.);
#1798=ORIENTED_EDGE('',*,*,#1229,.T.);
#1799=PLANE('',#1989);
#1800=PLANE('',#1990);
#1801=PLANE('',#1991);
#1802=PLANE('',#1992);
#1803=PLANE('',#1993);
#1804=PLANE('',#1994);
#1805=PLANE('',#1995);
#1806=PLANE('',#1996);
#1807=PLANE('',#1997);
#1808=PLANE('',#1998);
#1809=PLANE('',#1999);
#1810=PLANE('',#2000);
#1811=PLANE('',#2001);
#1812=PLANE('',#2002);
#1813=PLANE('',#2003);
#1814=PLANE('',#2004);
#1815=PLANE('',#2005);
#1816=PLANE('',#2006);
#1817=PLANE('',#2007);
#1818=PLANE('',#2008);
#1819=PLANE('',#2009);
#1820=PLANE('',#2010);
#1821=PLANE('',#2011);
#1822=PLANE('',#2012);
#1823=PLANE('',#2013);
#1824=PLANE('',#2014);
#1825=PLANE('',#2015);
#1826=PLANE('',#2016);
#1827=PLANE('',#2017);
#1828=PLANE('',#2018);
#1829=PLANE('',#2019);
#1830=PLANE('',#2020);
#1831=PLANE('',#2021);
#1832=PLANE('',#2022);
#1833=PLANE('',#2023);
#1834=PLANE('',#2024);
#1835=PLANE('',#2025);
#1836=PLANE('',#2026);
#1837=PLANE('',#2027);
#1838=PLANE('',#2028);
#1839=PLANE('',#2029);
#1840=PLANE('',#2030);
#1841=PLANE('',#2031);
#1842=PLANE('',#2032);
#1843=PLANE('',#2033);
#1844=PLANE('',#2062);
#1845=PLANE('',#2063);
#1846=PLANE('',#2064);
#1847=PLANE('',#2067);
#1848=PLANE('',#2070);
#1849=PLANE('',#2073);
#1850=PLANE('',#2076);
#1851=PLANE('',#2079);
#1852=PLANE('',#2082);
#1853=PLANE('',#2085);
#1854=PLANE('',#2088);
#1855=PLANE('',#2091);
#1856=PLANE('',#2094);
#1857=PLANE('',#2097);
#1858=PLANE('',#2100);
#1859=PLANE('',#2105);
#1860=PLANE('',#2108);
#1861=PLANE('',#2111);
#1862=PLANE('',#2114);
#1863=PLANE('',#2117);
#1864=PLANE('',#2120);
#1865=PLANE('',#2123);
#1866=PLANE('',#2126);
#1867=PLANE('',#2129);
#1868=PLANE('',#2132);
#1869=PLANE('',#2137);
#1870=PLANE('',#2140);
#1871=PLANE('',#2143);
#1872=PLANE('',#2146);
#1873=ADVANCED_FACE('',(#121),#1799,.T.);
#1874=ADVANCED_FACE('',(#122),#1800,.T.);
#1875=ADVANCED_FACE('',(#123),#1801,.T.);
#1876=ADVANCED_FACE('',(#124),#1802,.T.);
#1877=ADVANCED_FACE('',(#125),#1803,.T.);
#1878=ADVANCED_FACE('',(#126),#1804,.T.);
#1879=ADVANCED_FACE('',(#127),#1805,.T.);
#1880=ADVANCED_FACE('',(#128),#1806,.T.);
#1881=ADVANCED_FACE('',(#129),#1807,.T.);
#1882=ADVANCED_FACE('',(#130),#1808,.T.);
#1883=ADVANCED_FACE('',(#131),#1809,.T.);
#1884=ADVANCED_FACE('',(#132),#1810,.T.);
#1885=ADVANCED_FACE('',(#133),#1811,.T.);
#1886=ADVANCED_FACE('',(#134),#1812,.T.);
#1887=ADVANCED_FACE('',(#135),#1813,.T.);
#1888=ADVANCED_FACE('',(#136),#1814,.T.);
#1889=ADVANCED_FACE('',(#137),#1815,.T.);
#1890=ADVANCED_FACE('',(#138),#1816,.T.);
#1891=ADVANCED_FACE('',(#139),#1817,.T.);
#1892=ADVANCED_FACE('',(#140),#1818,.T.);
#1893=ADVANCED_FACE('',(#141),#1819,.T.);
#1894=ADVANCED_FACE('',(#142),#1820,.T.);
#1895=ADVANCED_FACE('',(#143),#1821,.T.);
#1896=ADVANCED_FACE('',(#144),#1822,.T.);
#1897=ADVANCED_FACE('',(#145),#1823,.T.);
#1898=ADVANCED_FACE('',(#146),#1824,.T.);
#1899=ADVANCED_FACE('',(#147),#1825,.T.);
#1900=ADVANCED_FACE('',(#148),#1826,.T.);
#1901=ADVANCED_FACE('',(#149),#1827,.T.);
#1902=ADVANCED_FACE('',(#150),#1828,.T.);
#1903=ADVANCED_FACE('',(#151),#1829,.T.);
#1904=ADVANCED_FACE('',(#152),#1830,.T.);
#1905=ADVANCED_FACE('',(#153),#1831,.T.);
#1906=ADVANCED_FACE('',(#154),#1832,.T.);
#1907=ADVANCED_FACE('',(#155),#1833,.T.);
#1908=ADVANCED_FACE('',(#156),#1834,.T.);
#1909=ADVANCED_FACE('',(#157),#1835,.T.);
#1910=ADVANCED_FACE('',(#158),#1836,.T.);
#1911=ADVANCED_FACE('',(#159),#1837,.T.);
#1912=ADVANCED_FACE('',(#160),#1838,.T.);
#1913=ADVANCED_FACE('',(#161),#1839,.F.);
#1914=ADVANCED_FACE('',(#162),#1840,.F.);
#1915=ADVANCED_FACE('',(#163),#1841,.F.);
#1916=ADVANCED_FACE('',(#164),#1842,.F.);
#1917=ADVANCED_FACE('',(#165,#43,#44,#45,#46,#47,#48,#49,#50,#51,#52,#53,
#54,#55,#56,#57),#1843,.F.);
#1918=ADVANCED_FACE('',(#166),#1844,.F.);
#1919=ADVANCED_FACE('',(#167),#1845,.T.);
#1920=ADVANCED_FACE('',(#168),#1846,.F.);
#1921=ADVANCED_FACE('',(#169),#15,.F.);
#1922=ADVANCED_FACE('',(#170),#1847,.F.);
#1923=ADVANCED_FACE('',(#171),#16,.F.);
#1924=ADVANCED_FACE('',(#172),#1848,.F.);
#1925=ADVANCED_FACE('',(#173),#17,.F.);
#1926=ADVANCED_FACE('',(#174),#1849,.F.);
#1927=ADVANCED_FACE('',(#175),#18,.F.);
#1928=ADVANCED_FACE('',(#176),#1850,.F.);
#1929=ADVANCED_FACE('',(#177),#19,.F.);
#1930=ADVANCED_FACE('',(#178),#1851,.F.);
#1931=ADVANCED_FACE('',(#179),#20,.F.);
#1932=ADVANCED_FACE('',(#180),#1852,.F.);
#1933=ADVANCED_FACE('',(#181),#21,.F.);
#1934=ADVANCED_FACE('',(#182),#1853,.F.);
#1935=ADVANCED_FACE('',(#183),#22,.F.);
#1936=ADVANCED_FACE('',(#184),#1854,.F.);
#1937=ADVANCED_FACE('',(#185),#23,.F.);
#1938=ADVANCED_FACE('',(#186),#1855,.F.);
#1939=ADVANCED_FACE('',(#187),#24,.F.);
#1940=ADVANCED_FACE('',(#188),#1856,.F.);
#1941=ADVANCED_FACE('',(#189),#25,.F.);
#1942=ADVANCED_FACE('',(#190),#1857,.F.);
#1943=ADVANCED_FACE('',(#191),#26,.F.);
#1944=ADVANCED_FACE('',(#192),#1858,.F.);
#1945=ADVANCED_FACE('',(#193),#27,.F.);
#1946=ADVANCED_FACE('',(#194),#28,.F.);
#1947=ADVANCED_FACE('',(#195),#1859,.F.);
#1948=ADVANCED_FACE('',(#196),#29,.F.);
#1949=ADVANCED_FACE('',(#197),#1860,.F.);
#1950=ADVANCED_FACE('',(#198),#30,.F.);
#1951=ADVANCED_FACE('',(#199),#1861,.F.);
#1952=ADVANCED_FACE('',(#200),#31,.F.);
#1953=ADVANCED_FACE('',(#201),#1862,.F.);
#1954=ADVANCED_FACE('',(#202),#32,.F.);
#1955=ADVANCED_FACE('',(#203),#1863,.F.);
#1956=ADVANCED_FACE('',(#204),#33,.F.);
#1957=ADVANCED_FACE('',(#205),#1864,.F.);
#1958=ADVANCED_FACE('',(#206),#34,.F.);
#1959=ADVANCED_FACE('',(#207),#1865,.F.);
#1960=ADVANCED_FACE('',(#208),#35,.F.);
#1961=ADVANCED_FACE('',(#209),#1866,.F.);
#1962=ADVANCED_FACE('',(#210),#36,.F.);
#1963=ADVANCED_FACE('',(#211),#1867,.F.);
#1964=ADVANCED_FACE('',(#212),#37,.F.);
#1965=ADVANCED_FACE('',(#213),#1868,.F.);
#1966=ADVANCED_FACE('',(#214),#38,.F.);
#1967=ADVANCED_FACE('',(#215),#39,.T.);
#1968=ADVANCED_FACE('',(#216),#1869,.T.);
#1969=ADVANCED_FACE('',(#217),#40,.T.);
#1970=ADVANCED_FACE('',(#218),#1870,.T.);
#1971=ADVANCED_FACE('',(#219),#41,.T.);
#1972=ADVANCED_FACE('',(#220),#1871,.T.);
#1973=ADVANCED_FACE('',(#221),#42,.T.);
#1974=ADVANCED_FACE('',(#222,#58,#59,#60,#61,#62,#63,#64),#1872,.T.);
#1975=CLOSED_SHELL('',(#1873,#1874,#1875,#1876,#1877,#1878,#1879,#1880,
#1881,#1882,#1883,#1884,#1885,#1886,#1887,#1888,#1889,#1890,#1891,#1892,
#1893,#1894,#1895,#1896,#1897,#1898,#1899,#1900,#1901,#1902,#1903,#1904,
#1905,#1906,#1907,#1908,#1909,#1910,#1911,#1912,#1913,#1914,#1915,#1916,
#1917,#1918,#1919,#1920,#1921,#1922,#1923,#1924,#1925,#1926,#1927,#1928,
#1929,#1930,#1931,#1932,#1933,#1934,#1935,#1936,#1937,#1938,#1939,#1940,
#1941,#1942,#1943,#1944,#1945,#1946,#1947,#1948,#1949,#1950,#1951,#1952,
#1953,#1954,#1955,#1956,#1957,#1958,#1959,#1960,#1961,#1962,#1963,#1964,
#1965,#1966,#1967,#1968,#1969,#1970,#1971,#1972,#1973,#1974));
#1976=DERIVED_UNIT_ELEMENT(#1978,1.);
#1977=DERIVED_UNIT_ELEMENT(#3253,-3.);
#1978=(
MASS_UNIT()
NAMED_UNIT(*)
SI_UNIT(.KILO.,.GRAM.)
);
#1979=DERIVED_UNIT((#1976,#1977));
#1980=MEASURE_REPRESENTATION_ITEM('density measure',
POSITIVE_RATIO_MEASURE(7850.),#1979);
#1981=PROPERTY_DEFINITION_REPRESENTATION(#1986,#1983);
#1982=PROPERTY_DEFINITION_REPRESENTATION(#1987,#1984);
#1983=REPRESENTATION('material name',(#1985),#3250);
#1984=REPRESENTATION('density',(#1980),#3250);
#1985=DESCRIPTIVE_REPRESENTATION_ITEM('Steel','Steel');
#1986=PROPERTY_DEFINITION('material property','material name',#3260);
#1987=PROPERTY_DEFINITION('material property','density of part',#3260);
#1988=AXIS2_PLACEMENT_3D('',#2685,#2147,#2148);
#1989=AXIS2_PLACEMENT_3D('',#2686,#2149,#2150);
#1990=AXIS2_PLACEMENT_3D('',#2695,#2155,#2156);
#1991=AXIS2_PLACEMENT_3D('',#2701,#2160,#2161);
#1992=AXIS2_PLACEMENT_3D('',#2707,#2165,#2166);
#1993=AXIS2_PLACEMENT_3D('',#2710,#2169,#2170);
#1994=AXIS2_PLACEMENT_3D('',#2711,#2171,#2172);
#1995=AXIS2_PLACEMENT_3D('',#2720,#2177,#2178);
#1996=AXIS2_PLACEMENT_3D('',#2726,#2182,#2183);
#1997=AXIS2_PLACEMENT_3D('',#2732,#2187,#2188);
#1998=AXIS2_PLACEMENT_3D('',#2735,#2191,#2192);
#1999=AXIS2_PLACEMENT_3D('',#2736,#2193,#2194);
#2000=AXIS2_PLACEMENT_3D('',#2745,#2199,#2200);
#2001=AXIS2_PLACEMENT_3D('',#2751,#2204,#2205);
#2002=AXIS2_PLACEMENT_3D('',#2757,#2209,#2210);
#2003=AXIS2_PLACEMENT_3D('',#2760,#2213,#2214);
#2004=AXIS2_PLACEMENT_3D('',#2761,#2215,#2216);
#2005=AXIS2_PLACEMENT_3D('',#2770,#2221,#2222);
#2006=AXIS2_PLACEMENT_3D('',#2776,#2226,#2227);
#2007=AXIS2_PLACEMENT_3D('',#2782,#2231,#2232);
#2008=AXIS2_PLACEMENT_3D('',#2785,#2235,#2236);
#2009=AXIS2_PLACEMENT_3D('',#2786,#2237,#2238);
#2010=AXIS2_PLACEMENT_3D('',#2795,#2243,#2244);
#2011=AXIS2_PLACEMENT_3D('',#2801,#2248,#2249);
#2012=AXIS2_PLACEMENT_3D('',#2807,#2253,#2254);
#2013=AXIS2_PLACEMENT_3D('',#2810,#2257,#2258);
#2014=AXIS2_PLACEMENT_3D('',#2811,#2259,#2260);
#2015=AXIS2_PLACEMENT_3D('',#2820,#2265,#2266);
#2016=AXIS2_PLACEMENT_3D('',#2826,#2270,#2271);
#2017=AXIS2_PLACEMENT_3D('',#2832,#2275,#2276);
#2018=AXIS2_PLACEMENT_3D('',#2835,#2279,#2280);
#2019=AXIS2_PLACEMENT_3D('',#2836,#2281,#2282);
#2020=AXIS2_PLACEMENT_3D('',#2845,#2287,#2288);
#2021=AXIS2_PLACEMENT_3D('',#2851,#2292,#2293);
#2022=AXIS2_PLACEMENT_3D('',#2857,#2297,#2298);
#2023=AXIS2_PLACEMENT_3D('',#2860,#2301,#2302);
#2024=AXIS2_PLACEMENT_3D('',#2861,#2303,#2304);
#2025=AXIS2_PLACEMENT_3D('',#2870,#2309,#2310);
#2026=AXIS2_PLACEMENT_3D('',#2876,#2314,#2315);
#2027=AXIS2_PLACEMENT_3D('',#2882,#2319,#2320);
#2028=AXIS2_PLACEMENT_3D('',#2885,#2323,#2324);
#2029=AXIS2_PLACEMENT_3D('',#2886,#2325,#2326);
#2030=AXIS2_PLACEMENT_3D('',#2895,#2331,#2332);
#2031=AXIS2_PLACEMENT_3D('',#2901,#2336,#2337);
#2032=AXIS2_PLACEMENT_3D('',#2907,#2341,#2342);
#2033=AXIS2_PLACEMENT_3D('',#2910,#2345,#2346);
#2034=AXIS2_PLACEMENT_3D('',#2915,#2348,#2349);
#2035=AXIS2_PLACEMENT_3D('',#2919,#2351,#2352);
#2036=AXIS2_PLACEMENT_3D('',#2923,#2354,#2355);
#2037=AXIS2_PLACEMENT_3D('',#2926,#2357,#2358);
#2038=AXIS2_PLACEMENT_3D('',#2931,#2360,#2361);
#2039=AXIS2_PLACEMENT_3D('',#2935,#2363,#2364);
#2040=AXIS2_PLACEMENT_3D('',#2939,#2366,#2367);
#2041=AXIS2_PLACEMENT_3D('',#2942,#2369,#2370);
#2042=AXIS2_PLACEMENT_3D('',#2947,#2372,#2373);
#2043=AXIS2_PLACEMENT_3D('',#2951,#2375,#2376);
#2044=AXIS2_PLACEMENT_3D('',#2955,#2378,#2379);
#2045=AXIS2_PLACEMENT_3D('',#2958,#2381,#2382);
#2046=AXIS2_PLACEMENT_3D('',#2963,#2384,#2385);
#2047=AXIS2_PLACEMENT_3D('',#2967,#2387,#2388);
#2048=AXIS2_PLACEMENT_3D('',#2971,#2390,#2391);
#2049=AXIS2_PLACEMENT_3D('',#2974,#2393,#2394);
#2050=AXIS2_PLACEMENT_3D('',#2979,#2396,#2397);
#2051=AXIS2_PLACEMENT_3D('',#2983,#2399,#2400);
#2052=AXIS2_PLACEMENT_3D('',#2987,#2402,#2403);
#2053=AXIS2_PLACEMENT_3D('',#2990,#2405,#2406);
#2054=AXIS2_PLACEMENT_3D('',#2995,#2408,#2409);
#2055=AXIS2_PLACEMENT_3D('',#2999,#2411,#2412);
#2056=AXIS2_PLACEMENT_3D('',#3003,#2414,#2415);
#2057=AXIS2_PLACEMENT_3D('',#3006,#2417,#2418);
#2058=AXIS2_PLACEMENT_3D('',#3011,#2420,#2421);
#2059=AXIS2_PLACEMENT_3D('',#3015,#2423,#2424);
#2060=AXIS2_PLACEMENT_3D('',#3019,#2426,#2427);
#2061=AXIS2_PLACEMENT_3D('',#3022,#2429,#2430);
#2062=AXIS2_PLACEMENT_3D('',#3023,#2431,#2432);
#2063=AXIS2_PLACEMENT_3D('',#3029,#2436,#2437);
#2064=AXIS2_PLACEMENT_3D('',#3035,#2441,#2442);
#2065=AXIS2_PLACEMENT_3D('',#3041,#2446,#2447);
#2066=AXIS2_PLACEMENT_3D('',#3043,#2448,#2449);
#2067=AXIS2_PLACEMENT_3D('',#3045,#2451,#2452);
#2068=AXIS2_PLACEMENT_3D('',#3049,#2455,#2456);
#2069=AXIS2_PLACEMENT_3D('',#3051,#2457,#2458);
#2070=AXIS2_PLACEMENT_3D('',#3053,#2460,#2461);
#2071=AXIS2_PLACEMENT_3D('',#3057,#2464,#2465);
#2072=AXIS2_PLACEMENT_3D('',#3059,#2466,#2467);
#2073=AXIS2_PLACEMENT_3D('',#3061,#2469,#2470);
#2074=AXIS2_PLACEMENT_3D('',#3065,#2473,#2474);
#2075=AXIS2_PLACEMENT_3D('',#3066,#2475,#2476);
#2076=AXIS2_PLACEMENT_3D('',#3067,#2477,#2478);
#2077=AXIS2_PLACEMENT_3D('',#3073,#2482,#2483);
#2078=AXIS2_PLACEMENT_3D('',#3075,#2484,#2485);
#2079=AXIS2_PLACEMENT_3D('',#3077,#2487,#2488);
#2080=AXIS2_PLACEMENT_3D('',#3081,#2491,#2492);
#2081=AXIS2_PLACEMENT_3D('',#3083,#2493,#2494);
#2082=AXIS2_PLACEMENT_3D('',#3085,#2496,#2497);
#2083=AXIS2_PLACEMENT_3D('',#3089,#2500,#2501);
#2084=AXIS2_PLACEMENT_3D('',#3091,#2502,#2503);
#2085=AXIS2_PLACEMENT_3D('',#3093,#2505,#2506);
#2086=AXIS2_PLACEMENT_3D('',#3097,#2509,#2510);
#2087=AXIS2_PLACEMENT_3D('',#3098,#2511,#2512);
#2088=AXIS2_PLACEMENT_3D('',#3099,#2513,#2514);
#2089=AXIS2_PLACEMENT_3D('',#3105,#2518,#2519);
#2090=AXIS2_PLACEMENT_3D('',#3107,#2520,#2521);
#2091=AXIS2_PLACEMENT_3D('',#3109,#2523,#2524);
#2092=AXIS2_PLACEMENT_3D('',#3113,#2527,#2528);
#2093=AXIS2_PLACEMENT_3D('',#3115,#2529,#2530);
#2094=AXIS2_PLACEMENT_3D('',#3117,#2532,#2533);
#2095=AXIS2_PLACEMENT_3D('',#3121,#2536,#2537);
#2096=AXIS2_PLACEMENT_3D('',#3123,#2538,#2539);
#2097=AXIS2_PLACEMENT_3D('',#3125,#2541,#2542);
#2098=AXIS2_PLACEMENT_3D('',#3129,#2545,#2546);
#2099=AXIS2_PLACEMENT_3D('',#3130,#2547,#2548);
#2100=AXIS2_PLACEMENT_3D('',#3131,#2549,#2550);
#2101=AXIS2_PLACEMENT_3D('',#3137,#2554,#2555);
#2102=AXIS2_PLACEMENT_3D('',#3138,#2556,#2557);
#2103=AXIS2_PLACEMENT_3D('',#3139,#2558,#2559);
#2104=AXIS2_PLACEMENT_3D('',#3141,#2560,#2561);
#2105=AXIS2_PLACEMENT_3D('',#3143,#2563,#2564);
#2106=AXIS2_PLACEMENT_3D('',#3147,#2567,#2568);
#2107=AXIS2_PLACEMENT_3D('',#3149,#2569,#2570);
#2108=AXIS2_PLACEMENT_3D('',#3151,#2572,#2573);
#2109=AXIS2_PLACEMENT_3D('',#3155,#2576,#2577);
#2110=AXIS2_PLACEMENT_3D('',#3156,#2578,#2579);
#2111=AXIS2_PLACEMENT_3D('',#3157,#2580,#2581);
#2112=AXIS2_PLACEMENT_3D('',#3163,#2585,#2586);
#2113=AXIS2_PLACEMENT_3D('',#3165,#2587,#2588);
#2114=AXIS2_PLACEMENT_3D('',#3167,#2590,#2591);
#2115=AXIS2_PLACEMENT_3D('',#3171,#2594,#2595);
#2116=AXIS2_PLACEMENT_3D('',#3173,#2596,#2597);
#2117=AXIS2_PLACEMENT_3D('',#3175,#2599,#2600);
#2118=AXIS2_PLACEMENT_3D('',#3179,#2603,#2604);
#2119=AXIS2_PLACEMENT_3D('',#3181,#2605,#2606);
#2120=AXIS2_PLACEMENT_3D('',#3183,#2608,#2609);
#2121=AXIS2_PLACEMENT_3D('',#3187,#2612,#2613);
#2122=AXIS2_PLACEMENT_3D('',#3188,#2614,#2615);
#2123=AXIS2_PLACEMENT_3D('',#3189,#2616,#2617);
#2124=AXIS2_PLACEMENT_3D('',#3195,#2621,#2622);
#2125=AXIS2_PLACEMENT_3D('',#3197,#2623,#2624);
#2126=AXIS2_PLACEMENT_3D('',#3199,#2626,#2627);
#2127=AXIS2_PLACEMENT_3D('',#3203,#2630,#2631);
#2128=AXIS2_PLACEMENT_3D('',#3205,#2632,#2633);
#2129=AXIS2_PLACEMENT_3D('',#3207,#2635,#2636);
#2130=AXIS2_PLACEMENT_3D('',#3211,#2639,#2640);
#2131=AXIS2_PLACEMENT_3D('',#3213,#2641,#2642);
#2132=AXIS2_PLACEMENT_3D('',#3215,#2644,#2645);
#2133=AXIS2_PLACEMENT_3D('',#3219,#2648,#2649);
#2134=AXIS2_PLACEMENT_3D('',#3220,#2650,#2651);
#2135=AXIS2_PLACEMENT_3D('',#3221,#2652,#2653);
#2136=AXIS2_PLACEMENT_3D('',#3223,#2654,#2655);
#2137=AXIS2_PLACEMENT_3D('',#3225,#2657,#2658);
#2138=AXIS2_PLACEMENT_3D('',#3229,#2661,#2662);
#2139=AXIS2_PLACEMENT_3D('',#3231,#2663,#2664);
#2140=AXIS2_PLACEMENT_3D('',#3233,#2666,#2667);
#2141=AXIS2_PLACEMENT_3D('',#3237,#2670,#2671);
#2142=AXIS2_PLACEMENT_3D('',#3239,#2672,#2673);
#2143=AXIS2_PLACEMENT_3D('',#3241,#2675,#2676);
#2144=AXIS2_PLACEMENT_3D('',#3245,#2679,#2680);
#2145=AXIS2_PLACEMENT_3D('',#3246,#2681,#2682);
#2146=AXIS2_PLACEMENT_3D('',#3247,#2683,#2684);
#2147=DIRECTION('axis',(0.,0.,1.));
#2148=DIRECTION('refdir',(1.,0.,0.));
#2149=DIRECTION('center_axis',(1.,0.,0.));
#2150=DIRECTION('ref_axis',(0.,-1.,0.));
#2151=DIRECTION('',(0.,1.,0.));
#2152=DIRECTION('',(0.,0.,-1.));
#2153=DIRECTION('',(0.,-1.,0.));
#2154=DIRECTION('',(0.,0.,-1.));
#2155=DIRECTION('center_axis',(0.,1.,0.));
#2156=DIRECTION('ref_axis',(1.,0.,0.));
#2157=DIRECTION('',(-1.,0.,0.));
#2158=DIRECTION('',(1.,0.,0.));
#2159=DIRECTION('',(0.,0.,-1.));
#2160=DIRECTION('center_axis',(-1.,0.,0.));
#2161=DIRECTION('ref_axis',(0.,1.,0.));
#2162=DIRECTION('',(0.,-1.,0.));
#2163=DIRECTION('',(0.,1.,0.));
#2164=DIRECTION('',(0.,0.,-1.));
#2165=DIRECTION('center_axis',(0.,-1.,0.));
#2166=DIRECTION('ref_axis',(-1.,0.,0.));
#2167=DIRECTION('',(1.,0.,0.));
#2168=DIRECTION('',(-1.,0.,0.));
#2169=DIRECTION('center_axis',(0.,0.,-1.));
#2170=DIRECTION('ref_axis',(-1.,0.,0.));
#2171=DIRECTION('center_axis',(0.,-1.,0.));
#2172=DIRECTION('ref_axis',(-1.,0.,0.));
#2173=DIRECTION('',(1.,0.,0.));
#2174=DIRECTION('',(0.,0.,-1.));
#2175=DIRECTION('',(-1.,0.,0.));
#2176=DIRECTION('',(0.,0.,-1.));
#2177=DIRECTION('center_axis',(1.,0.,0.));
#2178=DIRECTION('ref_axis',(0.,-1.,0.));
#2179=DIRECTION('',(0.,1.,0.));
#2180=DIRECTION('',(0.,-1.,0.));
#2181=DIRECTION('',(0.,0.,-1.));
#2182=DIRECTION('center_axis',(0.,1.,0.));
#2183=DIRECTION('ref_axis',(1.,0.,0.));
#2184=DIRECTION('',(-1.,0.,0.));
#2185=DIRECTION('',(1.,0.,0.));
#2186=DIRECTION('',(0.,0.,-1.));
#2187=DIRECTION('center_axis',(-1.,0.,0.));
#2188=DIRECTION('ref_axis',(0.,1.,0.));
#2189=DIRECTION('',(0.,-1.,0.));
#2190=DIRECTION('',(0.,1.,0.));
#2191=DIRECTION('center_axis',(0.,0.,-1.));
#2192=DIRECTION('ref_axis',(-1.,0.,0.));
#2193=DIRECTION('center_axis',(0.,-1.,0.));
#2194=DIRECTION('ref_axis',(-1.,0.,0.));
#2195=DIRECTION('',(1.,0.,0.));
#2196=DIRECTION('',(0.,0.,-1.));
#2197=DIRECTION('',(-1.,0.,0.));
#2198=DIRECTION('',(0.,0.,-1.));
#2199=DIRECTION('center_axis',(1.,0.,0.));
#2200=DIRECTION('ref_axis',(0.,-1.,0.));
#2201=DIRECTION('',(0.,1.,0.));
#2202=DIRECTION('',(0.,-1.,0.));
#2203=DIRECTION('',(0.,0.,-1.));
#2204=DIRECTION('center_axis',(0.,1.,0.));
#2205=DIRECTION('ref_axis',(1.,0.,0.));
#2206=DIRECTION('',(-1.,0.,0.));
#2207=DIRECTION('',(1.,0.,0.));
#2208=DIRECTION('',(0.,0.,-1.));
#2209=DIRECTION('center_axis',(-1.,0.,0.));
#2210=DIRECTION('ref_axis',(0.,1.,0.));
#2211=DIRECTION('',(0.,-1.,0.));
#2212=DIRECTION('',(0.,1.,0.));
#2213=DIRECTION('center_axis',(0.,0.,-1.));
#2214=DIRECTION('ref_axis',(-1.,0.,0.));
#2215=DIRECTION('center_axis',(-1.,0.,0.));
#2216=DIRECTION('ref_axis',(0.,1.,0.));
#2217=DIRECTION('',(0.,-1.,0.));
#2218=DIRECTION('',(0.,0.,-1.));
#2219=DIRECTION('',(0.,1.,0.));
#2220=DIRECTION('',(0.,0.,-1.));
#2221=DIRECTION('center_axis',(0.,-1.,0.));
#2222=DIRECTION('ref_axis',(-1.,0.,0.));
#2223=DIRECTION('',(1.,0.,0.));
#2224=DIRECTION('',(-1.,0.,0.));
#2225=DIRECTION('',(0.,0.,-1.));
#2226=DIRECTION('center_axis',(1.,0.,0.));
#2227=DIRECTION('ref_axis',(0.,-1.,0.));
#2228=DIRECTION('',(0.,1.,0.));
#2229=DIRECTION('',(0.,-1.,0.));
#2230=DIRECTION('',(0.,0.,-1.));
#2231=DIRECTION('center_axis',(0.,1.,0.));
#2232=DIRECTION('ref_axis',(1.,0.,0.));
#2233=DIRECTION('',(-1.,0.,0.));
#2234=DIRECTION('',(1.,0.,0.));
#2235=DIRECTION('center_axis',(0.,0.,-1.));
#2236=DIRECTION('ref_axis',(-1.,0.,0.));
#2237=DIRECTION('center_axis',(1.,0.,0.));
#2238=DIRECTION('ref_axis',(0.,-1.,0.));
#2239=DIRECTION('',(0.,1.,0.));
#2240=DIRECTION('',(0.,0.,-1.));
#2241=DIRECTION('',(0.,-1.,0.));
#2242=DIRECTION('',(0.,0.,-1.));
#2243=DIRECTION('center_axis',(0.,1.,0.));
#2244=DIRECTION('ref_axis',(1.,0.,0.));
#2245=DIRECTION('',(-1.,0.,0.));
#2246=DIRECTION('',(1.,0.,0.));
#2247=DIRECTION('',(0.,0.,-1.));
#2248=DIRECTION('center_axis',(-1.,0.,0.));
#2249=DIRECTION('ref_axis',(0.,1.,0.));
#2250=DIRECTION('',(0.,-1.,0.));
#2251=DIRECTION('',(0.,1.,0.));
#2252=DIRECTION('',(0.,0.,-1.));
#2253=DIRECTION('center_axis',(0.,-1.,0.));
#2254=DIRECTION('ref_axis',(-1.,0.,0.));
#2255=DIRECTION('',(1.,0.,0.));
#2256=DIRECTION('',(-1.,0.,0.));
#2257=DIRECTION('center_axis',(0.,0.,-1.));
#2258=DIRECTION('ref_axis',(-1.,0.,0.));
#2259=DIRECTION('center_axis',(1.,2.7755575615629E-16,0.));
#2260=DIRECTION('ref_axis',(2.7755575615629E-16,-1.,0.));
#2261=DIRECTION('',(-2.7755575615629E-16,1.,0.));
#2262=DIRECTION('',(0.,0.,-1.));
#2263=DIRECTION('',(2.7755575615629E-16,-1.,0.));
#2264=DIRECTION('',(0.,0.,-1.));
#2265=DIRECTION('center_axis',(0.,1.,0.));
#2266=DIRECTION('ref_axis',(1.,0.,0.));
#2267=DIRECTION('',(-1.,0.,0.));
#2268=DIRECTION('',(1.,0.,0.));
#2269=DIRECTION('',(0.,0.,-1.));
#2270=DIRECTION('center_axis',(-1.,0.,0.));
#2271=DIRECTION('ref_axis',(0.,1.,0.));
#2272=DIRECTION('',(0.,-1.,0.));
#2273=DIRECTION('',(0.,1.,0.));
#2274=DIRECTION('',(0.,0.,-1.));
#2275=DIRECTION('center_axis',(0.,-1.,0.));
#2276=DIRECTION('ref_axis',(-1.,0.,0.));
#2277=DIRECTION('',(1.,0.,0.));
#2278=DIRECTION('',(-1.,0.,0.));
#2279=DIRECTION('center_axis',(0.,0.,-1.));
#2280=DIRECTION('ref_axis',(-1.,0.,0.));
#2281=DIRECTION('center_axis',(0.,1.,0.));
#2282=DIRECTION('ref_axis',(1.,0.,0.));
#2283=DIRECTION('',(-1.,0.,0.));
#2284=DIRECTION('',(0.,0.,-1.));
#2285=DIRECTION('',(1.,0.,0.));
#2286=DIRECTION('',(0.,0.,-1.));
#2287=DIRECTION('center_axis',(-1.,0.,0.));
#2288=DIRECTION('ref_axis',(0.,1.,0.));
#2289=DIRECTION('',(0.,-1.,0.));
#2290=DIRECTION('',(0.,1.,0.));
#2291=DIRECTION('',(0.,0.,-1.));
#2292=DIRECTION('center_axis',(0.,-1.,0.));
#2293=DIRECTION('ref_axis',(-1.,0.,0.));
#2294=DIRECTION('',(1.,0.,0.));
#2295=DIRECTION('',(-1.,0.,0.));
#2296=DIRECTION('',(0.,0.,-1.));
#2297=DIRECTION('center_axis',(1.,0.,0.));
#2298=DIRECTION('ref_axis',(0.,-1.,0.));
#2299=DIRECTION('',(0.,1.,0.));
#2300=DIRECTION('',(0.,-1.,0.));
#2301=DIRECTION('center_axis',(0.,0.,-1.));
#2302=DIRECTION('ref_axis',(-1.,0.,0.));
#2303=DIRECTION('center_axis',(0.,-1.,0.));
#2304=DIRECTION('ref_axis',(-1.,0.,0.));
#2305=DIRECTION('',(1.,0.,0.));
#2306=DIRECTION('',(0.,0.,-1.));
#2307=DIRECTION('',(-1.,0.,0.));
#2308=DIRECTION('',(0.,0.,-1.));
#2309=DIRECTION('center_axis',(1.,-1.11022302462516E-15,0.));
#2310=DIRECTION('ref_axis',(-1.11022302462516E-15,-1.,0.));
#2311=DIRECTION('',(1.11022302462516E-15,1.,0.));
#2312=DIRECTION('',(-1.11022302462516E-15,-1.,0.));
#2313=DIRECTION('',(0.,0.,-1.));
#2314=DIRECTION('center_axis',(0.,1.,0.));
#2315=DIRECTION('ref_axis',(1.,0.,0.));
#2316=DIRECTION('',(-1.,0.,0.));
#2317=DIRECTION('',(1.,0.,0.));
#2318=DIRECTION('',(0.,0.,-1.));
#2319=DIRECTION('center_axis',(-1.,0.,0.));
#2320=DIRECTION('ref_axis',(0.,1.,0.));
#2321=DIRECTION('',(0.,-1.,0.));
#2322=DIRECTION('',(0.,1.,0.));
#2323=DIRECTION('center_axis',(0.,0.,-1.));
#2324=DIRECTION('ref_axis',(-1.,0.,0.));
#2325=DIRECTION('center_axis',(0.,-1.,0.));
#2326=DIRECTION('ref_axis',(1.,0.,0.));
#2327=DIRECTION('',(0.,0.,1.));
#2328=DIRECTION('',(-1.,0.,0.));
#2329=DIRECTION('',(0.,0.,1.));
#2330=DIRECTION('',(-1.,0.,0.));
#2331=DIRECTION('center_axis',(-1.,0.,0.));
#2332=DIRECTION('ref_axis',(0.,-1.,0.));
#2333=DIRECTION('',(0.,1.,0.));
#2334=DIRECTION('',(0.,0.,1.));
#2335=DIRECTION('',(0.,1.,0.));
#2336=DIRECTION('center_axis',(1.,0.,0.));
#2337=DIRECTION('ref_axis',(0.,1.,0.));
#2338=DIRECTION('',(0.,-1.,0.));
#2339=DIRECTION('',(0.,0.,1.));
#2340=DIRECTION('',(0.,-1.,0.));
#2341=DIRECTION('center_axis',(0.,1.,0.));
#2342=DIRECTION('ref_axis',(-1.,0.,0.));
#2343=DIRECTION('',(1.,0.,0.));
#2344=DIRECTION('',(1.,0.,0.));
#2345=DIRECTION('center_axis',(0.,0.,1.));
#2346=DIRECTION('ref_axis',(-1.,0.,0.));
#2347=DIRECTION('',(0.,1.,0.));
#2348=DIRECTION('center_axis',(0.,0.,1.));
#2349=DIRECTION('ref_axis',(3.55271367880049E-15,-1.,0.));
#2350=DIRECTION('',(1.,-2.15577286334982E-17,0.));
#2351=DIRECTION('center_axis',(0.,0.,1.));
#2352=DIRECTION('ref_axis',(-1.,-8.88178419700125E-16,0.));
#2353=DIRECTION('',(1.12143739861127E-16,-1.,0.));
#2354=DIRECTION('center_axis',(0.,0.,1.));
#2355=DIRECTION('ref_axis',(-2.2204460492503E-15,1.,0.));
#2356=DIRECTION('',(-1.,3.44923658135971E-16,0.));
#2357=DIRECTION('center_axis',(0.,0.,1.));
#2358=DIRECTION('ref_axis',(1.,7.10542735760098E-15,0.));
#2359=DIRECTION('',(0.739940073395944,-0.672672793996312,0.));
#2360=DIRECTION('center_axis',(0.,0.,1.));
#2361=DIRECTION('ref_axis',(-0.672672793996309,-0.739940073395947,0.));
#2362=DIRECTION('',(0.672672793996308,0.739940073395948,0.));
#2363=DIRECTION('center_axis',(0.,0.,1.));
#2364=DIRECTION('ref_axis',(0.739940073395943,-0.672672793996313,0.));
#2365=DIRECTION('',(-0.739940073395944,0.672672793996312,0.));
#2366=DIRECTION('center_axis',(0.,0.,1.));
#2367=DIRECTION('ref_axis',(0.672672793996306,0.739940073395949,0.));
#2368=DIRECTION('',(-0.685028788926574,-0.728515997313574,0.));
#2369=DIRECTION('center_axis',(0.,0.,1.));
#2370=DIRECTION('ref_axis',(-0.728515997313577,0.68502878892657,0.));
#2371=DIRECTION('',(-0.739940073395944,0.672672793996312,0.));
#2372=DIRECTION('center_axis',(0.,0.,1.));
#2373=DIRECTION('ref_axis',(0.672672793996306,0.739940073395949,0.));
#2374=DIRECTION('',(-0.685028788926574,-0.728515997313574,0.));
#2375=DIRECTION('center_axis',(0.,0.,1.));
#2376=DIRECTION('ref_axis',(-0.728515997313576,0.685028788926572,0.));
#2377=DIRECTION('',(0.739940073395944,-0.672672793996312,0.));
#2378=DIRECTION('center_axis',(0.,0.,1.));
#2379=DIRECTION('ref_axis',(-0.672672793996313,-0.739940073395943,0.));
#2380=DIRECTION('',(0.672672793996308,0.739940073395948,0.));
#2381=DIRECTION('center_axis',(0.,0.,1.));
#2382=DIRECTION('ref_axis',(0.739940073395943,-0.672672793996313,0.));
#2383=DIRECTION('',(0.672672793996313,0.739940073395944,0.));
#2384=DIRECTION('center_axis',(0.,0.,1.));
#2385=DIRECTION('ref_axis',(0.739940073395943,-0.672672793996313,0.));
#2386=DIRECTION('',(-0.739940073395944,0.672672793996312,0.));
#2387=DIRECTION('center_axis',(0.,0.,1.));
#2388=DIRECTION('ref_axis',(0.672672793996306,0.739940073395949,0.));
#2389=DIRECTION('',(-0.685028788926574,-0.728515997313574,0.));
#2390=DIRECTION('center_axis',(0.,0.,1.));
#2391=DIRECTION('ref_axis',(-0.728515997313576,0.685028788926572,0.));
#2392=DIRECTION('',(0.739940073395944,-0.672672793996312,0.));
#2393=DIRECTION('center_axis',(0.,0.,1.));
#2394=DIRECTION('ref_axis',(-0.672672793996317,-0.73994007339594,0.));
#2395=DIRECTION('',(0.672672793996313,0.739940073395944,0.));
#2396=DIRECTION('center_axis',(0.,0.,1.));
#2397=DIRECTION('ref_axis',(0.739940073395943,-0.672672793996313,0.));
#2398=DIRECTION('',(-0.739940073395944,0.672672793996312,0.));
#2399=DIRECTION('center_axis',(0.,0.,1.));
#2400=DIRECTION('ref_axis',(0.672672793996306,0.739940073395949,0.));
#2401=DIRECTION('',(-0.685028788926574,-0.728515997313574,0.));
#2402=DIRECTION('center_axis',(0.,0.,1.));
#2403=DIRECTION('ref_axis',(-0.728515997313576,0.685028788926572,0.));
#2404=DIRECTION('',(0.739940073395944,-0.672672793996312,0.));
#2405=DIRECTION('center_axis',(0.,0.,1.));
#2406=DIRECTION('ref_axis',(-0.672672793996317,-0.73994007339594,0.));
#2407=DIRECTION('',(0.672672793996313,0.739940073395944,0.));
#2408=DIRECTION('center_axis',(0.,0.,1.));
#2409=DIRECTION('ref_axis',(0.739940073395943,-0.672672793996313,0.));
#2410=DIRECTION('',(-0.739940073395944,0.672672793996312,0.));
#2411=DIRECTION('center_axis',(0.,0.,1.));
#2412=DIRECTION('ref_axis',(0.672672793996306,0.739940073395949,0.));
#2413=DIRECTION('',(-0.685028788926574,-0.728515997313574,0.));
#2414=DIRECTION('center_axis',(0.,0.,1.));
#2415=DIRECTION('ref_axis',(-0.728515997313576,0.685028788926572,0.));
#2416=DIRECTION('',(0.739940073395944,-0.672672793996312,0.));
#2417=DIRECTION('center_axis',(0.,0.,1.));
#2418=DIRECTION('ref_axis',(-0.672672793996317,-0.73994007339594,0.));
#2419=DIRECTION('',(0.672672793996313,0.739940073395944,0.));
#2420=DIRECTION('center_axis',(0.,0.,1.));
#2421=DIRECTION('ref_axis',(0.739940073395943,-0.672672793996313,0.));
#2422=DIRECTION('',(-0.739940073395944,0.672672793996312,0.));
#2423=DIRECTION('center_axis',(0.,0.,1.));
#2424=DIRECTION('ref_axis',(0.672672793996306,0.739940073395949,0.));
#2425=DIRECTION('',(-0.685028788926574,-0.728515997313574,0.));
#2426=DIRECTION('center_axis',(0.,0.,1.));
#2427=DIRECTION('ref_axis',(-0.728515997313576,0.685028788926572,0.));
#2428=DIRECTION('',(0.739940073395944,-0.672672793996312,0.));
#2429=DIRECTION('center_axis',(0.,0.,1.));
#2430=DIRECTION('ref_axis',(-0.672672793996317,-0.73994007339594,0.));
#2431=DIRECTION('center_axis',(-0.672672793996312,-0.739940073395944,0.));
#2432=DIRECTION('ref_axis',(-0.739940073395944,0.672672793996312,0.));
#2433=DIRECTION('',(-0.739940073395944,0.672672793996312,0.));
#2434=DIRECTION('',(0.,0.,-1.));
#2435=DIRECTION('',(0.,0.,-1.));
#2436=DIRECTION('center_axis',(1.,0.,0.));
#2437=DIRECTION('ref_axis',(0.,1.,0.));
#2438=DIRECTION('',(0.,0.,1.));
#2439=DIRECTION('',(0.,1.,0.));
#2440=DIRECTION('',(0.,0.,1.));
#2441=DIRECTION('center_axis',(-0.728515997313574,0.685028788926574,0.));
#2442=DIRECTION('ref_axis',(0.685028788926574,0.728515997313574,0.));
#2443=DIRECTION('',(0.,0.,-1.));
#2444=DIRECTION('',(0.685028788926574,0.728515997313574,0.));
#2445=DIRECTION('',(0.,0.,-1.));
#2446=DIRECTION('center_axis',(0.,0.,-1.));
#2447=DIRECTION('ref_axis',(-0.728515997313576,0.685028788926572,0.));
#2448=DIRECTION('center_axis',(0.,0.,-1.));
#2449=DIRECTION('ref_axis',(-0.728515997313576,0.685028788926572,0.));
#2450=DIRECTION('',(0.,0.,-1.));
#2451=DIRECTION('center_axis',(-0.672672793996312,-0.739940073395944,0.));
#2452=DIRECTION('ref_axis',(-0.739940073395944,0.672672793996312,0.));
#2453=DIRECTION('',(-0.739940073395944,0.672672793996312,0.));
#2454=DIRECTION('',(0.,0.,-1.));
#2455=DIRECTION('center_axis',(0.,0.,-1.));
#2456=DIRECTION('ref_axis',(-0.672672793996317,-0.73994007339594,0.));
#2457=DIRECTION('center_axis',(0.,0.,-1.));
#2458=DIRECTION('ref_axis',(-0.672672793996317,-0.73994007339594,0.));
#2459=DIRECTION('',(0.,0.,-1.));
#2460=DIRECTION('center_axis',(0.739940073395944,-0.672672793996313,0.));
#2461=DIRECTION('ref_axis',(-0.672672793996313,-0.739940073395944,0.));
#2462=DIRECTION('',(-0.672672793996313,-0.739940073395944,0.));
#2463=DIRECTION('',(0.,0.,-1.));
#2464=DIRECTION('center_axis',(0.,0.,-1.));
#2465=DIRECTION('ref_axis',(0.739940073395943,-0.672672793996313,0.));
#2466=DIRECTION('center_axis',(0.,0.,-1.));
#2467=DIRECTION('ref_axis',(0.739940073395943,-0.672672793996313,0.));
#2468=DIRECTION('',(0.,0.,-1.));
#2469=DIRECTION('center_axis',(0.672672793996312,0.739940073395944,0.));
#2470=DIRECTION('ref_axis',(0.739940073395944,-0.672672793996312,0.));
#2471=DIRECTION('',(0.739940073395944,-0.672672793996312,0.));
#2472=DIRECTION('',(0.,0.,-1.));
#2473=DIRECTION('center_axis',(0.,0.,-1.));
#2474=DIRECTION('ref_axis',(0.672672793996306,0.739940073395949,0.));
#2475=DIRECTION('center_axis',(0.,0.,-1.));
#2476=DIRECTION('ref_axis',(0.672672793996306,0.739940073395949,0.));
#2477=DIRECTION('center_axis',(-0.728515997313574,0.685028788926574,0.));
#2478=DIRECTION('ref_axis',(0.685028788926574,0.728515997313574,0.));
#2479=DIRECTION('',(0.,0.,-1.));
#2480=DIRECTION('',(0.685028788926574,0.728515997313574,0.));
#2481=DIRECTION('',(0.,0.,-1.));
#2482=DIRECTION('center_axis',(0.,0.,-1.));
#2483=DIRECTION('ref_axis',(-0.728515997313576,0.685028788926572,0.));
#2484=DIRECTION('center_axis',(0.,0.,-1.));
#2485=DIRECTION('ref_axis',(-0.728515997313576,0.685028788926572,0.));
#2486=DIRECTION('',(0.,0.,-1.));
#2487=DIRECTION('center_axis',(-0.672672793996312,-0.739940073395944,0.));
#2488=DIRECTION('ref_axis',(-0.739940073395944,0.672672793996312,0.));
#2489=DIRECTION('',(-0.739940073395944,0.672672793996312,0.));
#2490=DIRECTION('',(0.,0.,-1.));
#2491=DIRECTION('center_axis',(0.,0.,-1.));
#2492=DIRECTION('ref_axis',(-0.672672793996317,-0.73994007339594,0.));
#2493=DIRECTION('center_axis',(0.,0.,-1.));
#2494=DIRECTION('ref_axis',(-0.672672793996317,-0.73994007339594,0.));
#2495=DIRECTION('',(0.,0.,-1.));
#2496=DIRECTION('center_axis',(0.739940073395944,-0.672672793996313,0.));
#2497=DIRECTION('ref_axis',(-0.672672793996313,-0.739940073395944,0.));
#2498=DIRECTION('',(-0.672672793996313,-0.739940073395944,0.));
#2499=DIRECTION('',(0.,0.,-1.));
#2500=DIRECTION('center_axis',(0.,0.,-1.));
#2501=DIRECTION('ref_axis',(0.739940073395943,-0.672672793996313,0.));
#2502=DIRECTION('center_axis',(0.,0.,-1.));
#2503=DIRECTION('ref_axis',(0.739940073395943,-0.672672793996313,0.));
#2504=DIRECTION('',(0.,0.,-1.));
#2505=DIRECTION('center_axis',(0.672672793996312,0.739940073395944,0.));
#2506=DIRECTION('ref_axis',(0.739940073395944,-0.672672793996312,0.));
#2507=DIRECTION('',(0.739940073395944,-0.672672793996312,0.));
#2508=DIRECTION('',(0.,0.,-1.));
#2509=DIRECTION('center_axis',(0.,0.,-1.));
#2510=DIRECTION('ref_axis',(0.672672793996306,0.739940073395949,0.));
#2511=DIRECTION('center_axis',(0.,0.,-1.));
#2512=DIRECTION('ref_axis',(0.672672793996306,0.739940073395949,0.));
#2513=DIRECTION('center_axis',(-0.728515997313574,0.685028788926574,0.));
#2514=DIRECTION('ref_axis',(0.685028788926574,0.728515997313574,0.));
#2515=DIRECTION('',(0.,0.,-1.));
#2516=DIRECTION('',(0.685028788926574,0.728515997313574,0.));
#2517=DIRECTION('',(0.,0.,-1.));
#2518=DIRECTION('center_axis',(0.,0.,-1.));
#2519=DIRECTION('ref_axis',(-0.728515997313576,0.685028788926572,0.));
#2520=DIRECTION('center_axis',(0.,0.,-1.));
#2521=DIRECTION('ref_axis',(-0.728515997313576,0.685028788926572,0.));
#2522=DIRECTION('',(0.,0.,-1.));
#2523=DIRECTION('center_axis',(-0.672672793996312,-0.739940073395944,0.));
#2524=DIRECTION('ref_axis',(-0.739940073395944,0.672672793996312,0.));
#2525=DIRECTION('',(-0.739940073395944,0.672672793996312,0.));
#2526=DIRECTION('',(0.,0.,-1.));
#2527=DIRECTION('center_axis',(0.,0.,-1.));
#2528=DIRECTION('ref_axis',(-0.672672793996317,-0.73994007339594,0.));
#2529=DIRECTION('center_axis',(0.,0.,-1.));
#2530=DIRECTION('ref_axis',(-0.672672793996317,-0.73994007339594,0.));
#2531=DIRECTION('',(0.,0.,-1.));
#2532=DIRECTION('center_axis',(0.739940073395944,-0.672672793996313,0.));
#2533=DIRECTION('ref_axis',(-0.672672793996313,-0.739940073395944,0.));
#2534=DIRECTION('',(-0.672672793996313,-0.739940073395944,0.));
#2535=DIRECTION('',(0.,0.,-1.));
#2536=DIRECTION('center_axis',(0.,0.,-1.));
#2537=DIRECTION('ref_axis',(0.739940073395943,-0.672672793996313,0.));
#2538=DIRECTION('center_axis',(0.,0.,-1.));
#2539=DIRECTION('ref_axis',(0.739940073395943,-0.672672793996313,0.));
#2540=DIRECTION('',(0.,0.,-1.));
#2541=DIRECTION('center_axis',(0.672672793996312,0.739940073395944,0.));
#2542=DIRECTION('ref_axis',(0.739940073395944,-0.672672793996312,0.));
#2543=DIRECTION('',(0.739940073395944,-0.672672793996312,0.));
#2544=DIRECTION('',(0.,0.,-1.));
#2545=DIRECTION('center_axis',(0.,0.,-1.));
#2546=DIRECTION('ref_axis',(0.672672793996306,0.739940073395949,0.));
#2547=DIRECTION('center_axis',(0.,0.,-1.));
#2548=DIRECTION('ref_axis',(0.672672793996306,0.739940073395949,0.));
#2549=DIRECTION('center_axis',(-0.728515997313574,0.685028788926574,0.));
#2550=DIRECTION('ref_axis',(0.685028788926574,0.728515997313574,0.));
#2551=DIRECTION('',(0.,0.,-1.));
#2552=DIRECTION('',(0.685028788926574,0.728515997313574,0.));
#2553=DIRECTION('',(0.,0.,-1.));
#2554=DIRECTION('center_axis',(0.,0.,-1.));
#2555=DIRECTION('ref_axis',(-0.728515997313577,0.68502878892657,0.));
#2556=DIRECTION('center_axis',(0.,0.,-1.));
#2557=DIRECTION('ref_axis',(-0.728515997313577,0.68502878892657,0.));
#2558=DIRECTION('center_axis',(0.,0.,-1.));
#2559=DIRECTION('ref_axis',(-0.672672793996309,-0.739940073395947,0.));
#2560=DIRECTION('center_axis',(0.,0.,-1.));
#2561=DIRECTION('ref_axis',(-0.672672793996309,-0.739940073395947,0.));
#2562=DIRECTION('',(0.,0.,-1.));
#2563=DIRECTION('center_axis',(0.739940073395948,-0.672672793996308,0.));
#2564=DIRECTION('ref_axis',(-0.672672793996308,-0.739940073395948,0.));
#2565=DIRECTION('',(-0.672672793996308,-0.739940073395948,0.));
#2566=DIRECTION('',(0.,0.,-1.));
#2567=DIRECTION('center_axis',(0.,0.,-1.));
#2568=DIRECTION('ref_axis',(0.739940073395943,-0.672672793996313,0.));
#2569=DIRECTION('center_axis',(0.,0.,-1.));
#2570=DIRECTION('ref_axis',(0.739940073395943,-0.672672793996313,0.));
#2571=DIRECTION('',(0.,0.,-1.));
#2572=DIRECTION('center_axis',(0.672672793996312,0.739940073395944,0.));
#2573=DIRECTION('ref_axis',(0.739940073395944,-0.672672793996312,0.));
#2574=DIRECTION('',(0.739940073395944,-0.672672793996312,0.));
#2575=DIRECTION('',(0.,0.,-1.));
#2576=DIRECTION('center_axis',(0.,0.,-1.));
#2577=DIRECTION('ref_axis',(0.672672793996306,0.739940073395949,0.));
#2578=DIRECTION('center_axis',(0.,0.,-1.));
#2579=DIRECTION('ref_axis',(0.672672793996306,0.739940073395949,0.));
#2580=DIRECTION('center_axis',(-0.728515997313574,0.685028788926574,0.));
#2581=DIRECTION('ref_axis',(0.685028788926574,0.728515997313574,0.));
#2582=DIRECTION('',(0.,0.,-1.));
#2583=DIRECTION('',(0.685028788926574,0.728515997313574,0.));
#2584=DIRECTION('',(0.,0.,-1.));
#2585=DIRECTION('center_axis',(0.,0.,-1.));
#2586=DIRECTION('ref_axis',(-0.728515997313576,0.685028788926572,0.));
#2587=DIRECTION('center_axis',(0.,0.,-1.));
#2588=DIRECTION('ref_axis',(-0.728515997313576,0.685028788926572,0.));
#2589=DIRECTION('',(0.,0.,-1.));
#2590=DIRECTION('center_axis',(-0.672672793996312,-0.739940073395944,0.));
#2591=DIRECTION('ref_axis',(-0.739940073395944,0.672672793996312,0.));
#2592=DIRECTION('',(-0.739940073395944,0.672672793996312,0.));
#2593=DIRECTION('',(0.,0.,-1.));
#2594=DIRECTION('center_axis',(0.,0.,-1.));
#2595=DIRECTION('ref_axis',(-0.672672793996313,-0.739940073395943,0.));
#2596=DIRECTION('center_axis',(0.,0.,-1.));
#2597=DIRECTION('ref_axis',(-0.672672793996313,-0.739940073395943,0.));
#2598=DIRECTION('',(0.,0.,-1.));
#2599=DIRECTION('center_axis',(0.739940073395948,-0.672672793996308,0.));
#2600=DIRECTION('ref_axis',(-0.672672793996308,-0.739940073395948,0.));
#2601=DIRECTION('',(-0.672672793996308,-0.739940073395948,0.));
#2602=DIRECTION('',(0.,0.,-1.));
#2603=DIRECTION('center_axis',(0.,0.,-1.));
#2604=DIRECTION('ref_axis',(0.739940073395943,-0.672672793996313,0.));
#2605=DIRECTION('center_axis',(0.,0.,-1.));
#2606=DIRECTION('ref_axis',(0.739940073395943,-0.672672793996313,0.));
#2607=DIRECTION('',(0.,0.,-1.));
#2608=DIRECTION('center_axis',(0.672672793996312,0.739940073395944,0.));
#2609=DIRECTION('ref_axis',(0.739940073395944,-0.672672793996312,0.));
#2610=DIRECTION('',(0.739940073395944,-0.672672793996312,0.));
#2611=DIRECTION('',(0.,0.,-1.));
#2612=DIRECTION('center_axis',(0.,0.,-1.));
#2613=DIRECTION('ref_axis',(0.672672793996306,0.739940073395949,0.));
#2614=DIRECTION('center_axis',(0.,0.,-1.));
#2615=DIRECTION('ref_axis',(0.672672793996306,0.739940073395949,0.));
#2616=DIRECTION('center_axis',(-0.728515997313574,0.685028788926574,0.));
#2617=DIRECTION('ref_axis',(0.685028788926574,0.728515997313574,0.));
#2618=DIRECTION('',(0.,0.,-1.));
#2619=DIRECTION('',(0.685028788926574,0.728515997313574,0.));
#2620=DIRECTION('',(0.,0.,-1.));
#2621=DIRECTION('center_axis',(0.,0.,-1.));
#2622=DIRECTION('ref_axis',(-0.728515997313576,0.685028788926572,0.));
#2623=DIRECTION('center_axis',(0.,0.,-1.));
#2624=DIRECTION('ref_axis',(-0.728515997313576,0.685028788926572,0.));
#2625=DIRECTION('',(0.,0.,-1.));
#2626=DIRECTION('center_axis',(-0.672672793996312,-0.739940073395944,0.));
#2627=DIRECTION('ref_axis',(-0.739940073395944,0.672672793996312,0.));
#2628=DIRECTION('',(-0.739940073395944,0.672672793996312,0.));
#2629=DIRECTION('',(0.,0.,-1.));
#2630=DIRECTION('center_axis',(0.,0.,-1.));
#2631=DIRECTION('ref_axis',(-0.672672793996317,-0.73994007339594,0.));
#2632=DIRECTION('center_axis',(0.,0.,-1.));
#2633=DIRECTION('ref_axis',(-0.672672793996317,-0.73994007339594,0.));
#2634=DIRECTION('',(0.,0.,-1.));
#2635=DIRECTION('center_axis',(0.739940073395944,-0.672672793996313,0.));
#2636=DIRECTION('ref_axis',(-0.672672793996313,-0.739940073395944,0.));
#2637=DIRECTION('',(-0.672672793996313,-0.739940073395944,0.));
#2638=DIRECTION('',(0.,0.,-1.));
#2639=DIRECTION('center_axis',(0.,0.,-1.));
#2640=DIRECTION('ref_axis',(0.739940073395943,-0.672672793996313,0.));
#2641=DIRECTION('center_axis',(0.,0.,-1.));
#2642=DIRECTION('ref_axis',(0.739940073395943,-0.672672793996313,0.));
#2643=DIRECTION('',(0.,0.,-1.));
#2644=DIRECTION('center_axis',(0.672672793996312,0.739940073395944,0.));
#2645=DIRECTION('ref_axis',(0.739940073395944,-0.672672793996312,0.));
#2646=DIRECTION('',(0.739940073395944,-0.672672793996312,0.));
#2647=DIRECTION('',(0.,0.,-1.));
#2648=DIRECTION('center_axis',(0.,0.,-1.));
#2649=DIRECTION('ref_axis',(0.672672793996306,0.739940073395949,0.));
#2650=DIRECTION('center_axis',(0.,0.,-1.));
#2651=DIRECTION('ref_axis',(0.672672793996306,0.739940073395949,0.));
#2652=DIRECTION('center_axis',(0.,0.,1.));
#2653=DIRECTION('ref_axis',(3.55271367880049E-15,-1.,0.));
#2654=DIRECTION('center_axis',(0.,0.,1.));
#2655=DIRECTION('ref_axis',(3.55271367880049E-15,-1.,0.));
#2656=DIRECTION('',(0.,0.,1.));
#2657=DIRECTION('center_axis',(-2.15577286334982E-17,-1.,0.));
#2658=DIRECTION('ref_axis',(1.,-2.15577286334982E-17,0.));
#2659=DIRECTION('',(1.,-2.15577286334982E-17,0.));
#2660=DIRECTION('',(0.,0.,1.));
#2661=DIRECTION('center_axis',(0.,0.,1.));
#2662=DIRECTION('ref_axis',(-1.,-8.88178419700125E-16,0.));
#2663=DIRECTION('center_axis',(0.,0.,1.));
#2664=DIRECTION('ref_axis',(-1.,-8.88178419700125E-16,0.));
#2665=DIRECTION('',(0.,0.,1.));
#2666=DIRECTION('center_axis',(-1.,-1.12143739861127E-16,0.));
#2667=DIRECTION('ref_axis',(1.12143739861127E-16,-1.,0.));
#2668=DIRECTION('',(1.12143739861127E-16,-1.,0.));
#2669=DIRECTION('',(0.,0.,1.));
#2670=DIRECTION('center_axis',(0.,0.,1.));
#2671=DIRECTION('ref_axis',(-2.2204460492503E-15,1.,0.));
#2672=DIRECTION('center_axis',(0.,0.,1.));
#2673=DIRECTION('ref_axis',(-2.2204460492503E-15,1.,0.));
#2674=DIRECTION('',(0.,0.,1.));
#2675=DIRECTION('center_axis',(3.44923658135971E-16,1.,0.));
#2676=DIRECTION('ref_axis',(-1.,3.44923658135971E-16,0.));
#2677=DIRECTION('',(-1.,3.44923658135971E-16,0.));
#2678=DIRECTION('',(0.,0.,1.));
#2679=DIRECTION('center_axis',(0.,0.,1.));
#2680=DIRECTION('ref_axis',(1.,7.10542735760098E-15,0.));
#2681=DIRECTION('center_axis',(0.,0.,1.));
#2682=DIRECTION('ref_axis',(1.,7.10542735760098E-15,0.));
#2683=DIRECTION('center_axis',(0.,0.,1.));
#2684=DIRECTION('ref_axis',(-1.,0.,0.));
#2685=CARTESIAN_POINT('',(0.,0.,0.));
#2686=CARTESIAN_POINT('Origin',(92.,4.00000000000002,30.));
#2687=CARTESIAN_POINT('',(92.,2.00000000000003,30.));
#2688=CARTESIAN_POINT('',(92.,4.00000000000002,30.));
#2689=CARTESIAN_POINT('',(92.,54.,30.));
#2690=CARTESIAN_POINT('',(92.,2.00000000000003,28.));
#2691=CARTESIAN_POINT('',(92.,2.00000000000003,30.));
#2692=CARTESIAN_POINT('',(92.,4.00000000000002,28.));
#2693=CARTESIAN_POINT('',(92.,2.00000000000003,28.));
#2694=CARTESIAN_POINT('',(92.,4.00000000000002,30.));
#2695=CARTESIAN_POINT('Origin',(80.,4.00000000000002,30.));
#2696=CARTESIAN_POINT('',(80.,4.00000000000002,30.));
#2697=CARTESIAN_POINT('',(60.75,4.00000000000002,30.));
#2698=CARTESIAN_POINT('',(80.,4.00000000000002,28.));
#2699=CARTESIAN_POINT('',(92.,4.00000000000002,28.));
#2700=CARTESIAN_POINT('',(80.,4.00000000000002,30.));
#2701=CARTESIAN_POINT('Origin',(80.,2.00000000000003,30.));
#2702=CARTESIAN_POINT('',(80.,2.00000000000003,30.));
#2703=CARTESIAN_POINT('',(80.,53.,30.));
#2704=CARTESIAN_POINT('',(80.,2.00000000000003,28.));
#2705=CARTESIAN_POINT('',(80.,4.00000000000002,28.));
#2706=CARTESIAN_POINT('',(80.,2.00000000000003,30.));
#2707=CARTESIAN_POINT('Origin',(92.,2.00000000000003,30.));
#2708=CARTESIAN_POINT('',(66.75,2.00000000000003,30.));
#2709=CARTESIAN_POINT('',(80.,2.00000000000003,28.));
#2710=CARTESIAN_POINT('Origin',(86.,3.00000000000002,28.));
#2711=CARTESIAN_POINT('Origin',(-11.,190.,30.));
#2712=CARTESIAN_POINT('',(-13.,190.,30.));
#2713=CARTESIAN_POINT('',(-11.,190.,30.));
#2714=CARTESIAN_POINT('',(15.25,190.,30.));
#2715=CARTESIAN_POINT('',(-13.,190.,28.));
#2716=CARTESIAN_POINT('',(-13.,190.,30.));
#2717=CARTESIAN_POINT('',(-11.,190.,28.));
#2718=CARTESIAN_POINT('',(-11.,190.,28.));
#2719=CARTESIAN_POINT('',(-11.,190.,30.));
#2720=CARTESIAN_POINT('Origin',(-11.,202.,30.));
#2721=CARTESIAN_POINT('',(-11.,202.,30.));
#2722=CARTESIAN_POINT('',(-11.,153.,30.));
#2723=CARTESIAN_POINT('',(-11.,202.,28.));
#2724=CARTESIAN_POINT('',(-11.,202.,28.));
#2725=CARTESIAN_POINT('',(-11.,202.,30.));
#2726=CARTESIAN_POINT('Origin',(-13.,202.,30.));
#2727=CARTESIAN_POINT('',(-13.,202.,30.));
#2728=CARTESIAN_POINT('',(14.25,202.,30.));
#2729=CARTESIAN_POINT('',(-13.,202.,28.));
#2730=CARTESIAN_POINT('',(-13.,202.,28.));
#2731=CARTESIAN_POINT('',(-13.,202.,30.));
#2732=CARTESIAN_POINT('Origin',(-13.,190.,30.));
#2733=CARTESIAN_POINT('',(-13.,147.,30.));
#2734=CARTESIAN_POINT('',(-13.,190.,28.));
#2735=CARTESIAN_POINT('Origin',(-12.,196.,28.));
#2736=CARTESIAN_POINT('Origin',(92.,204.,30.));
#2737=CARTESIAN_POINT('',(80.,204.,30.));
#2738=CARTESIAN_POINT('',(92.,204.,30.));
#2739=CARTESIAN_POINT('',(66.75,204.,30.));
#2740=CARTESIAN_POINT('',(80.,204.,28.));
#2741=CARTESIAN_POINT('',(80.,204.,30.));
#2742=CARTESIAN_POINT('',(92.,204.,28.));
#2743=CARTESIAN_POINT('',(92.,204.,28.));
#2744=CARTESIAN_POINT('',(92.,204.,30.));
#2745=CARTESIAN_POINT('Origin',(92.,206.,30.));
#2746=CARTESIAN_POINT('',(92.,206.,30.));
#2747=CARTESIAN_POINT('',(92.,155.,30.));
#2748=CARTESIAN_POINT('',(92.,206.,28.));
#2749=CARTESIAN_POINT('',(92.,206.,28.));
#2750=CARTESIAN_POINT('',(92.,206.,30.));
#2751=CARTESIAN_POINT('Origin',(80.,206.,30.));
#2752=CARTESIAN_POINT('',(80.,206.,30.));
#2753=CARTESIAN_POINT('',(60.75,206.,30.));
#2754=CARTESIAN_POINT('',(80.,206.,28.));
#2755=CARTESIAN_POINT('',(80.,206.,28.));
#2756=CARTESIAN_POINT('',(80.,206.,30.));
#2757=CARTESIAN_POINT('Origin',(80.,204.,30.));
#2758=CARTESIAN_POINT('',(80.,154.,30.));
#2759=CARTESIAN_POINT('',(80.,204.,28.));
#2760=CARTESIAN_POINT('Origin',(86.,205.,28.));
#2761=CARTESIAN_POINT('Origin',(-13.,6.00000000000001,30.));
#2762=CARTESIAN_POINT('',(-13.,18.,30.));
#2763=CARTESIAN_POINT('',(-13.,6.00000000000001,30.));
#2764=CARTESIAN_POINT('',(-13.,55.,30.));
#2765=CARTESIAN_POINT('',(-13.,18.,28.));
#2766=CARTESIAN_POINT('',(-13.,18.,30.));
#2767=CARTESIAN_POINT('',(-13.,6.00000000000001,28.));
#2768=CARTESIAN_POINT('',(-13.,18.,28.));
#2769=CARTESIAN_POINT('',(-13.,6.00000000000001,30.));
#2770=CARTESIAN_POINT('Origin',(-11.,6.00000000000001,30.));
#2771=CARTESIAN_POINT('',(-11.,6.00000000000001,30.));
#2772=CARTESIAN_POINT('',(15.25,6.00000000000001,30.));
#2773=CARTESIAN_POINT('',(-11.,6.00000000000001,28.));
#2774=CARTESIAN_POINT('',(-13.,6.00000000000001,28.));
#2775=CARTESIAN_POINT('',(-11.,6.00000000000001,30.));
#2776=CARTESIAN_POINT('Origin',(-11.,18.,30.));
#2777=CARTESIAN_POINT('',(-11.,18.,30.));
#2778=CARTESIAN_POINT('',(-11.,61.,30.));
#2779=CARTESIAN_POINT('',(-11.,18.,28.));
#2780=CARTESIAN_POINT('',(-11.,6.00000000000001,28.));
#2781=CARTESIAN_POINT('',(-11.,18.,30.));
#2782=CARTESIAN_POINT('Origin',(-13.,18.,30.));
#2783=CARTESIAN_POINT('',(14.25,18.,30.));
#2784=CARTESIAN_POINT('',(-11.,18.,28.));
#2785=CARTESIAN_POINT('Origin',(-12.,12.,28.));
#2786=CARTESIAN_POINT('Origin',(96.,18.,30.));
#2787=CARTESIAN_POINT('',(96.,6.00000000000001,30.));
#2788=CARTESIAN_POINT('',(96.,18.,30.));
#2789=CARTESIAN_POINT('',(96.,61.,30.));
#2790=CARTESIAN_POINT('',(96.,6.00000000000001,28.));
#2791=CARTESIAN_POINT('',(96.,6.00000000000001,30.));
#2792=CARTESIAN_POINT('',(96.,18.,28.));
#2793=CARTESIAN_POINT('',(96.,18.,28.));
#2794=CARTESIAN_POINT('',(96.,18.,30.));
#2795=CARTESIAN_POINT('Origin',(94.,18.,30.));
#2796=CARTESIAN_POINT('',(94.,18.,30.));
#2797=CARTESIAN_POINT('',(67.75,18.,30.));
#2798=CARTESIAN_POINT('',(94.,18.,28.));
#2799=CARTESIAN_POINT('',(94.,18.,28.));
#2800=CARTESIAN_POINT('',(94.,18.,30.));
#2801=CARTESIAN_POINT('Origin',(94.,6.00000000000001,30.));
#2802=CARTESIAN_POINT('',(94.,6.00000000000001,30.));
#2803=CARTESIAN_POINT('',(94.,55.,30.));
#2804=CARTESIAN_POINT('',(94.,6.00000000000001,28.));
#2805=CARTESIAN_POINT('',(94.,6.00000000000001,28.));
#2806=CARTESIAN_POINT('',(94.,6.00000000000001,30.));
#2807=CARTESIAN_POINT('Origin',(96.,6.00000000000001,30.));
#2808=CARTESIAN_POINT('',(68.75,6.00000000000001,30.));
#2809=CARTESIAN_POINT('',(96.,6.00000000000001,28.));
#2810=CARTESIAN_POINT('Origin',(95.,12.,28.));
#2811=CARTESIAN_POINT('Origin',(2.99999999999998,206.,30.));
#2812=CARTESIAN_POINT('',(2.99999999999998,204.,30.));
#2813=CARTESIAN_POINT('',(2.99999999999998,206.,30.));
#2814=CARTESIAN_POINT('',(2.99999999999999,155.,30.));
#2815=CARTESIAN_POINT('',(2.99999999999998,204.,28.));
#2816=CARTESIAN_POINT('',(2.99999999999998,204.,30.));
#2817=CARTESIAN_POINT('',(2.99999999999998,206.,28.));
#2818=CARTESIAN_POINT('',(2.99999999999998,204.,28.));
#2819=CARTESIAN_POINT('',(2.99999999999998,206.,30.));
#2820=CARTESIAN_POINT('Origin',(-9.00000000000002,206.,30.));
#2821=CARTESIAN_POINT('',(-9.00000000000002,206.,30.));
#2822=CARTESIAN_POINT('',(16.25,206.,30.));
#2823=CARTESIAN_POINT('',(-9.00000000000002,206.,28.));
#2824=CARTESIAN_POINT('',(2.99999999999998,206.,28.));
#2825=CARTESIAN_POINT('',(-9.00000000000002,206.,30.));
#2826=CARTESIAN_POINT('Origin',(-9.00000000000002,204.,30.));
#2827=CARTESIAN_POINT('',(-9.00000000000002,204.,30.));
#2828=CARTESIAN_POINT('',(-9.00000000000002,154.,30.));
#2829=CARTESIAN_POINT('',(-9.00000000000002,204.,28.));
#2830=CARTESIAN_POINT('',(-9.00000000000002,206.,28.));
#2831=CARTESIAN_POINT('',(-9.00000000000002,204.,30.));
#2832=CARTESIAN_POINT('Origin',(2.99999999999998,204.,30.));
#2833=CARTESIAN_POINT('',(22.25,204.,30.));
#2834=CARTESIAN_POINT('',(-9.00000000000002,204.,28.));
#2835=CARTESIAN_POINT('Origin',(-3.00000000000002,205.,28.));
#2836=CARTESIAN_POINT('Origin',(94.,202.,30.));
#2837=CARTESIAN_POINT('',(96.,202.,30.));
#2838=CARTESIAN_POINT('',(94.,202.,30.));
#2839=CARTESIAN_POINT('',(67.75,202.,30.));
#2840=CARTESIAN_POINT('',(96.,202.,28.));
#2841=CARTESIAN_POINT('',(96.,202.,30.));
#2842=CARTESIAN_POINT('',(94.,202.,28.));
#2843=CARTESIAN_POINT('',(96.,202.,28.));
#2844=CARTESIAN_POINT('',(94.,202.,30.));
#2845=CARTESIAN_POINT('Origin',(94.,190.,30.));
#2846=CARTESIAN_POINT('',(94.,190.,30.));
#2847=CARTESIAN_POINT('',(94.,147.,30.));
#2848=CARTESIAN_POINT('',(94.,190.,28.));
#2849=CARTESIAN_POINT('',(94.,202.,28.));
#2850=CARTESIAN_POINT('',(94.,190.,30.));
#2851=CARTESIAN_POINT('Origin',(96.,190.,30.));
#2852=CARTESIAN_POINT('',(96.,190.,30.));
#2853=CARTESIAN_POINT('',(68.75,190.,30.));
#2854=CARTESIAN_POINT('',(96.,190.,28.));
#2855=CARTESIAN_POINT('',(94.,190.,28.));
#2856=CARTESIAN_POINT('',(96.,190.,30.));
#2857=CARTESIAN_POINT('Origin',(96.,202.,30.));
#2858=CARTESIAN_POINT('',(96.,153.,30.));
#2859=CARTESIAN_POINT('',(96.,190.,28.));
#2860=CARTESIAN_POINT('Origin',(95.,196.,28.));
#2861=CARTESIAN_POINT('Origin',(2.99999999999998,2.00000000000003,30.));
#2862=CARTESIAN_POINT('',(-9.00000000000002,2.00000000000003,30.));
#2863=CARTESIAN_POINT('',(2.99999999999998,2.00000000000003,30.));
#2864=CARTESIAN_POINT('',(22.25,2.00000000000003,30.));
#2865=CARTESIAN_POINT('',(-9.00000000000002,2.00000000000003,28.));
#2866=CARTESIAN_POINT('',(-9.00000000000002,2.00000000000003,30.));
#2867=CARTESIAN_POINT('',(2.99999999999998,2.00000000000003,28.));
#2868=CARTESIAN_POINT('',(2.99999999999998,2.00000000000003,28.));
#2869=CARTESIAN_POINT('',(2.99999999999998,2.00000000000003,30.));
#2870=CARTESIAN_POINT('Origin',(2.99999999999998,4.00000000000002,30.));
#2871=CARTESIAN_POINT('',(2.99999999999998,4.00000000000002,30.));
#2872=CARTESIAN_POINT('',(3.00000000000004,54.,30.));
#2873=CARTESIAN_POINT('',(2.99999999999998,4.00000000000002,28.));
#2874=CARTESIAN_POINT('',(2.99999999999998,4.00000000000002,28.));
#2875=CARTESIAN_POINT('',(2.99999999999998,4.00000000000002,30.));
#2876=CARTESIAN_POINT('Origin',(-9.00000000000002,4.00000000000002,30.));
#2877=CARTESIAN_POINT('',(-9.00000000000002,4.00000000000002,30.));
#2878=CARTESIAN_POINT('',(16.25,4.00000000000002,30.));
#2879=CARTESIAN_POINT('',(-9.00000000000002,4.00000000000002,28.));
#2880=CARTESIAN_POINT('',(-9.00000000000002,4.00000000000002,28.));
#2881=CARTESIAN_POINT('',(-9.00000000000002,4.00000000000002,30.));
#2882=CARTESIAN_POINT('Origin',(-9.00000000000002,2.00000000000003,30.));
#2883=CARTESIAN_POINT('',(-9.00000000000002,53.,30.));
#2884=CARTESIAN_POINT('',(-9.00000000000002,2.00000000000003,28.));
#2885=CARTESIAN_POINT('Origin',(-3.00000000000002,3.00000000000002,28.));
#2886=CARTESIAN_POINT('Origin',(43.8719334487705,84.3815254044841,30.0207209829894));
#2887=CARTESIAN_POINT('',(82.8719334487705,84.3815254044841,30.));
#2888=CARTESIAN_POINT('',(82.8719334487705,84.3815254044841,33.));
#2889=CARTESIAN_POINT('',(82.8719334487705,84.3815254044841,30.0207209829894));
#2890=CARTESIAN_POINT('',(43.8719334487705,84.3815254044841,30.));
#2891=CARTESIAN_POINT('',(42.6859667243853,84.3815254044841,30.));
#2892=CARTESIAN_POINT('',(43.8719334487705,84.3815254044841,33.));
#2893=CARTESIAN_POINT('',(43.8719334487705,84.3815254044841,30.0207209829894));
#2894=CARTESIAN_POINT('',(42.6859667243853,84.3815254044841,33.));
#2895=CARTESIAN_POINT('Origin',(43.8719334487705,123.381525404484,30.0207209829894));
#2896=CARTESIAN_POINT('',(43.8719334487705,123.381525404484,30.));
#2897=CARTESIAN_POINT('',(43.8719334487705,113.690762702242,30.));
#2898=CARTESIAN_POINT('',(43.8719334487705,123.381525404484,33.));
#2899=CARTESIAN_POINT('',(43.8719334487705,123.381525404484,30.0207209829894));
#2900=CARTESIAN_POINT('',(43.8719334487705,113.690762702242,33.));
#2901=CARTESIAN_POINT('Origin',(82.8719334487705,84.3815254044841,30.0207209829894));
#2902=CARTESIAN_POINT('',(82.8719334487705,123.381525404484,33.));
#2903=CARTESIAN_POINT('',(82.8719334487705,94.190762702242,33.));
#2904=CARTESIAN_POINT('',(82.8719334487705,123.381525404484,30.));
#2905=CARTESIAN_POINT('',(82.8719334487705,123.381525404484,30.0207209829894));
#2906=CARTESIAN_POINT('',(82.8719334487705,94.190762702242,30.));
#2907=CARTESIAN_POINT('Origin',(82.8719334487705,123.381525404484,30.0207209829894));
#2908=CARTESIAN_POINT('',(62.1859667243853,123.381525404484,33.));
#2909=CARTESIAN_POINT('',(62.1859667243853,123.381525404484,30.));
#2910=CARTESIAN_POINT('Origin',(41.5,104.,30.));
#2911=CARTESIAN_POINT('',(98.,5.,30.));
#2912=CARTESIAN_POINT('',(98.,203.,30.));
#2913=CARTESIAN_POINT('',(98.,5.,30.));
#2914=CARTESIAN_POINT('',(93.,0.,30.));
#2915=CARTESIAN_POINT('Origin',(93.,5.00000000000001,30.));
#2916=CARTESIAN_POINT('',(-10.,2.22044604925031E-15,30.));
#2917=CARTESIAN_POINT('',(-10.,2.22044604925031E-15,30.));
#2918=CARTESIAN_POINT('',(-15.,5.,30.));
#2919=CARTESIAN_POINT('Origin',(-10.,5.,30.));
#2920=CARTESIAN_POINT('',(-15.,203.,30.));
#2921=CARTESIAN_POINT('',(-15.,203.,30.));
#2922=CARTESIAN_POINT('',(-10.,208.,30.));
#2923=CARTESIAN_POINT('Origin',(-9.99999999999999,203.,30.));
#2924=CARTESIAN_POINT('',(93.,208.,30.));
#2925=CARTESIAN_POINT('',(93.,208.,30.));
#2926=CARTESIAN_POINT('Origin',(93.,203.,30.));
#2927=CARTESIAN_POINT('',(42.8082859585901,61.3889592438806,30.));
#2928=CARTESIAN_POINT('',(87.3963747805806,20.8543330420711,30.));
#2929=CARTESIAN_POINT('',(54.139622034376,51.0877446295298,30.));
#2930=CARTESIAN_POINT('',(89.2327715081905,20.9417805052906,30.));
#2931=CARTESIAN_POINT('Origin',(88.2708494127758,21.8162551374858,30.));
#2932=CARTESIAN_POINT('',(89.9424278625218,21.722402495055,30.));
#2933=CARTESIAN_POINT('',(99.458927725173,32.1905523439714,30.));
#2934=CARTESIAN_POINT('',(89.8549803993022,23.5587992226649,30.));
#2935=CARTESIAN_POINT('Origin',(88.980505767107,22.5968771272502,30.));
#2936=CARTESIAN_POINT('',(45.2800292454801,64.081482089776,30.));
#2937=CARTESIAN_POINT('',(34.3107520761866,74.0535522436791,30.));
#2938=CARTESIAN_POINT('',(43.4584838167772,64.0100974199658,30.));
#2939=CARTESIAN_POINT('Origin',(44.4055546132849,63.1195599943612,30.));
#2940=CARTESIAN_POINT('',(42.7356897942777,63.2414187648998,30.));
#2941=CARTESIAN_POINT('',(52.6161324441166,73.7490947156087,30.));
#2942=CARTESIAN_POINT('Origin',(43.6827605907853,62.3508813392953,30.));
#2943=CARTESIAN_POINT('',(79.8549803993022,23.5587992226649,30.));
#2944=CARTESIAN_POINT('',(35.2800292454801,64.081482089776,30.));
#2945=CARTESIAN_POINT('',(27.0483086372725,71.5648644608737,30.));
#2946=CARTESIAN_POINT('',(33.4584838167772,64.0100974199658,30.));
#2947=CARTESIAN_POINT('Origin',(34.4055546132849,63.1195599943612,30.));
#2948=CARTESIAN_POINT('',(32.7356897942777,63.2414187648998,30.));
#2949=CARTESIAN_POINT('',(44.9624546524077,76.2443668723755,30.));
#2950=CARTESIAN_POINT('',(32.8082859585901,61.3889592438805,30.));
#2951=CARTESIAN_POINT('Origin',(33.6827605907853,62.3508813392953,30.));
#2952=CARTESIAN_POINT('',(77.3963747805806,20.8543330420711,30.));
#2953=CARTESIAN_POINT('',(46.8771785954619,48.5990568467244,30.));
#2954=CARTESIAN_POINT('',(79.2327715081905,20.9417805052906,30.));
#2955=CARTESIAN_POINT('Origin',(78.2708494127758,21.8162551374858,30.));
#2956=CARTESIAN_POINT('',(79.9424278625218,21.722402495055,30.));
#2957=CARTESIAN_POINT('',(91.7213711640869,34.6792401267769,30.));
#2958=CARTESIAN_POINT('Origin',(78.980505767107,22.5968771272502,30.));
#2959=CARTESIAN_POINT('',(39.2327715081905,20.9417805052906,30.));
#2960=CARTESIAN_POINT('',(39.9424278625218,21.722402495055,30.));
#2961=CARTESIAN_POINT('',(60.771144919743,44.6339912579983,30.));
#2962=CARTESIAN_POINT('',(39.8549803993022,23.5587992226649,30.));
#2963=CARTESIAN_POINT('Origin',(38.980505767107,22.5968771272502,30.));
#2964=CARTESIAN_POINT('',(-4.71997075451993,64.081482089776,30.));
#2965=CARTESIAN_POINT('',(-2.00146511838357,61.610113329652,30.));
#2966=CARTESIAN_POINT('',(-6.54151618322278,64.0100974199658,30.));
#2967=CARTESIAN_POINT('Origin',(-5.59444538671513,63.1195599943612,30.));
#2968=CARTESIAN_POINT('',(-7.26431020572232,63.2414187648998,30.));
#2969=CARTESIAN_POINT('',(14.3477434855718,86.2254554994425,30.));
#2970=CARTESIAN_POINT('',(-7.19171404140987,61.3889592438805,30.));
#2971=CARTESIAN_POINT('Origin',(-6.31723940921467,62.3508813392953,30.));
#2972=CARTESIAN_POINT('',(37.3963747805806,20.8543330420711,30.));
#2973=CARTESIAN_POINT('',(17.8274048398058,38.6443057155026,30.));
#2974=CARTESIAN_POINT('Origin',(38.2708494127758,21.8162551374858,30.));
#2975=CARTESIAN_POINT('',(49.2327715081905,20.9417805052906,30.));
#2976=CARTESIAN_POINT('',(49.9424278625218,21.722402495055,30.));
#2977=CARTESIAN_POINT('',(68.5087014808289,42.1453034751929,30.));
#2978=CARTESIAN_POINT('',(49.8549803993022,23.5587992226649,30.));
#2979=CARTESIAN_POINT('Origin',(48.980505767107,22.5968771272502,30.));
#2980=CARTESIAN_POINT('',(5.28002924548007,64.081482089776,30.));
#2981=CARTESIAN_POINT('',(5.26097832053045,64.0988011124574,30.));
#2982=CARTESIAN_POINT('',(3.45848381677722,64.0100974199658,30.));
#2983=CARTESIAN_POINT('Origin',(4.40555461328487,63.1195599943612,30.));
#2984=CARTESIAN_POINT('',(2.73568979427768,63.2414187648998,30.));
#2985=CARTESIAN_POINT('',(22.0014212772808,83.7301833426758,30.));
#2986=CARTESIAN_POINT('',(2.80828595859013,61.3889592438805,30.));
#2987=CARTESIAN_POINT('Origin',(3.68276059078533,62.3508813392953,30.));
#2988=CARTESIAN_POINT('',(47.3963747805806,20.8543330420711,30.));
#2989=CARTESIAN_POINT('',(25.0898482787199,41.1329934983081,30.));
#2990=CARTESIAN_POINT('Origin',(48.2708494127758,21.8162551374858,30.));
#2991=CARTESIAN_POINT('',(69.2327715081905,20.9417805052906,30.));
#2992=CARTESIAN_POINT('',(69.9424278625218,21.722402495055,30.));
#2993=CARTESIAN_POINT('',(83.9838146030009,37.167927909582,30.));
#2994=CARTESIAN_POINT('',(69.8549803993022,23.5587992226649,30.));
#2995=CARTESIAN_POINT('Origin',(68.980505767107,22.5968771272502,30.));
#2996=CARTESIAN_POINT('',(25.2800292454801,64.081482089776,30.));
#2997=CARTESIAN_POINT('',(19.7858651983585,69.0761766780683,30.));
#2998=CARTESIAN_POINT('',(23.4584838167772,64.0100974199658,30.));
#2999=CARTESIAN_POINT('Origin',(24.4055546132849,63.1195599943612,30.));
#3000=CARTESIAN_POINT('',(22.7356897942777,63.2414187648998,30.));
#3001=CARTESIAN_POINT('',(37.3087768606987,78.7396390291422,30.));
#3002=CARTESIAN_POINT('',(22.8082859585901,61.3889592438805,30.));
#3003=CARTESIAN_POINT('Origin',(23.6827605907853,62.3508813392953,30.));
#3004=CARTESIAN_POINT('',(67.3963747805806,20.8543330420711,30.));
#3005=CARTESIAN_POINT('',(39.6147351565479,46.1103690639189,30.));
#3006=CARTESIAN_POINT('Origin',(68.2708494127758,21.8162551374858,30.));
#3007=CARTESIAN_POINT('',(59.2327715081905,20.9417805052906,30.));
#3008=CARTESIAN_POINT('',(59.9424278625218,21.722402495055,30.));
#3009=CARTESIAN_POINT('',(76.2462580419149,39.6566156923875,30.));
#3010=CARTESIAN_POINT('',(59.8549803993022,23.5587992226649,30.));
#3011=CARTESIAN_POINT('Origin',(58.980505767107,22.5968771272502,30.));
#3012=CARTESIAN_POINT('',(15.2800292454801,64.081482089776,30.));
#3013=CARTESIAN_POINT('',(12.5234217594445,66.5874888952629,30.));
#3014=CARTESIAN_POINT('',(13.4584838167772,64.0100974199658,30.));
#3015=CARTESIAN_POINT('Origin',(14.4055546132849,63.1195599943612,30.));
#3016=CARTESIAN_POINT('',(12.7356897942777,63.2414187648998,30.));
#3017=CARTESIAN_POINT('',(29.6550990689898,81.234911185909,30.));
#3018=CARTESIAN_POINT('',(12.8082859585901,61.3889592438805,30.));
#3019=CARTESIAN_POINT('Origin',(13.6827605907853,62.3508813392953,30.));
#3020=CARTESIAN_POINT('',(57.3963747805806,20.8543330420711,30.));
#3021=CARTESIAN_POINT('',(32.3522917176339,43.6216812811135,30.));
#3022=CARTESIAN_POINT('Origin',(58.2708494127758,21.8162551374858,30.));
#3023=CARTESIAN_POINT('Origin',(87.3963747805806,20.8543330420711,33.));
#3024=CARTESIAN_POINT('',(87.3963747805806,20.8543330420711,33.));
#3025=CARTESIAN_POINT('',(42.8082859585901,61.3889592438806,33.));
#3026=CARTESIAN_POINT('',(54.139622034376,51.0877446295298,33.));
#3027=CARTESIAN_POINT('',(87.3963747805806,20.8543330420711,33.));
#3028=CARTESIAN_POINT('',(42.8082859585901,61.3889592438806,33.));
#3029=CARTESIAN_POINT('Origin',(98.,5.,30.));
#3030=CARTESIAN_POINT('',(98.,203.,33.));
#3031=CARTESIAN_POINT('',(98.,203.,30.));
#3032=CARTESIAN_POINT('',(98.,5.,33.));
#3033=CARTESIAN_POINT('',(98.,5.,33.));
#3034=CARTESIAN_POINT('',(98.,5.,30.));
#3035=CARTESIAN_POINT('Origin',(12.7356897942777,63.2414187648998,33.));
#3036=CARTESIAN_POINT('',(13.4584838167772,64.0100974199658,33.));
#3037=CARTESIAN_POINT('',(13.4584838167772,64.0100974199658,33.));
#3038=CARTESIAN_POINT('',(12.7356897942777,63.2414187648998,33.));
#3039=CARTESIAN_POINT('',(29.6550990689898,81.234911185909,33.));
#3040=CARTESIAN_POINT('',(12.7356897942777,63.2414187648998,33.));
#3041=CARTESIAN_POINT('Origin',(13.6827605907853,62.3508813392953,33.));
#3042=CARTESIAN_POINT('',(12.8082859585901,61.3889592438805,33.));
#3043=CARTESIAN_POINT('Origin',(13.6827605907853,62.3508813392953,33.));
#3044=CARTESIAN_POINT('',(12.8082859585901,61.3889592438805,33.));
#3045=CARTESIAN_POINT('Origin',(57.3963747805806,20.8543330420711,33.));
#3046=CARTESIAN_POINT('',(57.3963747805806,20.8543330420711,33.));
#3047=CARTESIAN_POINT('',(32.3522917176339,43.6216812811135,33.));
#3048=CARTESIAN_POINT('',(57.3963747805806,20.8543330420711,33.));
#3049=CARTESIAN_POINT('Origin',(58.2708494127758,21.8162551374858,33.));
#3050=CARTESIAN_POINT('',(59.2327715081905,20.9417805052906,33.));
#3051=CARTESIAN_POINT('Origin',(58.2708494127758,21.8162551374858,33.));
#3052=CARTESIAN_POINT('',(59.2327715081905,20.9417805052906,33.));
#3053=CARTESIAN_POINT('Origin',(59.9424278625218,21.722402495055,33.));
#3054=CARTESIAN_POINT('',(59.9424278625218,21.722402495055,33.));
#3055=CARTESIAN_POINT('',(76.2462580419149,39.6566156923875,33.));
#3056=CARTESIAN_POINT('',(59.9424278625218,21.722402495055,33.));
#3057=CARTESIAN_POINT('Origin',(58.980505767107,22.5968771272502,33.));
#3058=CARTESIAN_POINT('',(59.8549803993022,23.5587992226649,33.));
#3059=CARTESIAN_POINT('Origin',(58.980505767107,22.5968771272502,33.));
#3060=CARTESIAN_POINT('',(59.8549803993022,23.5587992226649,33.));
#3061=CARTESIAN_POINT('Origin',(15.2800292454801,64.081482089776,33.));
#3062=CARTESIAN_POINT('',(15.2800292454801,64.081482089776,33.));
#3063=CARTESIAN_POINT('',(12.5234217594445,66.5874888952629,33.));
#3064=CARTESIAN_POINT('',(15.2800292454801,64.081482089776,33.));
#3065=CARTESIAN_POINT('Origin',(14.4055546132849,63.1195599943612,33.));
#3066=CARTESIAN_POINT('Origin',(14.4055546132849,63.1195599943612,33.));
#3067=CARTESIAN_POINT('Origin',(22.7356897942777,63.2414187648998,33.));
#3068=CARTESIAN_POINT('',(23.4584838167772,64.0100974199658,33.));
#3069=CARTESIAN_POINT('',(23.4584838167772,64.0100974199658,33.));
#3070=CARTESIAN_POINT('',(22.7356897942777,63.2414187648998,33.));
#3071=CARTESIAN_POINT('',(37.3087768606987,78.7396390291422,33.));
#3072=CARTESIAN_POINT('',(22.7356897942777,63.2414187648998,33.));
#3073=CARTESIAN_POINT('Origin',(23.6827605907853,62.3508813392953,33.));
#3074=CARTESIAN_POINT('',(22.8082859585901,61.3889592438805,33.));
#3075=CARTESIAN_POINT('Origin',(23.6827605907853,62.3508813392953,33.));
#3076=CARTESIAN_POINT('',(22.8082859585901,61.3889592438805,33.));
#3077=CARTESIAN_POINT('Origin',(67.3963747805806,20.8543330420711,33.));
#3078=CARTESIAN_POINT('',(67.3963747805806,20.8543330420711,33.));
#3079=CARTESIAN_POINT('',(39.6147351565479,46.1103690639189,33.));
#3080=CARTESIAN_POINT('',(67.3963747805806,20.8543330420711,33.));
#3081=CARTESIAN_POINT('Origin',(68.2708494127758,21.8162551374858,33.));
#3082=CARTESIAN_POINT('',(69.2327715081905,20.9417805052906,33.));
#3083=CARTESIAN_POINT('Origin',(68.2708494127758,21.8162551374858,33.));
#3084=CARTESIAN_POINT('',(69.2327715081905,20.9417805052906,33.));
#3085=CARTESIAN_POINT('Origin',(69.9424278625218,21.722402495055,33.));
#3086=CARTESIAN_POINT('',(69.9424278625218,21.722402495055,33.));
#3087=CARTESIAN_POINT('',(83.9838146030009,37.167927909582,33.));
#3088=CARTESIAN_POINT('',(69.9424278625218,21.722402495055,33.));
#3089=CARTESIAN_POINT('Origin',(68.980505767107,22.5968771272502,33.));
#3090=CARTESIAN_POINT('',(69.8549803993022,23.5587992226649,33.));
#3091=CARTESIAN_POINT('Origin',(68.980505767107,22.5968771272502,33.));
#3092=CARTESIAN_POINT('',(69.8549803993022,23.5587992226649,33.));
#3093=CARTESIAN_POINT('Origin',(25.2800292454801,64.081482089776,33.));
#3094=CARTESIAN_POINT('',(25.2800292454801,64.081482089776,33.));
#3095=CARTESIAN_POINT('',(19.7858651983585,69.0761766780683,33.));
#3096=CARTESIAN_POINT('',(25.2800292454801,64.081482089776,33.));
#3097=CARTESIAN_POINT('Origin',(24.4055546132849,63.1195599943612,33.));
#3098=CARTESIAN_POINT('Origin',(24.4055546132849,63.1195599943612,33.));
#3099=CARTESIAN_POINT('Origin',(2.73568979427768,63.2414187648998,33.));
#3100=CARTESIAN_POINT('',(3.45848381677722,64.0100974199658,33.));
#3101=CARTESIAN_POINT('',(3.45848381677722,64.0100974199658,33.));
#3102=CARTESIAN_POINT('',(2.73568979427768,63.2414187648998,33.));
#3103=CARTESIAN_POINT('',(22.0014212772808,83.7301833426758,33.));
#3104=CARTESIAN_POINT('',(2.73568979427768,63.2414187648998,33.));
#3105=CARTESIAN_POINT('Origin',(3.68276059078533,62.3508813392953,33.));
#3106=CARTESIAN_POINT('',(2.80828595859013,61.3889592438805,33.));
#3107=CARTESIAN_POINT('Origin',(3.68276059078533,62.3508813392953,33.));
#3108=CARTESIAN_POINT('',(2.80828595859013,61.3889592438805,33.));
#3109=CARTESIAN_POINT('Origin',(47.3963747805806,20.8543330420711,33.));
#3110=CARTESIAN_POINT('',(47.3963747805806,20.8543330420711,33.));
#3111=CARTESIAN_POINT('',(25.0898482787199,41.1329934983081,33.));
#3112=CARTESIAN_POINT('',(47.3963747805806,20.8543330420711,33.));
#3113=CARTESIAN_POINT('Origin',(48.2708494127758,21.8162551374858,33.));
#3114=CARTESIAN_POINT('',(49.2327715081905,20.9417805052906,33.));
#3115=CARTESIAN_POINT('Origin',(48.2708494127758,21.8162551374858,33.));
#3116=CARTESIAN_POINT('',(49.2327715081905,20.9417805052906,33.));
#3117=CARTESIAN_POINT('Origin',(49.9424278625218,21.722402495055,33.));
#3118=CARTESIAN_POINT('',(49.9424278625218,21.722402495055,33.));
#3119=CARTESIAN_POINT('',(68.5087014808289,42.1453034751929,33.));
#3120=CARTESIAN_POINT('',(49.9424278625218,21.722402495055,33.));
#3121=CARTESIAN_POINT('Origin',(48.980505767107,22.5968771272502,33.));
#3122=CARTESIAN_POINT('',(49.8549803993022,23.5587992226649,33.));
#3123=CARTESIAN_POINT('Origin',(48.980505767107,22.5968771272502,33.));
#3124=CARTESIAN_POINT('',(49.8549803993022,23.5587992226649,33.));
#3125=CARTESIAN_POINT('Origin',(5.28002924548007,64.081482089776,33.));
#3126=CARTESIAN_POINT('',(5.28002924548007,64.081482089776,33.));
#3127=CARTESIAN_POINT('',(5.26097832053045,64.0988011124574,33.));
#3128=CARTESIAN_POINT('',(5.28002924548007,64.081482089776,33.));
#3129=CARTESIAN_POINT('Origin',(4.40555461328487,63.1195599943612,33.));
#3130=CARTESIAN_POINT('Origin',(4.40555461328487,63.1195599943612,33.));
#3131=CARTESIAN_POINT('Origin',(42.7356897942777,63.2414187648998,33.));
#3132=CARTESIAN_POINT('',(43.4584838167772,64.0100974199658,33.));
#3133=CARTESIAN_POINT('',(43.4584838167772,64.0100974199658,33.));
#3134=CARTESIAN_POINT('',(42.7356897942777,63.2414187648998,33.));
#3135=CARTESIAN_POINT('',(52.6161324441166,73.7490947156087,33.));
#3136=CARTESIAN_POINT('',(42.7356897942777,63.2414187648998,33.));
#3137=CARTESIAN_POINT('Origin',(43.6827605907853,62.3508813392953,33.));
#3138=CARTESIAN_POINT('Origin',(43.6827605907853,62.3508813392953,33.));
#3139=CARTESIAN_POINT('Origin',(88.2708494127758,21.8162551374858,33.));
#3140=CARTESIAN_POINT('',(89.2327715081905,20.9417805052906,33.));
#3141=CARTESIAN_POINT('Origin',(88.2708494127758,21.8162551374858,33.));
#3142=CARTESIAN_POINT('',(89.2327715081905,20.9417805052906,33.));
#3143=CARTESIAN_POINT('Origin',(89.9424278625218,21.722402495055,33.));
#3144=CARTESIAN_POINT('',(89.9424278625218,21.722402495055,33.));
#3145=CARTESIAN_POINT('',(99.458927725173,32.1905523439714,33.));
#3146=CARTESIAN_POINT('',(89.9424278625218,21.722402495055,33.));
#3147=CARTESIAN_POINT('Origin',(88.980505767107,22.5968771272502,33.));
#3148=CARTESIAN_POINT('',(89.8549803993022,23.5587992226649,33.));
#3149=CARTESIAN_POINT('Origin',(88.980505767107,22.5968771272502,33.));
#3150=CARTESIAN_POINT('',(89.8549803993022,23.5587992226649,33.));
#3151=CARTESIAN_POINT('Origin',(45.2800292454801,64.081482089776,33.));
#3152=CARTESIAN_POINT('',(45.2800292454801,64.081482089776,33.));
#3153=CARTESIAN_POINT('',(34.3107520761866,74.0535522436791,33.));
#3154=CARTESIAN_POINT('',(45.2800292454801,64.081482089776,33.));
#3155=CARTESIAN_POINT('Origin',(44.4055546132849,63.1195599943612,33.));
#3156=CARTESIAN_POINT('Origin',(44.4055546132849,63.1195599943612,33.));
#3157=CARTESIAN_POINT('Origin',(32.7356897942777,63.2414187648998,33.));
#3158=CARTESIAN_POINT('',(33.4584838167772,64.0100974199658,33.));
#3159=CARTESIAN_POINT('',(33.4584838167772,64.0100974199658,33.));
#3160=CARTESIAN_POINT('',(32.7356897942777,63.2414187648998,33.));
#3161=CARTESIAN_POINT('',(44.9624546524077,76.2443668723755,33.));
#3162=CARTESIAN_POINT('',(32.7356897942777,63.2414187648998,33.));
#3163=CARTESIAN_POINT('Origin',(33.6827605907853,62.3508813392953,33.));
#3164=CARTESIAN_POINT('',(32.8082859585901,61.3889592438805,33.));
#3165=CARTESIAN_POINT('Origin',(33.6827605907853,62.3508813392953,33.));
#3166=CARTESIAN_POINT('',(32.8082859585901,61.3889592438805,33.));
#3167=CARTESIAN_POINT('Origin',(77.3963747805806,20.8543330420711,33.));
#3168=CARTESIAN_POINT('',(77.3963747805806,20.8543330420711,33.));
#3169=CARTESIAN_POINT('',(46.8771785954619,48.5990568467244,33.));
#3170=CARTESIAN_POINT('',(77.3963747805806,20.8543330420711,33.));
#3171=CARTESIAN_POINT('Origin',(78.2708494127758,21.8162551374858,33.));
#3172=CARTESIAN_POINT('',(79.2327715081905,20.9417805052906,33.));
#3173=CARTESIAN_POINT('Origin',(78.2708494127758,21.8162551374858,33.));
#3174=CARTESIAN_POINT('',(79.2327715081905,20.9417805052906,33.));
#3175=CARTESIAN_POINT('Origin',(79.9424278625218,21.722402495055,33.));
#3176=CARTESIAN_POINT('',(79.9424278625218,21.722402495055,33.));
#3177=CARTESIAN_POINT('',(91.7213711640869,34.6792401267769,33.));
#3178=CARTESIAN_POINT('',(79.9424278625218,21.722402495055,33.));
#3179=CARTESIAN_POINT('Origin',(78.980505767107,22.5968771272502,33.));
#3180=CARTESIAN_POINT('',(79.8549803993022,23.5587992226649,33.));
#3181=CARTESIAN_POINT('Origin',(78.980505767107,22.5968771272502,33.));
#3182=CARTESIAN_POINT('',(79.8549803993022,23.5587992226649,33.));
#3183=CARTESIAN_POINT('Origin',(35.2800292454801,64.081482089776,33.));
#3184=CARTESIAN_POINT('',(35.2800292454801,64.081482089776,33.));
#3185=CARTESIAN_POINT('',(27.0483086372725,71.5648644608737,33.));
#3186=CARTESIAN_POINT('',(35.2800292454801,64.081482089776,33.));
#3187=CARTESIAN_POINT('Origin',(34.4055546132849,63.1195599943612,33.));
#3188=CARTESIAN_POINT('Origin',(34.4055546132849,63.1195599943612,33.));
#3189=CARTESIAN_POINT('Origin',(-7.26431020572232,63.2414187648998,33.));
#3190=CARTESIAN_POINT('',(-6.54151618322278,64.0100974199658,33.));
#3191=CARTESIAN_POINT('',(-6.54151618322278,64.0100974199658,33.));
#3192=CARTESIAN_POINT('',(-7.26431020572232,63.2414187648998,33.));
#3193=CARTESIAN_POINT('',(14.3477434855718,86.2254554994425,33.));
#3194=CARTESIAN_POINT('',(-7.26431020572232,63.2414187648998,33.));
#3195=CARTESIAN_POINT('Origin',(-6.31723940921467,62.3508813392953,33.));
#3196=CARTESIAN_POINT('',(-7.19171404140987,61.3889592438805,33.));
#3197=CARTESIAN_POINT('Origin',(-6.31723940921467,62.3508813392953,33.));
#3198=CARTESIAN_POINT('',(-7.19171404140987,61.3889592438805,33.));
#3199=CARTESIAN_POINT('Origin',(37.3963747805806,20.8543330420711,33.));
#3200=CARTESIAN_POINT('',(37.3963747805806,20.8543330420711,33.));
#3201=CARTESIAN_POINT('',(17.8274048398058,38.6443057155026,33.));
#3202=CARTESIAN_POINT('',(37.3963747805806,20.8543330420711,33.));
#3203=CARTESIAN_POINT('Origin',(38.2708494127758,21.8162551374858,33.));
#3204=CARTESIAN_POINT('',(39.2327715081905,20.9417805052906,33.));
#3205=CARTESIAN_POINT('Origin',(38.2708494127758,21.8162551374858,33.));
#3206=CARTESIAN_POINT('',(39.2327715081905,20.9417805052906,33.));
#3207=CARTESIAN_POINT('Origin',(39.9424278625218,21.722402495055,33.));
#3208=CARTESIAN_POINT('',(39.9424278625218,21.722402495055,33.));
#3209=CARTESIAN_POINT('',(60.771144919743,44.6339912579983,33.));
#3210=CARTESIAN_POINT('',(39.9424278625218,21.722402495055,33.));
#3211=CARTESIAN_POINT('Origin',(38.980505767107,22.5968771272502,33.));
#3212=CARTESIAN_POINT('',(39.8549803993022,23.5587992226649,33.));
#3213=CARTESIAN_POINT('Origin',(38.980505767107,22.5968771272502,33.));
#3214=CARTESIAN_POINT('',(39.8549803993022,23.5587992226649,33.));
#3215=CARTESIAN_POINT('Origin',(-4.71997075451993,64.081482089776,33.));
#3216=CARTESIAN_POINT('',(-4.71997075451993,64.081482089776,33.));
#3217=CARTESIAN_POINT('',(-2.00146511838357,61.610113329652,33.));
#3218=CARTESIAN_POINT('',(-4.71997075451993,64.081482089776,33.));
#3219=CARTESIAN_POINT('Origin',(-5.59444538671513,63.1195599943612,33.));
#3220=CARTESIAN_POINT('Origin',(-5.59444538671513,63.1195599943612,33.));
#3221=CARTESIAN_POINT('Origin',(93.,5.00000000000001,30.));
#3222=CARTESIAN_POINT('',(93.,0.,33.));
#3223=CARTESIAN_POINT('Origin',(93.,5.00000000000001,33.));
#3224=CARTESIAN_POINT('',(93.,0.,30.));
#3225=CARTESIAN_POINT('Origin',(-10.,2.22044604925031E-15,30.));
#3226=CARTESIAN_POINT('',(-10.,2.22044604925031E-15,33.));
#3227=CARTESIAN_POINT('',(-10.,2.22044604925031E-15,33.));
#3228=CARTESIAN_POINT('',(-10.,2.22044604925031E-15,30.));
#3229=CARTESIAN_POINT('Origin',(-10.,5.,30.));
#3230=CARTESIAN_POINT('',(-15.,5.,33.));
#3231=CARTESIAN_POINT('Origin',(-10.,5.,33.));
#3232=CARTESIAN_POINT('',(-15.,5.,30.));
#3233=CARTESIAN_POINT('Origin',(-15.,203.,30.));
#3234=CARTESIAN_POINT('',(-15.,203.,33.));
#3235=CARTESIAN_POINT('',(-15.,203.,33.));
#3236=CARTESIAN_POINT('',(-15.,203.,30.));
#3237=CARTESIAN_POINT('Origin',(-9.99999999999999,203.,30.));
#3238=CARTESIAN_POINT('',(-10.,208.,33.));
#3239=CARTESIAN_POINT('Origin',(-9.99999999999999,203.,33.));
#3240=CARTESIAN_POINT('',(-10.,208.,30.));
#3241=CARTESIAN_POINT('Origin',(93.,208.,30.));
#3242=CARTESIAN_POINT('',(93.,208.,33.));
#3243=CARTESIAN_POINT('',(93.,208.,33.));
#3244=CARTESIAN_POINT('',(93.,208.,30.));
#3245=CARTESIAN_POINT('Origin',(93.,203.,30.));
#3246=CARTESIAN_POINT('Origin',(93.,203.,33.));
#3247=CARTESIAN_POINT('Origin',(41.5,104.,33.));
#3248=UNCERTAINTY_MEASURE_WITH_UNIT(LENGTH_MEASURE(0.01),#3252,
'DISTANCE_ACCURACY_VALUE',
'Maximum model space distance between geometric entities at asserted c
onnectivities');
#3249=UNCERTAINTY_MEASURE_WITH_UNIT(LENGTH_MEASURE(0.01),#3252,
'DISTANCE_ACCURACY_VALUE',
'Maximum model space distance between geometric entities at asserted c
onnectivities');
#3250=(
GEOMETRIC_REPRESENTATION_CONTEXT(3)
GLOBAL_UNCERTAINTY_ASSIGNED_CONTEXT((#3248))
GLOBAL_UNIT_ASSIGNED_CONTEXT((#3252,#3254,#3255))
REPRESENTATION_CONTEXT('','3D')
);
#3251=(
GEOMETRIC_REPRESENTATION_CONTEXT(3)
GLOBAL_UNCERTAINTY_ASSIGNED_CONTEXT((#3249))
GLOBAL_UNIT_ASSIGNED_CONTEXT((#3252,#3254,#3255))
REPRESENTATION_CONTEXT('','3D')
);
#3252=(
LENGTH_UNIT()
NAMED_UNIT(*)
SI_UNIT(.MILLI.,.METRE.)
);
#3253=(
LENGTH_UNIT()
NAMED_UNIT(*)
SI_UNIT($,.METRE.)
);
#3254=(
NAMED_UNIT(*)
PLANE_ANGLE_UNIT()
SI_UNIT($,.RADIAN.)
);
#3255=(
NAMED_UNIT(*)
SI_UNIT($,.STERADIAN.)
SOLID_ANGLE_UNIT()
);
#3256=SHAPE_DEFINITION_REPRESENTATION(#3257,#3258);
#3257=PRODUCT_DEFINITION_SHAPE('',$,#3260);
#3258=SHAPE_REPRESENTATION('',(#1988),#3250);
#3259=PRODUCT_DEFINITION_CONTEXT('part definition',#3264,'design');
#3260=PRODUCT_DEFINITION('FusionComponent','FusionComponent',#3261,#3259);
#3261=PRODUCT_DEFINITION_FORMATION('',$,#3266);
#3262=PRODUCT_RELATED_PRODUCT_CATEGORY('FusionComponent',
'FusionComponent',(#3266));
#3263=APPLICATION_PROTOCOL_DEFINITION('international standard',
'automotive_design',2009,#3264);
#3264=APPLICATION_CONTEXT(
'Core Data for Automotive Mechanical Design Process');
#3265=PRODUCT_CONTEXT('part definition',#3264,'mechanical');
#3266=PRODUCT('FusionComponent','FusionComponent',$,(#3265));
#3267=PRESENTATION_STYLE_ASSIGNMENT((#3268));
#3268=SURFACE_STYLE_USAGE(.BOTH.,#3269);
#3269=SURFACE_SIDE_STYLE('',(#3270));
#3270=SURFACE_STYLE_FILL_AREA(#3271);
#3271=FILL_AREA_STYLE('Steel - Satin',(#3272));
#3272=FILL_AREA_STYLE_COLOUR('Steel - Satin',#3273);
#3273=COLOUR_RGB('Steel - Satin',0.627450980392157,0.627450980392157,0.627450980392157);
ENDSEC;
END-ISO-10303-21;
