ISO-10303-21;
HEADER;
/* Generated by software containing ST-Developer
 * from STEP Tools, Inc. (www.steptools.com) 
 */

FILE_DESCRIPTION(
/* description */ (''),
/* implementation_level */ '2;1');

FILE_NAME(
/* name */ 'box_body_owen.step',
/* time_stamp */ '2026-07-07T12:41:41+03:00',
/* author */ (''),
/* organization */ (''),
/* preprocessor_version */ 'ST-DEVELOPER v20.1',
/* originating_system */ 'Autodesk Translation Framework v15.8.0.0',
/* authorisation */ '');

FILE_SCHEMA (('AUTOMOTIVE_DESIGN { 1 0 10303 214 3 1 1 }'));
ENDSEC;

DATA;
#10=MECHANICAL_DESIGN_GEOMETRIC_PRESENTATION_REPRESENTATION('',(#13),#4834);
#11=SHAPE_REPRESENTATION_RELATIONSHIP('SRR','None',#4841,#12);
#12=ADVANCED_BREP_SHAPE_REPRESENTATION('',(#14),#4833);
#13=STYLED_ITEM('',(#4850),#14);
#14=MANIFOLD_SOLID_BREP('Body1',#2994);
#15=FACE_BOUND('',#330,.T.);
#16=FACE_BOUND('',#338,.T.);
#17=FACE_BOUND('',#346,.T.);
#18=FACE_BOUND('',#354,.T.);
#19=FACE_BOUND('',#357,.T.);
#20=FACE_BOUND('',#358,.T.);
#21=FACE_BOUND('',#359,.T.);
#22=FACE_BOUND('',#360,.T.);
#23=FACE_BOUND('',#363,.T.);
#24=FACE_BOUND('',#366,.T.);
#25=FACE_BOUND('',#368,.T.);
#26=FACE_BOUND('',#371,.T.);
#27=FACE_BOUND('',#372,.T.);
#28=FACE_BOUND('',#373,.T.);
#29=FACE_BOUND('',#374,.T.);
#30=FACE_BOUND('',#375,.T.);
#31=FACE_BOUND('',#376,.T.);
#32=FACE_BOUND('',#377,.T.);
#33=FACE_BOUND('',#378,.T.);
#34=FACE_BOUND('',#379,.T.);
#35=FACE_BOUND('',#380,.T.);
#36=FACE_BOUND('',#381,.T.);
#37=FACE_BOUND('',#383,.T.);
#38=FACE_BOUND('',#384,.T.);
#39=FACE_BOUND('',#385,.T.);
#40=FACE_BOUND('',#386,.T.);
#41=FACE_BOUND('',#387,.T.);
#42=FACE_BOUND('',#388,.T.);
#43=FACE_BOUND('',#389,.T.);
#44=FACE_BOUND('',#390,.T.);
#45=FACE_BOUND('',#392,.T.);
#46=FACE_BOUND('',#393,.T.);
#47=FACE_BOUND('',#394,.T.);
#48=FACE_BOUND('',#395,.T.);
#49=FACE_BOUND('',#396,.T.);
#50=FACE_BOUND('',#397,.T.);
#51=FACE_BOUND('',#398,.T.);
#52=FACE_BOUND('',#399,.T.);
#53=FACE_BOUND('',#400,.T.);
#54=FACE_BOUND('',#401,.T.);
#55=FACE_BOUND('',#402,.T.);
#56=FACE_BOUND('',#404,.T.);
#57=FACE_BOUND('',#405,.T.);
#58=FACE_BOUND('',#406,.T.);
#59=FACE_BOUND('',#407,.T.);
#60=FACE_BOUND('',#410,.T.);
#61=FACE_BOUND('',#412,.T.);
#62=FACE_BOUND('',#413,.T.);
#63=FACE_BOUND('',#414,.T.);
#64=FACE_BOUND('',#415,.T.);
#65=FACE_BOUND('',#416,.T.);
#66=FACE_BOUND('',#417,.T.);
#67=FACE_BOUND('',#418,.T.);
#68=FACE_BOUND('',#419,.T.);
#69=FACE_BOUND('',#420,.T.);
#70=FACE_BOUND('',#421,.T.);
#71=FACE_BOUND('',#422,.T.);
#72=FACE_BOUND('',#423,.T.);
#73=FACE_BOUND('',#426,.T.);
#74=PLANE('',#3011);
#75=PLANE('',#3015);
#76=PLANE('',#3016);
#77=PLANE('',#3020);
#78=PLANE('',#3024);
#79=PLANE('',#3028);
#80=PLANE('',#3029);
#81=PLANE('',#3033);
#82=PLANE('',#3040);
#83=PLANE('',#3044);
#84=PLANE('',#3045);
#85=PLANE('',#3046);
#86=PLANE('',#3053);
#87=PLANE('',#3057);
#88=PLANE('',#3058);
#89=PLANE('',#3059);
#90=PLANE('',#3063);
#91=PLANE('',#3067);
#92=PLANE('',#3075);
#93=PLANE('',#3080);
#94=PLANE('',#3088);
#95=PLANE('',#3091);
#96=PLANE('',#3102);
#97=PLANE('',#3105);
#98=PLANE('',#3108);
#99=PLANE('',#3110);
#100=PLANE('',#3121);
#101=PLANE('',#3132);
#102=PLANE('',#3134);
#103=PLANE('',#3136);
#104=PLANE('',#3138);
#105=PLANE('',#3142);
#106=PLANE('',#3143);
#107=PLANE('',#3145);
#108=PLANE('',#3147);
#109=PLANE('',#3148);
#110=PLANE('',#3149);
#111=PLANE('',#3150);
#112=PLANE('',#3151);
#113=PLANE('',#3152);
#114=PLANE('',#3153);
#115=PLANE('',#3154);
#116=PLANE('',#3155);
#117=PLANE('',#3156);
#118=PLANE('',#3157);
#119=PLANE('',#3158);
#120=PLANE('',#3159);
#121=PLANE('',#3160);
#122=PLANE('',#3161);
#123=PLANE('',#3162);
#124=PLANE('',#3163);
#125=PLANE('',#3164);
#126=PLANE('',#3165);
#127=PLANE('',#3166);
#128=PLANE('',#3167);
#129=PLANE('',#3168);
#130=PLANE('',#3169);
#131=PLANE('',#3170);
#132=PLANE('',#3171);
#133=PLANE('',#3172);
#134=PLANE('',#3173);
#135=PLANE('',#3174);
#136=PLANE('',#3175);
#137=PLANE('',#3176);
#138=PLANE('',#3177);
#139=PLANE('',#3178);
#140=PLANE('',#3179);
#141=PLANE('',#3180);
#142=PLANE('',#3181);
#143=PLANE('',#3182);
#144=PLANE('',#3183);
#145=PLANE('',#3184);
#146=PLANE('',#3185);
#147=PLANE('',#3186);
#148=PLANE('',#3187);
#149=PLANE('',#3188);
#150=PLANE('',#3189);
#151=PLANE('',#3190);
#152=PLANE('',#3191);
#153=PLANE('',#3192);
#154=PLANE('',#3193);
#155=PLANE('',#3194);
#156=PLANE('',#3195);
#157=PLANE('',#3196);
#158=PLANE('',#3197);
#159=PLANE('',#3198);
#160=PLANE('',#3199);
#161=PLANE('',#3200);
#162=PLANE('',#3201);
#163=PLANE('',#3202);
#164=PLANE('',#3203);
#165=PLANE('',#3204);
#166=PLANE('',#3205);
#167=PLANE('',#3206);
#168=PLANE('',#3207);
#169=PLANE('',#3208);
#170=PLANE('',#3209);
#171=PLANE('',#3210);
#172=PLANE('',#3211);
#173=PLANE('',#3212);
#174=PLANE('',#3213);
#175=PLANE('',#3214);
#176=PLANE('',#3215);
#177=PLANE('',#3216);
#178=PLANE('',#3217);
#179=PLANE('',#3218);
#180=PLANE('',#3219);
#181=FACE_OUTER_BOUND('',#323,.T.);
#182=FACE_OUTER_BOUND('',#324,.T.);
#183=FACE_OUTER_BOUND('',#325,.T.);
#184=FACE_OUTER_BOUND('',#326,.T.);
#185=FACE_OUTER_BOUND('',#327,.T.);
#186=FACE_OUTER_BOUND('',#328,.T.);
#187=FACE_OUTER_BOUND('',#329,.T.);
#188=FACE_OUTER_BOUND('',#331,.T.);
#189=FACE_OUTER_BOUND('',#332,.T.);
#190=FACE_OUTER_BOUND('',#333,.T.);
#191=FACE_OUTER_BOUND('',#334,.T.);
#192=FACE_OUTER_BOUND('',#335,.T.);
#193=FACE_OUTER_BOUND('',#336,.T.);
#194=FACE_OUTER_BOUND('',#337,.T.);
#195=FACE_OUTER_BOUND('',#339,.T.);
#196=FACE_OUTER_BOUND('',#340,.T.);
#197=FACE_OUTER_BOUND('',#341,.T.);
#198=FACE_OUTER_BOUND('',#342,.T.);
#199=FACE_OUTER_BOUND('',#343,.T.);
#200=FACE_OUTER_BOUND('',#344,.T.);
#201=FACE_OUTER_BOUND('',#345,.T.);
#202=FACE_OUTER_BOUND('',#347,.T.);
#203=FACE_OUTER_BOUND('',#348,.T.);
#204=FACE_OUTER_BOUND('',#349,.T.);
#205=FACE_OUTER_BOUND('',#350,.T.);
#206=FACE_OUTER_BOUND('',#351,.T.);
#207=FACE_OUTER_BOUND('',#352,.T.);
#208=FACE_OUTER_BOUND('',#353,.T.);
#209=FACE_OUTER_BOUND('',#355,.T.);
#210=FACE_OUTER_BOUND('',#356,.T.);
#211=FACE_OUTER_BOUND('',#361,.T.);
#212=FACE_OUTER_BOUND('',#362,.T.);
#213=FACE_OUTER_BOUND('',#364,.T.);
#214=FACE_OUTER_BOUND('',#365,.T.);
#215=FACE_OUTER_BOUND('',#367,.T.);
#216=FACE_OUTER_BOUND('',#369,.T.);
#217=FACE_OUTER_BOUND('',#370,.T.);
#218=FACE_OUTER_BOUND('',#382,.T.);
#219=FACE_OUTER_BOUND('',#391,.T.);
#220=FACE_OUTER_BOUND('',#403,.T.);
#221=FACE_OUTER_BOUND('',#408,.T.);
#222=FACE_OUTER_BOUND('',#409,.T.);
#223=FACE_OUTER_BOUND('',#411,.T.);
#224=FACE_OUTER_BOUND('',#424,.T.);
#225=FACE_OUTER_BOUND('',#425,.T.);
#226=FACE_OUTER_BOUND('',#427,.T.);
#227=FACE_OUTER_BOUND('',#428,.T.);
#228=FACE_OUTER_BOUND('',#429,.T.);
#229=FACE_OUTER_BOUND('',#430,.T.);
#230=FACE_OUTER_BOUND('',#431,.T.);
#231=FACE_OUTER_BOUND('',#432,.T.);
#232=FACE_OUTER_BOUND('',#433,.T.);
#233=FACE_OUTER_BOUND('',#434,.T.);
#234=FACE_OUTER_BOUND('',#435,.T.);
#235=FACE_OUTER_BOUND('',#436,.T.);
#236=FACE_OUTER_BOUND('',#437,.T.);
#237=FACE_OUTER_BOUND('',#438,.T.);
#238=FACE_OUTER_BOUND('',#439,.T.);
#239=FACE_OUTER_BOUND('',#440,.T.);
#240=FACE_OUTER_BOUND('',#441,.T.);
#241=FACE_OUTER_BOUND('',#442,.T.);
#242=FACE_OUTER_BOUND('',#443,.T.);
#243=FACE_OUTER_BOUND('',#444,.T.);
#244=FACE_OUTER_BOUND('',#445,.T.);
#245=FACE_OUTER_BOUND('',#446,.T.);
#246=FACE_OUTER_BOUND('',#447,.T.);
#247=FACE_OUTER_BOUND('',#448,.T.);
#248=FACE_OUTER_BOUND('',#449,.T.);
#249=FACE_OUTER_BOUND('',#450,.T.);
#250=FACE_OUTER_BOUND('',#451,.T.);
#251=FACE_OUTER_BOUND('',#452,.T.);
#252=FACE_OUTER_BOUND('',#453,.T.);
#253=FACE_OUTER_BOUND('',#454,.T.);
#254=FACE_OUTER_BOUND('',#455,.T.);
#255=FACE_OUTER_BOUND('',#456,.T.);
#256=FACE_OUTER_BOUND('',#457,.T.);
#257=FACE_OUTER_BOUND('',#458,.T.);
#258=FACE_OUTER_BOUND('',#459,.T.);
#259=FACE_OUTER_BOUND('',#460,.T.);
#260=FACE_OUTER_BOUND('',#461,.T.);
#261=FACE_OUTER_BOUND('',#462,.T.);
#262=FACE_OUTER_BOUND('',#463,.T.);
#263=FACE_OUTER_BOUND('',#464,.T.);
#264=FACE_OUTER_BOUND('',#465,.T.);
#265=FACE_OUTER_BOUND('',#466,.T.);
#266=FACE_OUTER_BOUND('',#467,.T.);
#267=FACE_OUTER_BOUND('',#468,.T.);
#268=FACE_OUTER_BOUND('',#469,.T.);
#269=FACE_OUTER_BOUND('',#470,.T.);
#270=FACE_OUTER_BOUND('',#471,.T.);
#271=FACE_OUTER_BOUND('',#472,.T.);
#272=FACE_OUTER_BOUND('',#473,.T.);
#273=FACE_OUTER_BOUND('',#474,.T.);
#274=FACE_OUTER_BOUND('',#475,.T.);
#275=FACE_OUTER_BOUND('',#476,.T.);
#276=FACE_OUTER_BOUND('',#477,.T.);
#277=FACE_OUTER_BOUND('',#478,.T.);
#278=FACE_OUTER_BOUND('',#479,.T.);
#279=FACE_OUTER_BOUND('',#480,.T.);
#280=FACE_OUTER_BOUND('',#481,.T.);
#281=FACE_OUTER_BOUND('',#482,.T.);
#282=FACE_OUTER_BOUND('',#483,.T.);
#283=FACE_OUTER_BOUND('',#484,.T.);
#284=FACE_OUTER_BOUND('',#485,.T.);
#285=FACE_OUTER_BOUND('',#486,.T.);
#286=FACE_OUTER_BOUND('',#487,.T.);
#287=FACE_OUTER_BOUND('',#488,.T.);
#288=FACE_OUTER_BOUND('',#489,.T.);
#289=FACE_OUTER_BOUND('',#490,.T.);
#290=FACE_OUTER_BOUND('',#491,.T.);
#291=FACE_OUTER_BOUND('',#492,.T.);
#292=FACE_OUTER_BOUND('',#493,.T.);
#293=FACE_OUTER_BOUND('',#494,.T.);
#294=FACE_OUTER_BOUND('',#495,.T.);
#295=FACE_OUTER_BOUND('',#496,.T.);
#296=FACE_OUTER_BOUND('',#497,.T.);
#297=FACE_OUTER_BOUND('',#498,.T.);
#298=FACE_OUTER_BOUND('',#499,.T.);
#299=FACE_OUTER_BOUND('',#500,.T.);
#300=FACE_OUTER_BOUND('',#501,.T.);
#301=FACE_OUTER_BOUND('',#502,.T.);
#302=FACE_OUTER_BOUND('',#503,.T.);
#303=FACE_OUTER_BOUND('',#504,.T.);
#304=FACE_OUTER_BOUND('',#505,.T.);
#305=FACE_OUTER_BOUND('',#506,.T.);
#306=FACE_OUTER_BOUND('',#507,.T.);
#307=FACE_OUTER_BOUND('',#508,.T.);
#308=FACE_OUTER_BOUND('',#509,.T.);
#309=FACE_OUTER_BOUND('',#510,.T.);
#310=FACE_OUTER_BOUND('',#511,.T.);
#311=FACE_OUTER_BOUND('',#512,.T.);
#312=FACE_OUTER_BOUND('',#513,.T.);
#313=FACE_OUTER_BOUND('',#514,.T.);
#314=FACE_OUTER_BOUND('',#515,.T.);
#315=FACE_OUTER_BOUND('',#516,.T.);
#316=FACE_OUTER_BOUND('',#517,.T.);
#317=FACE_OUTER_BOUND('',#518,.T.);
#318=FACE_OUTER_BOUND('',#519,.T.);
#319=FACE_OUTER_BOUND('',#520,.T.);
#320=FACE_OUTER_BOUND('',#521,.T.);
#321=FACE_OUTER_BOUND('',#522,.T.);
#322=FACE_OUTER_BOUND('',#523,.T.);
#323=EDGE_LOOP('',(#1983,#1984,#1985,#1986));
#324=EDGE_LOOP('',(#1987,#1988,#1989,#1990));
#325=EDGE_LOOP('',(#1991,#1992,#1993,#1994));
#326=EDGE_LOOP('',(#1995,#1996,#1997,#1998));
#327=EDGE_LOOP('',(#1999,#2000,#2001,#2002));
#328=EDGE_LOOP('',(#2003,#2004,#2005,#2006));
#329=EDGE_LOOP('',(#2007,#2008,#2009,#2010,#2011,#2012));
#330=EDGE_LOOP('',(#2013));
#331=EDGE_LOOP('',(#2014,#2015,#2016,#2017));
#332=EDGE_LOOP('',(#2018,#2019,#2020,#2021));
#333=EDGE_LOOP('',(#2022,#2023,#2024,#2025));
#334=EDGE_LOOP('',(#2026,#2027,#2028,#2029));
#335=EDGE_LOOP('',(#2030,#2031,#2032,#2033));
#336=EDGE_LOOP('',(#2034,#2035,#2036,#2037));
#337=EDGE_LOOP('',(#2038,#2039,#2040,#2041,#2042,#2043));
#338=EDGE_LOOP('',(#2044));
#339=EDGE_LOOP('',(#2045,#2046,#2047,#2048));
#340=EDGE_LOOP('',(#2049,#2050,#2051,#2052));
#341=EDGE_LOOP('',(#2053,#2054,#2055,#2056));
#342=EDGE_LOOP('',(#2057,#2058,#2059,#2060));
#343=EDGE_LOOP('',(#2061,#2062,#2063,#2064));
#344=EDGE_LOOP('',(#2065,#2066,#2067,#2068));
#345=EDGE_LOOP('',(#2069,#2070,#2071,#2072,#2073,#2074));
#346=EDGE_LOOP('',(#2075));
#347=EDGE_LOOP('',(#2076,#2077,#2078,#2079));
#348=EDGE_LOOP('',(#2080,#2081,#2082,#2083));
#349=EDGE_LOOP('',(#2084,#2085,#2086,#2087));
#350=EDGE_LOOP('',(#2088,#2089,#2090,#2091));
#351=EDGE_LOOP('',(#2092,#2093,#2094,#2095));
#352=EDGE_LOOP('',(#2096,#2097,#2098,#2099));
#353=EDGE_LOOP('',(#2100,#2101,#2102,#2103,#2104,#2105));
#354=EDGE_LOOP('',(#2106));
#355=EDGE_LOOP('',(#2107,#2108,#2109,#2110));
#356=EDGE_LOOP('',(#2111,#2112,#2113,#2114));
#357=EDGE_LOOP('',(#2115,#2116,#2117,#2118));
#358=EDGE_LOOP('',(#2119,#2120,#2121,#2122));
#359=EDGE_LOOP('',(#2123,#2124,#2125,#2126));
#360=EDGE_LOOP('',(#2127,#2128,#2129,#2130));
#361=EDGE_LOOP('',(#2131,#2132,#2133,#2134));
#362=EDGE_LOOP('',(#2135,#2136,#2137,#2138));
#363=EDGE_LOOP('',(#2139,#2140,#2141,#2142,#2143,#2144,#2145,#2146));
#364=EDGE_LOOP('',(#2147,#2148,#2149,#2150));
#365=EDGE_LOOP('',(#2151,#2152,#2153,#2154,#2155,#2156,#2157,#2158,#2159,
#2160,#2161,#2162));
#366=EDGE_LOOP('',(#2163,#2164,#2165,#2166,#2167,#2168,#2169,#2170));
#367=EDGE_LOOP('',(#2171,#2172,#2173,#2174,#2175,#2176,#2177,#2178));
#368=EDGE_LOOP('',(#2179,#2180,#2181,#2182,#2183,#2184,#2185,#2186));
#369=EDGE_LOOP('',(#2187,#2188,#2189,#2190));
#370=EDGE_LOOP('',(#2191,#2192,#2193,#2194));
#371=EDGE_LOOP('',(#2195,#2196,#2197,#2198,#2199,#2200));
#372=EDGE_LOOP('',(#2201,#2202,#2203,#2204,#2205,#2206));
#373=EDGE_LOOP('',(#2207,#2208,#2209,#2210,#2211,#2212));
#374=EDGE_LOOP('',(#2213,#2214,#2215,#2216,#2217,#2218));
#375=EDGE_LOOP('',(#2219,#2220,#2221,#2222,#2223,#2224));
#376=EDGE_LOOP('',(#2225,#2226,#2227,#2228,#2229,#2230));
#377=EDGE_LOOP('',(#2231,#2232,#2233,#2234,#2235,#2236));
#378=EDGE_LOOP('',(#2237,#2238,#2239,#2240,#2241,#2242));
#379=EDGE_LOOP('',(#2243,#2244,#2245,#2246,#2247,#2248));
#380=EDGE_LOOP('',(#2249,#2250,#2251,#2252));
#381=EDGE_LOOP('',(#2253,#2254,#2255,#2256));
#382=EDGE_LOOP('',(#2257,#2258,#2259,#2260,#2261,#2262,#2263,#2264));
#383=EDGE_LOOP('',(#2265));
#384=EDGE_LOOP('',(#2266));
#385=EDGE_LOOP('',(#2267));
#386=EDGE_LOOP('',(#2268));
#387=EDGE_LOOP('',(#2269));
#388=EDGE_LOOP('',(#2270));
#389=EDGE_LOOP('',(#2271));
#390=EDGE_LOOP('',(#2272));
#391=EDGE_LOOP('',(#2273,#2274,#2275,#2276));
#392=EDGE_LOOP('',(#2277,#2278,#2279,#2280,#2281,#2282));
#393=EDGE_LOOP('',(#2283,#2284,#2285,#2286,#2287,#2288));
#394=EDGE_LOOP('',(#2289,#2290,#2291,#2292,#2293,#2294));
#395=EDGE_LOOP('',(#2295,#2296,#2297,#2298,#2299,#2300));
#396=EDGE_LOOP('',(#2301,#2302,#2303,#2304,#2305,#2306));
#397=EDGE_LOOP('',(#2307,#2308,#2309,#2310,#2311,#2312));
#398=EDGE_LOOP('',(#2313,#2314,#2315,#2316,#2317,#2318));
#399=EDGE_LOOP('',(#2319,#2320,#2321,#2322,#2323,#2324));
#400=EDGE_LOOP('',(#2325,#2326,#2327,#2328,#2329,#2330));
#401=EDGE_LOOP('',(#2331,#2332,#2333,#2334));
#402=EDGE_LOOP('',(#2335,#2336,#2337,#2338));
#403=EDGE_LOOP('',(#2339,#2340,#2341,#2342));
#404=EDGE_LOOP('',(#2343,#2344,#2345,#2346));
#405=EDGE_LOOP('',(#2347,#2348,#2349,#2350));
#406=EDGE_LOOP('',(#2351,#2352,#2353,#2354));
#407=EDGE_LOOP('',(#2355,#2356,#2357,#2358));
#408=EDGE_LOOP('',(#2359,#2360,#2361,#2362));
#409=EDGE_LOOP('',(#2363,#2364,#2365,#2366,#2367,#2368,#2369,#2370,#2371,
#2372,#2373,#2374));
#410=EDGE_LOOP('',(#2375));
#411=EDGE_LOOP('',(#2376,#2377,#2378,#2379,#2380,#2381,#2382,#2383,#2384,
#2385,#2386,#2387,#2388,#2389,#2390,#2391,#2392,#2393,#2394,#2395,#2396,
#2397,#2398,#2399,#2400,#2401,#2402,#2403,#2404,#2405,#2406,#2407));
#412=EDGE_LOOP('',(#2408));
#413=EDGE_LOOP('',(#2409));
#414=EDGE_LOOP('',(#2410));
#415=EDGE_LOOP('',(#2411));
#416=EDGE_LOOP('',(#2412));
#417=EDGE_LOOP('',(#2413));
#418=EDGE_LOOP('',(#2414));
#419=EDGE_LOOP('',(#2415));
#420=EDGE_LOOP('',(#2416));
#421=EDGE_LOOP('',(#2417));
#422=EDGE_LOOP('',(#2418));
#423=EDGE_LOOP('',(#2419));
#424=EDGE_LOOP('',(#2420,#2421,#2422,#2423));
#425=EDGE_LOOP('',(#2424,#2425,#2426,#2427));
#426=EDGE_LOOP('',(#2428));
#427=EDGE_LOOP('',(#2429,#2430,#2431,#2432));
#428=EDGE_LOOP('',(#2433,#2434,#2435,#2436));
#429=EDGE_LOOP('',(#2437,#2438,#2439,#2440));
#430=EDGE_LOOP('',(#2441,#2442,#2443,#2444));
#431=EDGE_LOOP('',(#2445,#2446,#2447,#2448));
#432=EDGE_LOOP('',(#2449,#2450,#2451,#2452));
#433=EDGE_LOOP('',(#2453,#2454,#2455,#2456));
#434=EDGE_LOOP('',(#2457,#2458,#2459,#2460));
#435=EDGE_LOOP('',(#2461,#2462,#2463,#2464));
#436=EDGE_LOOP('',(#2465,#2466,#2467,#2468));
#437=EDGE_LOOP('',(#2469,#2470,#2471,#2472));
#438=EDGE_LOOP('',(#2473,#2474,#2475,#2476));
#439=EDGE_LOOP('',(#2477,#2478,#2479,#2480));
#440=EDGE_LOOP('',(#2481,#2482,#2483,#2484));
#441=EDGE_LOOP('',(#2485,#2486,#2487,#2488));
#442=EDGE_LOOP('',(#2489,#2490,#2491,#2492));
#443=EDGE_LOOP('',(#2493,#2494,#2495,#2496));
#444=EDGE_LOOP('',(#2497,#2498,#2499,#2500));
#445=EDGE_LOOP('',(#2501,#2502,#2503,#2504));
#446=EDGE_LOOP('',(#2505,#2506,#2507,#2508));
#447=EDGE_LOOP('',(#2509,#2510,#2511,#2512));
#448=EDGE_LOOP('',(#2513,#2514,#2515,#2516));
#449=EDGE_LOOP('',(#2517,#2518,#2519,#2520));
#450=EDGE_LOOP('',(#2521,#2522,#2523,#2524));
#451=EDGE_LOOP('',(#2525,#2526,#2527,#2528));
#452=EDGE_LOOP('',(#2529,#2530,#2531,#2532));
#453=EDGE_LOOP('',(#2533,#2534,#2535,#2536));
#454=EDGE_LOOP('',(#2537,#2538,#2539,#2540));
#455=EDGE_LOOP('',(#2541,#2542,#2543,#2544));
#456=EDGE_LOOP('',(#2545,#2546,#2547,#2548));
#457=EDGE_LOOP('',(#2549,#2550,#2551,#2552));
#458=EDGE_LOOP('',(#2553,#2554,#2555,#2556));
#459=EDGE_LOOP('',(#2557,#2558,#2559,#2560));
#460=EDGE_LOOP('',(#2561,#2562,#2563,#2564));
#461=EDGE_LOOP('',(#2565,#2566,#2567,#2568));
#462=EDGE_LOOP('',(#2569,#2570,#2571,#2572));
#463=EDGE_LOOP('',(#2573,#2574,#2575,#2576));
#464=EDGE_LOOP('',(#2577,#2578,#2579,#2580));
#465=EDGE_LOOP('',(#2581,#2582,#2583,#2584));
#466=EDGE_LOOP('',(#2585,#2586,#2587,#2588));
#467=EDGE_LOOP('',(#2589,#2590,#2591,#2592));
#468=EDGE_LOOP('',(#2593,#2594,#2595,#2596));
#469=EDGE_LOOP('',(#2597,#2598,#2599,#2600));
#470=EDGE_LOOP('',(#2601,#2602,#2603,#2604));
#471=EDGE_LOOP('',(#2605,#2606,#2607,#2608));
#472=EDGE_LOOP('',(#2609,#2610,#2611,#2612));
#473=EDGE_LOOP('',(#2613,#2614,#2615,#2616));
#474=EDGE_LOOP('',(#2617,#2618,#2619,#2620));
#475=EDGE_LOOP('',(#2621,#2622,#2623,#2624));
#476=EDGE_LOOP('',(#2625,#2626,#2627,#2628));
#477=EDGE_LOOP('',(#2629,#2630,#2631,#2632));
#478=EDGE_LOOP('',(#2633,#2634,#2635,#2636));
#479=EDGE_LOOP('',(#2637,#2638,#2639,#2640));
#480=EDGE_LOOP('',(#2641,#2642,#2643,#2644));
#481=EDGE_LOOP('',(#2645,#2646,#2647,#2648));
#482=EDGE_LOOP('',(#2649,#2650,#2651,#2652));
#483=EDGE_LOOP('',(#2653,#2654,#2655,#2656));
#484=EDGE_LOOP('',(#2657,#2658,#2659,#2660));
#485=EDGE_LOOP('',(#2661,#2662,#2663,#2664));
#486=EDGE_LOOP('',(#2665,#2666,#2667,#2668));
#487=EDGE_LOOP('',(#2669,#2670,#2671,#2672));
#488=EDGE_LOOP('',(#2673,#2674,#2675,#2676));
#489=EDGE_LOOP('',(#2677,#2678,#2679,#2680));
#490=EDGE_LOOP('',(#2681,#2682,#2683,#2684));
#491=EDGE_LOOP('',(#2685,#2686,#2687,#2688));
#492=EDGE_LOOP('',(#2689,#2690,#2691,#2692));
#493=EDGE_LOOP('',(#2693,#2694,#2695,#2696));
#494=EDGE_LOOP('',(#2697,#2698,#2699,#2700));
#495=EDGE_LOOP('',(#2701,#2702,#2703,#2704));
#496=EDGE_LOOP('',(#2705,#2706,#2707,#2708));
#497=EDGE_LOOP('',(#2709,#2710,#2711,#2712));
#498=EDGE_LOOP('',(#2713,#2714,#2715,#2716));
#499=EDGE_LOOP('',(#2717,#2718,#2719,#2720));
#500=EDGE_LOOP('',(#2721,#2722,#2723,#2724));
#501=EDGE_LOOP('',(#2725,#2726,#2727,#2728));
#502=EDGE_LOOP('',(#2729,#2730,#2731,#2732));
#503=EDGE_LOOP('',(#2733,#2734,#2735,#2736));
#504=EDGE_LOOP('',(#2737,#2738,#2739,#2740));
#505=EDGE_LOOP('',(#2741,#2742,#2743,#2744));
#506=EDGE_LOOP('',(#2745,#2746,#2747,#2748));
#507=EDGE_LOOP('',(#2749,#2750,#2751,#2752));
#508=EDGE_LOOP('',(#2753,#2754,#2755,#2756));
#509=EDGE_LOOP('',(#2757,#2758,#2759,#2760));
#510=EDGE_LOOP('',(#2761,#2762,#2763,#2764));
#511=EDGE_LOOP('',(#2765,#2766,#2767,#2768));
#512=EDGE_LOOP('',(#2769,#2770,#2771,#2772));
#513=EDGE_LOOP('',(#2773,#2774,#2775,#2776));
#514=EDGE_LOOP('',(#2777,#2778,#2779,#2780));
#515=EDGE_LOOP('',(#2781,#2782,#2783,#2784));
#516=EDGE_LOOP('',(#2785,#2786,#2787,#2788));
#517=EDGE_LOOP('',(#2789,#2790,#2791,#2792));
#518=EDGE_LOOP('',(#2793,#2794,#2795,#2796));
#519=EDGE_LOOP('',(#2797,#2798,#2799,#2800));
#520=EDGE_LOOP('',(#2801,#2802,#2803,#2804));
#521=EDGE_LOOP('',(#2805,#2806,#2807,#2808));
#522=EDGE_LOOP('',(#2809,#2810,#2811,#2812));
#523=EDGE_LOOP('',(#2813,#2814,#2815,#2816));
#524=LINE('',#3998,#871);
#525=LINE('',#4003,#872);
#526=LINE('',#4005,#873);
#527=LINE('',#4007,#874);
#528=LINE('',#4008,#875);
#529=LINE('',#4014,#876);
#530=LINE('',#4017,#877);
#531=LINE('',#4019,#878);
#532=LINE('',#4020,#879);
#533=LINE('',#4024,#880);
#534=LINE('',#4026,#881);
#535=LINE('',#4028,#882);
#536=LINE('',#4029,#883);
#537=LINE('',#4034,#884);
#538=LINE('',#4039,#885);
#539=LINE('',#4044,#886);
#540=LINE('',#4046,#887);
#541=LINE('',#4048,#888);
#542=LINE('',#4049,#889);
#543=LINE('',#4055,#890);
#544=LINE('',#4058,#891);
#545=LINE('',#4060,#892);
#546=LINE('',#4061,#893);
#547=LINE('',#4065,#894);
#548=LINE('',#4067,#895);
#549=LINE('',#4069,#896);
#550=LINE('',#4070,#897);
#551=LINE('',#4075,#898);
#552=LINE('',#4080,#899);
#553=LINE('',#4087,#900);
#554=LINE('',#4090,#901);
#555=LINE('',#4093,#902);
#556=LINE('',#4095,#903);
#557=LINE('',#4096,#904);
#558=LINE('',#4102,#905);
#559=LINE('',#4105,#906);
#560=LINE('',#4107,#907);
#561=LINE('',#4108,#908);
#562=LINE('',#4111,#909);
#563=LINE('',#4113,#910);
#564=LINE('',#4114,#911);
#565=LINE('',#4116,#912);
#566=LINE('',#4121,#913);
#567=LINE('',#4128,#914);
#568=LINE('',#4131,#915);
#569=LINE('',#4134,#916);
#570=LINE('',#4136,#917);
#571=LINE('',#4137,#918);
#572=LINE('',#4143,#919);
#573=LINE('',#4146,#920);
#574=LINE('',#4148,#921);
#575=LINE('',#4149,#922);
#576=LINE('',#4152,#923);
#577=LINE('',#4154,#924);
#578=LINE('',#4155,#925);
#579=LINE('',#4157,#926);
#580=LINE('',#4163,#927);
#581=LINE('',#4166,#928);
#582=LINE('',#4169,#929);
#583=LINE('',#4171,#930);
#584=LINE('',#4172,#931);
#585=LINE('',#4175,#932);
#586=LINE('',#4177,#933);
#587=LINE('',#4179,#934);
#588=LINE('',#4180,#935);
#589=LINE('',#4183,#936);
#590=LINE('',#4185,#937);
#591=LINE('',#4187,#938);
#592=LINE('',#4188,#939);
#593=LINE('',#4191,#940);
#594=LINE('',#4193,#941);
#595=LINE('',#4195,#942);
#596=LINE('',#4196,#943);
#597=LINE('',#4199,#944);
#598=LINE('',#4201,#945);
#599=LINE('',#4203,#946);
#600=LINE('',#4204,#947);
#601=LINE('',#4210,#948);
#602=LINE('',#4213,#949);
#603=LINE('',#4215,#950);
#604=LINE('',#4216,#951);
#605=LINE('',#4219,#952);
#606=LINE('',#4223,#953);
#607=LINE('',#4227,#954);
#608=LINE('',#4231,#955);
#609=LINE('',#4238,#956);
#610=LINE('',#4241,#957);
#611=LINE('',#4243,#958);
#612=LINE('',#4245,#959);
#613=LINE('',#4247,#960);
#614=LINE('',#4248,#961);
#615=LINE('',#4249,#962);
#616=LINE('',#4252,#963);
#617=LINE('',#4256,#964);
#618=LINE('',#4260,#965);
#619=LINE('',#4264,#966);
#620=LINE('',#4268,#967);
#621=LINE('',#4272,#968);
#622=LINE('',#4276,#969);
#623=LINE('',#4279,#970);
#624=LINE('',#4283,#971);
#625=LINE('',#4288,#972);
#626=LINE('',#4291,#973);
#627=LINE('',#4292,#974);
#628=LINE('',#4295,#975);
#629=LINE('',#4299,#976);
#630=LINE('',#4301,#977);
#631=LINE('',#4303,#978);
#632=LINE('',#4307,#979);
#633=LINE('',#4309,#980);
#634=LINE('',#4311,#981);
#635=LINE('',#4313,#982);
#636=LINE('',#4315,#983);
#637=LINE('',#4316,#984);
#638=LINE('',#4319,#985);
#639=LINE('',#4321,#986);
#640=LINE('',#4323,#987);
#641=LINE('',#4325,#988);
#642=LINE('',#4327,#989);
#643=LINE('',#4328,#990);
#644=LINE('',#4331,#991);
#645=LINE('',#4333,#992);
#646=LINE('',#4335,#993);
#647=LINE('',#4337,#994);
#648=LINE('',#4339,#995);
#649=LINE('',#4340,#996);
#650=LINE('',#4343,#997);
#651=LINE('',#4345,#998);
#652=LINE('',#4347,#999);
#653=LINE('',#4349,#1000);
#654=LINE('',#4351,#1001);
#655=LINE('',#4352,#1002);
#656=LINE('',#4355,#1003);
#657=LINE('',#4357,#1004);
#658=LINE('',#4359,#1005);
#659=LINE('',#4361,#1006);
#660=LINE('',#4363,#1007);
#661=LINE('',#4364,#1008);
#662=LINE('',#4367,#1009);
#663=LINE('',#4369,#1010);
#664=LINE('',#4371,#1011);
#665=LINE('',#4373,#1012);
#666=LINE('',#4375,#1013);
#667=LINE('',#4376,#1014);
#668=LINE('',#4379,#1015);
#669=LINE('',#4381,#1016);
#670=LINE('',#4383,#1017);
#671=LINE('',#4385,#1018);
#672=LINE('',#4387,#1019);
#673=LINE('',#4388,#1020);
#674=LINE('',#4391,#1021);
#675=LINE('',#4393,#1022);
#676=LINE('',#4395,#1023);
#677=LINE('',#4397,#1024);
#678=LINE('',#4399,#1025);
#679=LINE('',#4400,#1026);
#680=LINE('',#4403,#1027);
#681=LINE('',#4405,#1028);
#682=LINE('',#4407,#1029);
#683=LINE('',#4408,#1030);
#684=LINE('',#4411,#1031);
#685=LINE('',#4413,#1032);
#686=LINE('',#4415,#1033);
#687=LINE('',#4416,#1034);
#688=LINE('',#4421,#1035);
#689=LINE('',#4441,#1036);
#690=LINE('',#4442,#1037);
#691=LINE('',#4445,#1038);
#692=LINE('',#4449,#1039);
#693=LINE('',#4451,#1040);
#694=LINE('',#4453,#1041);
#695=LINE('',#4457,#1042);
#696=LINE('',#4459,#1043);
#697=LINE('',#4461,#1044);
#698=LINE('',#4463,#1045);
#699=LINE('',#4465,#1046);
#700=LINE('',#4466,#1047);
#701=LINE('',#4469,#1048);
#702=LINE('',#4471,#1049);
#703=LINE('',#4473,#1050);
#704=LINE('',#4475,#1051);
#705=LINE('',#4477,#1052);
#706=LINE('',#4478,#1053);
#707=LINE('',#4481,#1054);
#708=LINE('',#4483,#1055);
#709=LINE('',#4485,#1056);
#710=LINE('',#4487,#1057);
#711=LINE('',#4489,#1058);
#712=LINE('',#4490,#1059);
#713=LINE('',#4493,#1060);
#714=LINE('',#4495,#1061);
#715=LINE('',#4497,#1062);
#716=LINE('',#4499,#1063);
#717=LINE('',#4501,#1064);
#718=LINE('',#4502,#1065);
#719=LINE('',#4505,#1066);
#720=LINE('',#4507,#1067);
#721=LINE('',#4509,#1068);
#722=LINE('',#4511,#1069);
#723=LINE('',#4513,#1070);
#724=LINE('',#4514,#1071);
#725=LINE('',#4517,#1072);
#726=LINE('',#4519,#1073);
#727=LINE('',#4521,#1074);
#728=LINE('',#4523,#1075);
#729=LINE('',#4525,#1076);
#730=LINE('',#4526,#1077);
#731=LINE('',#4529,#1078);
#732=LINE('',#4531,#1079);
#733=LINE('',#4533,#1080);
#734=LINE('',#4535,#1081);
#735=LINE('',#4537,#1082);
#736=LINE('',#4538,#1083);
#737=LINE('',#4541,#1084);
#738=LINE('',#4543,#1085);
#739=LINE('',#4545,#1086);
#740=LINE('',#4547,#1087);
#741=LINE('',#4549,#1088);
#742=LINE('',#4550,#1089);
#743=LINE('',#4553,#1090);
#744=LINE('',#4555,#1091);
#745=LINE('',#4557,#1092);
#746=LINE('',#4558,#1093);
#747=LINE('',#4561,#1094);
#748=LINE('',#4563,#1095);
#749=LINE('',#4565,#1096);
#750=LINE('',#4566,#1097);
#751=LINE('',#4569,#1098);
#752=LINE('',#4570,#1099);
#753=LINE('',#4573,#1100);
#754=LINE('',#4575,#1101);
#755=LINE('',#4577,#1102);
#756=LINE('',#4578,#1103);
#757=LINE('',#4581,#1104);
#758=LINE('',#4583,#1105);
#759=LINE('',#4585,#1106);
#760=LINE('',#4586,#1107);
#761=LINE('',#4589,#1108);
#762=LINE('',#4591,#1109);
#763=LINE('',#4593,#1110);
#764=LINE('',#4594,#1111);
#765=LINE('',#4597,#1112);
#766=LINE('',#4599,#1113);
#767=LINE('',#4601,#1114);
#768=LINE('',#4602,#1115);
#769=LINE('',#4606,#1116);
#770=LINE('',#4608,#1117);
#771=LINE('',#4610,#1118);
#772=LINE('',#4611,#1119);
#773=LINE('',#4612,#1120);
#774=LINE('',#4634,#1121);
#775=LINE('',#4636,#1122);
#776=LINE('',#4640,#1123);
#777=LINE('',#4642,#1124);
#778=LINE('',#4644,#1125);
#779=LINE('',#4646,#1126);
#780=LINE('',#4648,#1127);
#781=LINE('',#4650,#1128);
#782=LINE('',#4652,#1129);
#783=LINE('',#4654,#1130);
#784=LINE('',#4656,#1131);
#785=LINE('',#4658,#1132);
#786=LINE('',#4659,#1133);
#787=LINE('',#4661,#1134);
#788=LINE('',#4663,#1135);
#789=LINE('',#4665,#1136);
#790=LINE('',#4667,#1137);
#791=LINE('',#4669,#1138);
#792=LINE('',#4671,#1139);
#793=LINE('',#4676,#1140);
#794=LINE('',#4677,#1141);
#795=LINE('',#4679,#1142);
#796=LINE('',#4681,#1143);
#797=LINE('',#4683,#1144);
#798=LINE('',#4685,#1145);
#799=LINE('',#4688,#1146);
#800=LINE('',#4689,#1147);
#801=LINE('',#4691,#1148);
#802=LINE('',#4693,#1149);
#803=LINE('',#4696,#1150);
#804=LINE('',#4697,#1151);
#805=LINE('',#4699,#1152);
#806=LINE('',#4701,#1153);
#807=LINE('',#4704,#1154);
#808=LINE('',#4705,#1155);
#809=LINE('',#4707,#1156);
#810=LINE('',#4709,#1157);
#811=LINE('',#4711,#1158);
#812=LINE('',#4713,#1159);
#813=LINE('',#4716,#1160);
#814=LINE('',#4717,#1161);
#815=LINE('',#4719,#1162);
#816=LINE('',#4721,#1163);
#817=LINE('',#4723,#1164);
#818=LINE('',#4725,#1165);
#819=LINE('',#4728,#1166);
#820=LINE('',#4729,#1167);
#821=LINE('',#4731,#1168);
#822=LINE('',#4733,#1169);
#823=LINE('',#4735,#1170);
#824=LINE('',#4737,#1171);
#825=LINE('',#4740,#1172);
#826=LINE('',#4741,#1173);
#827=LINE('',#4743,#1174);
#828=LINE('',#4745,#1175);
#829=LINE('',#4747,#1176);
#830=LINE('',#4749,#1177);
#831=LINE('',#4752,#1178);
#832=LINE('',#4753,#1179);
#833=LINE('',#4755,#1180);
#834=LINE('',#4757,#1181);
#835=LINE('',#4759,#1182);
#836=LINE('',#4761,#1183);
#837=LINE('',#4764,#1184);
#838=LINE('',#4765,#1185);
#839=LINE('',#4767,#1186);
#840=LINE('',#4769,#1187);
#841=LINE('',#4771,#1188);
#842=LINE('',#4773,#1189);
#843=LINE('',#4776,#1190);
#844=LINE('',#4777,#1191);
#845=LINE('',#4779,#1192);
#846=LINE('',#4781,#1193);
#847=LINE('',#4783,#1194);
#848=LINE('',#4785,#1195);
#849=LINE('',#4788,#1196);
#850=LINE('',#4789,#1197);
#851=LINE('',#4791,#1198);
#852=LINE('',#4793,#1199);
#853=LINE('',#4795,#1200);
#854=LINE('',#4797,#1201);
#855=LINE('',#4800,#1202);
#856=LINE('',#4801,#1203);
#857=LINE('',#4803,#1204);
#858=LINE('',#4805,#1205);
#859=LINE('',#4808,#1206);
#860=LINE('',#4809,#1207);
#861=LINE('',#4811,#1208);
#862=LINE('',#4813,#1209);
#863=LINE('',#4816,#1210);
#864=LINE('',#4817,#1211);
#865=LINE('',#4819,#1212);
#866=LINE('',#4821,#1213);
#867=LINE('',#4824,#1214);
#868=LINE('',#4825,#1215);
#869=LINE('',#4827,#1216);
#870=LINE('',#4829,#1217);
#871=VECTOR('',#3226,1.5);
#872=VECTOR('',#3231,10.);
#873=VECTOR('',#3232,10.);
#874=VECTOR('',#3233,10.);
#875=VECTOR('',#3234,10.);
#876=VECTOR('',#3241,10.);
#877=VECTOR('',#3244,10.);
#878=VECTOR('',#3245,10.);
#879=VECTOR('',#3246,10.);
#880=VECTOR('',#3249,10.);
#881=VECTOR('',#3250,10.);
#882=VECTOR('',#3251,10.);
#883=VECTOR('',#3252,10.);
#884=VECTOR('',#3261,10.);
#885=VECTOR('',#3266,1.5);
#886=VECTOR('',#3271,10.);
#887=VECTOR('',#3272,10.);
#888=VECTOR('',#3273,10.);
#889=VECTOR('',#3274,10.);
#890=VECTOR('',#3281,10.);
#891=VECTOR('',#3284,10.);
#892=VECTOR('',#3285,10.);
#893=VECTOR('',#3286,10.);
#894=VECTOR('',#3289,10.);
#895=VECTOR('',#3290,10.);
#896=VECTOR('',#3291,10.);
#897=VECTOR('',#3292,10.);
#898=VECTOR('',#3301,10.);
#899=VECTOR('',#3306,1.5);
#900=VECTOR('',#3313,10.);
#901=VECTOR('',#3316,10.);
#902=VECTOR('',#3319,10.);
#903=VECTOR('',#3320,10.);
#904=VECTOR('',#3321,10.);
#905=VECTOR('',#3328,10.);
#906=VECTOR('',#3331,10.);
#907=VECTOR('',#3332,10.);
#908=VECTOR('',#3333,10.);
#909=VECTOR('',#3336,10.);
#910=VECTOR('',#3337,10.);
#911=VECTOR('',#3338,10.);
#912=VECTOR('',#3341,10.);
#913=VECTOR('',#3346,1.5);
#914=VECTOR('',#3353,10.);
#915=VECTOR('',#3356,10.);
#916=VECTOR('',#3359,10.);
#917=VECTOR('',#3360,10.);
#918=VECTOR('',#3361,10.);
#919=VECTOR('',#3368,10.);
#920=VECTOR('',#3371,10.);
#921=VECTOR('',#3372,10.);
#922=VECTOR('',#3373,10.);
#923=VECTOR('',#3376,10.);
#924=VECTOR('',#3377,10.);
#925=VECTOR('',#3378,10.);
#926=VECTOR('',#3381,10.);
#927=VECTOR('',#3386,10.);
#928=VECTOR('',#3389,10.);
#929=VECTOR('',#3392,10.);
#930=VECTOR('',#3393,10.);
#931=VECTOR('',#3394,10.);
#932=VECTOR('',#3395,10.);
#933=VECTOR('',#3396,10.);
#934=VECTOR('',#3397,10.);
#935=VECTOR('',#3398,10.);
#936=VECTOR('',#3399,10.);
#937=VECTOR('',#3400,10.);
#938=VECTOR('',#3401,10.);
#939=VECTOR('',#3402,10.);
#940=VECTOR('',#3403,10.);
#941=VECTOR('',#3404,10.);
#942=VECTOR('',#3405,10.);
#943=VECTOR('',#3406,10.);
#944=VECTOR('',#3407,10.);
#945=VECTOR('',#3408,10.);
#946=VECTOR('',#3409,10.);
#947=VECTOR('',#3410,10.);
#948=VECTOR('',#3415,10.);
#949=VECTOR('',#3418,10.);
#950=VECTOR('',#3421,10.);
#951=VECTOR('',#3422,10.);
#952=VECTOR('',#3423,10.);
#953=VECTOR('',#3426,10.);
#954=VECTOR('',#3429,10.);
#955=VECTOR('',#3432,10.);
#956=VECTOR('',#3439,10.);
#957=VECTOR('',#3442,10.);
#958=VECTOR('',#3445,10.);
#959=VECTOR('',#3446,10.);
#960=VECTOR('',#3447,10.);
#961=VECTOR('',#3448,10.);
#962=VECTOR('',#3449,10.);
#963=VECTOR('',#3450,10.);
#964=VECTOR('',#3453,10.);
#965=VECTOR('',#3456,10.);
#966=VECTOR('',#3459,10.);
#967=VECTOR('',#3464,10.);
#968=VECTOR('',#3467,10.);
#969=VECTOR('',#3470,10.);
#970=VECTOR('',#3473,10.);
#971=VECTOR('',#3476,10.);
#972=VECTOR('',#3483,10.);
#973=VECTOR('',#3486,10.);
#974=VECTOR('',#3487,10.);
#975=VECTOR('',#3488,10.);
#976=VECTOR('',#3491,10.);
#977=VECTOR('',#3492,10.);
#978=VECTOR('',#3493,10.);
#979=VECTOR('',#3496,10.);
#980=VECTOR('',#3497,10.);
#981=VECTOR('',#3498,10.);
#982=VECTOR('',#3499,10.);
#983=VECTOR('',#3500,10.);
#984=VECTOR('',#3501,10.);
#985=VECTOR('',#3502,10.);
#986=VECTOR('',#3503,10.);
#987=VECTOR('',#3504,10.);
#988=VECTOR('',#3505,10.);
#989=VECTOR('',#3506,10.);
#990=VECTOR('',#3507,10.);
#991=VECTOR('',#3508,10.);
#992=VECTOR('',#3509,10.);
#993=VECTOR('',#3510,10.);
#994=VECTOR('',#3511,10.);
#995=VECTOR('',#3512,10.);
#996=VECTOR('',#3513,10.);
#997=VECTOR('',#3514,10.);
#998=VECTOR('',#3515,10.);
#999=VECTOR('',#3516,10.);
#1000=VECTOR('',#3517,10.);
#1001=VECTOR('',#3518,10.);
#1002=VECTOR('',#3519,10.);
#1003=VECTOR('',#3520,10.);
#1004=VECTOR('',#3521,10.);
#1005=VECTOR('',#3522,10.);
#1006=VECTOR('',#3523,10.);
#1007=VECTOR('',#3524,10.);
#1008=VECTOR('',#3525,10.);
#1009=VECTOR('',#3526,10.);
#1010=VECTOR('',#3527,10.);
#1011=VECTOR('',#3528,10.);
#1012=VECTOR('',#3529,10.);
#1013=VECTOR('',#3530,10.);
#1014=VECTOR('',#3531,10.);
#1015=VECTOR('',#3532,10.);
#1016=VECTOR('',#3533,10.);
#1017=VECTOR('',#3534,10.);
#1018=VECTOR('',#3535,10.);
#1019=VECTOR('',#3536,10.);
#1020=VECTOR('',#3537,10.);
#1021=VECTOR('',#3538,10.);
#1022=VECTOR('',#3539,10.);
#1023=VECTOR('',#3540,10.);
#1024=VECTOR('',#3541,10.);
#1025=VECTOR('',#3542,10.);
#1026=VECTOR('',#3543,10.);
#1027=VECTOR('',#3544,10.);
#1028=VECTOR('',#3545,10.);
#1029=VECTOR('',#3546,10.);
#1030=VECTOR('',#3547,10.);
#1031=VECTOR('',#3548,10.);
#1032=VECTOR('',#3549,10.);
#1033=VECTOR('',#3550,10.);
#1034=VECTOR('',#3551,10.);
#1035=VECTOR('',#3556,10.);
#1036=VECTOR('',#3577,10.);
#1037=VECTOR('',#3578,10.);
#1038=VECTOR('',#3579,10.);
#1039=VECTOR('',#3582,10.);
#1040=VECTOR('',#3583,10.);
#1041=VECTOR('',#3584,10.);
#1042=VECTOR('',#3587,10.);
#1043=VECTOR('',#3588,10.);
#1044=VECTOR('',#3589,10.);
#1045=VECTOR('',#3590,10.);
#1046=VECTOR('',#3591,10.);
#1047=VECTOR('',#3592,10.);
#1048=VECTOR('',#3593,10.);
#1049=VECTOR('',#3594,10.);
#1050=VECTOR('',#3595,10.);
#1051=VECTOR('',#3596,10.);
#1052=VECTOR('',#3597,10.);
#1053=VECTOR('',#3598,10.);
#1054=VECTOR('',#3599,10.);
#1055=VECTOR('',#3600,10.);
#1056=VECTOR('',#3601,10.);
#1057=VECTOR('',#3602,10.);
#1058=VECTOR('',#3603,10.);
#1059=VECTOR('',#3604,10.);
#1060=VECTOR('',#3605,10.);
#1061=VECTOR('',#3606,10.);
#1062=VECTOR('',#3607,10.);
#1063=VECTOR('',#3608,10.);
#1064=VECTOR('',#3609,10.);
#1065=VECTOR('',#3610,10.);
#1066=VECTOR('',#3611,10.);
#1067=VECTOR('',#3612,10.);
#1068=VECTOR('',#3613,10.);
#1069=VECTOR('',#3614,10.);
#1070=VECTOR('',#3615,10.);
#1071=VECTOR('',#3616,10.);
#1072=VECTOR('',#3617,10.);
#1073=VECTOR('',#3618,10.);
#1074=VECTOR('',#3619,10.);
#1075=VECTOR('',#3620,10.);
#1076=VECTOR('',#3621,10.);
#1077=VECTOR('',#3622,10.);
#1078=VECTOR('',#3623,10.);
#1079=VECTOR('',#3624,10.);
#1080=VECTOR('',#3625,10.);
#1081=VECTOR('',#3626,10.);
#1082=VECTOR('',#3627,10.);
#1083=VECTOR('',#3628,10.);
#1084=VECTOR('',#3629,10.);
#1085=VECTOR('',#3630,10.);
#1086=VECTOR('',#3631,10.);
#1087=VECTOR('',#3632,10.);
#1088=VECTOR('',#3633,10.);
#1089=VECTOR('',#3634,10.);
#1090=VECTOR('',#3635,10.);
#1091=VECTOR('',#3636,10.);
#1092=VECTOR('',#3637,10.);
#1093=VECTOR('',#3638,10.);
#1094=VECTOR('',#3639,10.);
#1095=VECTOR('',#3640,10.);
#1096=VECTOR('',#3641,10.);
#1097=VECTOR('',#3642,10.);
#1098=VECTOR('',#3645,10.);
#1099=VECTOR('',#3646,10.);
#1100=VECTOR('',#3647,10.);
#1101=VECTOR('',#3648,10.);
#1102=VECTOR('',#3649,10.);
#1103=VECTOR('',#3650,10.);
#1104=VECTOR('',#3651,10.);
#1105=VECTOR('',#3652,10.);
#1106=VECTOR('',#3653,10.);
#1107=VECTOR('',#3654,10.);
#1108=VECTOR('',#3655,10.);
#1109=VECTOR('',#3656,10.);
#1110=VECTOR('',#3657,10.);
#1111=VECTOR('',#3658,10.);
#1112=VECTOR('',#3659,10.);
#1113=VECTOR('',#3660,10.);
#1114=VECTOR('',#3661,10.);
#1115=VECTOR('',#3662,10.);
#1116=VECTOR('',#3667,10.);
#1117=VECTOR('',#3670,10.);
#1118=VECTOR('',#3671,10.);
#1119=VECTOR('',#3672,10.);
#1120=VECTOR('',#3673,10.);
#1121=VECTOR('',#3698,10.);
#1122=VECTOR('',#3701,10.);
#1123=VECTOR('',#3706,3.78539190187506);
#1124=VECTOR('',#3709,2.11);
#1125=VECTOR('',#3712,2.11);
#1126=VECTOR('',#3715,2.11);
#1127=VECTOR('',#3718,2.11);
#1128=VECTOR('',#3721,2.11);
#1129=VECTOR('',#3724,2.11);
#1130=VECTOR('',#3727,2.11);
#1131=VECTOR('',#3730,2.11);
#1132=VECTOR('',#3733,10.);
#1133=VECTOR('',#3734,10.);
#1134=VECTOR('',#3737,10.);
#1135=VECTOR('',#3740,10.);
#1136=VECTOR('',#3743,10.);
#1137=VECTOR('',#3746,10.);
#1138=VECTOR('',#3749,10.);
#1139=VECTOR('',#3752,10.);
#1140=VECTOR('',#3761,10.);
#1141=VECTOR('',#3762,10.);
#1142=VECTOR('',#3765,10.);
#1143=VECTOR('',#3768,10.);
#1144=VECTOR('',#3771,10.);
#1145=VECTOR('',#3774,10.);
#1146=VECTOR('',#3779,10.);
#1147=VECTOR('',#3780,10.);
#1148=VECTOR('',#3783,10.);
#1149=VECTOR('',#3786,10.);
#1150=VECTOR('',#3791,10.);
#1151=VECTOR('',#3792,10.);
#1152=VECTOR('',#3795,10.);
#1153=VECTOR('',#3798,10.);
#1154=VECTOR('',#3803,10.2);
#1155=VECTOR('',#3804,10.2);
#1156=VECTOR('',#3807,10.2);
#1157=VECTOR('',#3810,10.2);
#1158=VECTOR('',#3813,10.2);
#1159=VECTOR('',#3816,10.2);
#1160=VECTOR('',#3821,10.2);
#1161=VECTOR('',#3822,10.2);
#1162=VECTOR('',#3825,10.2);
#1163=VECTOR('',#3828,10.2);
#1164=VECTOR('',#3831,10.2);
#1165=VECTOR('',#3834,10.2);
#1166=VECTOR('',#3839,10.2);
#1167=VECTOR('',#3840,10.2);
#1168=VECTOR('',#3843,10.2);
#1169=VECTOR('',#3846,10.2);
#1170=VECTOR('',#3849,10.2);
#1171=VECTOR('',#3852,10.2);
#1172=VECTOR('',#3857,10.2);
#1173=VECTOR('',#3858,10.2);
#1174=VECTOR('',#3861,10.2);
#1175=VECTOR('',#3864,10.2);
#1176=VECTOR('',#3867,10.2);
#1177=VECTOR('',#3870,10.2);
#1178=VECTOR('',#3875,10.2);
#1179=VECTOR('',#3876,10.2);
#1180=VECTOR('',#3879,10.2);
#1181=VECTOR('',#3882,10.2);
#1182=VECTOR('',#3885,10.2);
#1183=VECTOR('',#3888,10.2);
#1184=VECTOR('',#3893,10.2);
#1185=VECTOR('',#3894,10.2);
#1186=VECTOR('',#3897,10.2);
#1187=VECTOR('',#3900,10.2);
#1188=VECTOR('',#3903,10.2);
#1189=VECTOR('',#3906,10.2);
#1190=VECTOR('',#3911,10.2);
#1191=VECTOR('',#3912,10.2);
#1192=VECTOR('',#3915,10.2);
#1193=VECTOR('',#3918,10.2);
#1194=VECTOR('',#3921,10.2);
#1195=VECTOR('',#3924,10.2);
#1196=VECTOR('',#3929,10.2);
#1197=VECTOR('',#3930,10.2);
#1198=VECTOR('',#3933,10.2);
#1199=VECTOR('',#3936,10.2);
#1200=VECTOR('',#3939,10.2);
#1201=VECTOR('',#3942,10.2);
#1202=VECTOR('',#3947,10.2);
#1203=VECTOR('',#3948,10.2);
#1204=VECTOR('',#3951,10.2);
#1205=VECTOR('',#3954,10.2);
#1206=VECTOR('',#3959,10.2);
#1207=VECTOR('',#3960,10.2);
#1208=VECTOR('',#3963,10.2);
#1209=VECTOR('',#3966,10.2);
#1210=VECTOR('',#3971,10.2);
#1211=VECTOR('',#3972,10.2);
#1212=VECTOR('',#3975,10.2);
#1213=VECTOR('',#3978,10.2);
#1214=VECTOR('',#3983,10.2);
#1215=VECTOR('',#3984,10.2);
#1216=VECTOR('',#3987,10.2);
#1217=VECTOR('',#3990,10.2);
#1218=CIRCLE('',#3009,1.5);
#1219=CIRCLE('',#3010,1.5);
#1220=CIRCLE('',#3013,2.18660608285955);
#1221=CIRCLE('',#3014,2.18660608285955);
#1222=CIRCLE('',#3018,2.18660608285955);
#1223=CIRCLE('',#3019,2.18660608285955);
#1224=CIRCLE('',#3022,1.5);
#1225=CIRCLE('',#3023,1.5);
#1226=CIRCLE('',#3026,2.18660608285955);
#1227=CIRCLE('',#3027,2.18660608285955);
#1228=CIRCLE('',#3031,2.18660608285955);
#1229=CIRCLE('',#3032,2.18660608285955);
#1230=CIRCLE('',#3035,1.5);
#1231=CIRCLE('',#3036,1.5);
#1232=CIRCLE('',#3038,2.18660608285955);
#1233=CIRCLE('',#3039,2.18660608285955);
#1234=CIRCLE('',#3042,2.18660608285955);
#1235=CIRCLE('',#3043,2.18660608285955);
#1236=CIRCLE('',#3048,1.5);
#1237=CIRCLE('',#3049,1.5);
#1238=CIRCLE('',#3051,2.18660608285955);
#1239=CIRCLE('',#3052,2.18660608285955);
#1240=CIRCLE('',#3055,2.18660608285955);
#1241=CIRCLE('',#3056,2.18660608285955);
#1242=CIRCLE('',#3061,5.);
#1243=CIRCLE('',#3062,5.);
#1244=CIRCLE('',#3065,5.);
#1245=CIRCLE('',#3066,5.);
#1246=CIRCLE('',#3068,3.50000000000001);
#1247=CIRCLE('',#3069,3.50000000000001);
#1248=CIRCLE('',#3070,3.5);
#1249=CIRCLE('',#3071,3.5);
#1250=CIRCLE('',#3073,5.);
#1251=CIRCLE('',#3074,5.);
#1252=CIRCLE('',#3076,3.5);
#1253=CIRCLE('',#3077,3.5);
#1254=CIRCLE('',#3078,3.50000000000001);
#1255=CIRCLE('',#3079,3.50000000000001);
#1256=CIRCLE('',#3081,5.);
#1257=CIRCLE('',#3082,5.);
#1258=CIRCLE('',#3083,5.);
#1259=CIRCLE('',#3084,5.);
#1260=CIRCLE('',#3085,5.);
#1261=CIRCLE('',#3087,5.);
#1262=CIRCLE('',#3089,1.25);
#1263=CIRCLE('',#3090,1.25);
#1264=CIRCLE('',#3092,5.);
#1265=CIRCLE('',#3093,5.);
#1266=CIRCLE('',#3094,2.11);
#1267=CIRCLE('',#3095,2.11);
#1268=CIRCLE('',#3096,2.11);
#1269=CIRCLE('',#3097,2.11);
#1270=CIRCLE('',#3098,2.11);
#1271=CIRCLE('',#3099,2.11);
#1272=CIRCLE('',#3100,2.11);
#1273=CIRCLE('',#3101,2.11);
#1274=CIRCLE('',#3103,1.25);
#1275=CIRCLE('',#3104,1.25);
#1276=CIRCLE('',#3107,5.);
#1277=CIRCLE('',#3109,3.78539190187506);
#1278=CIRCLE('',#3111,5.);
#1279=CIRCLE('',#3112,2.11);
#1280=CIRCLE('',#3113,2.11);
#1281=CIRCLE('',#3114,2.11);
#1282=CIRCLE('',#3115,2.11);
#1283=CIRCLE('',#3116,2.11);
#1284=CIRCLE('',#3117,2.11);
#1285=CIRCLE('',#3118,2.11);
#1286=CIRCLE('',#3119,2.11);
#1287=CIRCLE('',#3122,3.78539190187506);
#1288=VERTEX_POINT('',#3995);
#1289=VERTEX_POINT('',#3997);
#1290=VERTEX_POINT('',#4001);
#1291=VERTEX_POINT('',#4002);
#1292=VERTEX_POINT('',#4004);
#1293=VERTEX_POINT('',#4006);
#1294=VERTEX_POINT('',#4010);
#1295=VERTEX_POINT('',#4012);
#1296=VERTEX_POINT('',#4016);
#1297=VERTEX_POINT('',#4018);
#1298=VERTEX_POINT('',#4022);
#1299=VERTEX_POINT('',#4023);
#1300=VERTEX_POINT('',#4025);
#1301=VERTEX_POINT('',#4027);
#1302=VERTEX_POINT('',#4036);
#1303=VERTEX_POINT('',#4038);
#1304=VERTEX_POINT('',#4042);
#1305=VERTEX_POINT('',#4043);
#1306=VERTEX_POINT('',#4045);
#1307=VERTEX_POINT('',#4047);
#1308=VERTEX_POINT('',#4051);
#1309=VERTEX_POINT('',#4053);
#1310=VERTEX_POINT('',#4057);
#1311=VERTEX_POINT('',#4059);
#1312=VERTEX_POINT('',#4063);
#1313=VERTEX_POINT('',#4064);
#1314=VERTEX_POINT('',#4066);
#1315=VERTEX_POINT('',#4068);
#1316=VERTEX_POINT('',#4077);
#1317=VERTEX_POINT('',#4079);
#1318=VERTEX_POINT('',#4083);
#1319=VERTEX_POINT('',#4084);
#1320=VERTEX_POINT('',#4086);
#1321=VERTEX_POINT('',#4088);
#1322=VERTEX_POINT('',#4092);
#1323=VERTEX_POINT('',#4094);
#1324=VERTEX_POINT('',#4098);
#1325=VERTEX_POINT('',#4100);
#1326=VERTEX_POINT('',#4104);
#1327=VERTEX_POINT('',#4106);
#1328=VERTEX_POINT('',#4110);
#1329=VERTEX_POINT('',#4112);
#1330=VERTEX_POINT('',#4118);
#1331=VERTEX_POINT('',#4120);
#1332=VERTEX_POINT('',#4124);
#1333=VERTEX_POINT('',#4125);
#1334=VERTEX_POINT('',#4127);
#1335=VERTEX_POINT('',#4129);
#1336=VERTEX_POINT('',#4133);
#1337=VERTEX_POINT('',#4135);
#1338=VERTEX_POINT('',#4139);
#1339=VERTEX_POINT('',#4141);
#1340=VERTEX_POINT('',#4145);
#1341=VERTEX_POINT('',#4147);
#1342=VERTEX_POINT('',#4151);
#1343=VERTEX_POINT('',#4153);
#1344=VERTEX_POINT('',#4159);
#1345=VERTEX_POINT('',#4160);
#1346=VERTEX_POINT('',#4162);
#1347=VERTEX_POINT('',#4164);
#1348=VERTEX_POINT('',#4168);
#1349=VERTEX_POINT('',#4170);
#1350=VERTEX_POINT('',#4173);
#1351=VERTEX_POINT('',#4174);
#1352=VERTEX_POINT('',#4176);
#1353=VERTEX_POINT('',#4178);
#1354=VERTEX_POINT('',#4181);
#1355=VERTEX_POINT('',#4182);
#1356=VERTEX_POINT('',#4184);
#1357=VERTEX_POINT('',#4186);
#1358=VERTEX_POINT('',#4189);
#1359=VERTEX_POINT('',#4190);
#1360=VERTEX_POINT('',#4192);
#1361=VERTEX_POINT('',#4194);
#1362=VERTEX_POINT('',#4197);
#1363=VERTEX_POINT('',#4198);
#1364=VERTEX_POINT('',#4200);
#1365=VERTEX_POINT('',#4202);
#1366=VERTEX_POINT('',#4206);
#1367=VERTEX_POINT('',#4207);
#1368=VERTEX_POINT('',#4209);
#1369=VERTEX_POINT('',#4211);
#1370=VERTEX_POINT('',#4217);
#1371=VERTEX_POINT('',#4218);
#1372=VERTEX_POINT('',#4220);
#1373=VERTEX_POINT('',#4222);
#1374=VERTEX_POINT('',#4224);
#1375=VERTEX_POINT('',#4226);
#1376=VERTEX_POINT('',#4228);
#1377=VERTEX_POINT('',#4230);
#1378=VERTEX_POINT('',#4234);
#1379=VERTEX_POINT('',#4235);
#1380=VERTEX_POINT('',#4237);
#1381=VERTEX_POINT('',#4239);
#1382=VERTEX_POINT('',#4244);
#1383=VERTEX_POINT('',#4246);
#1384=VERTEX_POINT('',#4250);
#1385=VERTEX_POINT('',#4251);
#1386=VERTEX_POINT('',#4253);
#1387=VERTEX_POINT('',#4255);
#1388=VERTEX_POINT('',#4257);
#1389=VERTEX_POINT('',#4259);
#1390=VERTEX_POINT('',#4261);
#1391=VERTEX_POINT('',#4263);
#1392=VERTEX_POINT('',#4267);
#1393=VERTEX_POINT('',#4269);
#1394=VERTEX_POINT('',#4271);
#1395=VERTEX_POINT('',#4273);
#1396=VERTEX_POINT('',#4275);
#1397=VERTEX_POINT('',#4278);
#1398=VERTEX_POINT('',#4280);
#1399=VERTEX_POINT('',#4282);
#1400=VERTEX_POINT('',#4286);
#1401=VERTEX_POINT('',#4290);
#1402=VERTEX_POINT('',#4293);
#1403=VERTEX_POINT('',#4294);
#1404=VERTEX_POINT('',#4296);
#1405=VERTEX_POINT('',#4298);
#1406=VERTEX_POINT('',#4300);
#1407=VERTEX_POINT('',#4302);
#1408=VERTEX_POINT('',#4305);
#1409=VERTEX_POINT('',#4306);
#1410=VERTEX_POINT('',#4308);
#1411=VERTEX_POINT('',#4310);
#1412=VERTEX_POINT('',#4312);
#1413=VERTEX_POINT('',#4314);
#1414=VERTEX_POINT('',#4317);
#1415=VERTEX_POINT('',#4318);
#1416=VERTEX_POINT('',#4320);
#1417=VERTEX_POINT('',#4322);
#1418=VERTEX_POINT('',#4324);
#1419=VERTEX_POINT('',#4326);
#1420=VERTEX_POINT('',#4329);
#1421=VERTEX_POINT('',#4330);
#1422=VERTEX_POINT('',#4332);
#1423=VERTEX_POINT('',#4334);
#1424=VERTEX_POINT('',#4336);
#1425=VERTEX_POINT('',#4338);
#1426=VERTEX_POINT('',#4341);
#1427=VERTEX_POINT('',#4342);
#1428=VERTEX_POINT('',#4344);
#1429=VERTEX_POINT('',#4346);
#1430=VERTEX_POINT('',#4348);
#1431=VERTEX_POINT('',#4350);
#1432=VERTEX_POINT('',#4353);
#1433=VERTEX_POINT('',#4354);
#1434=VERTEX_POINT('',#4356);
#1435=VERTEX_POINT('',#4358);
#1436=VERTEX_POINT('',#4360);
#1437=VERTEX_POINT('',#4362);
#1438=VERTEX_POINT('',#4365);
#1439=VERTEX_POINT('',#4366);
#1440=VERTEX_POINT('',#4368);
#1441=VERTEX_POINT('',#4370);
#1442=VERTEX_POINT('',#4372);
#1443=VERTEX_POINT('',#4374);
#1444=VERTEX_POINT('',#4377);
#1445=VERTEX_POINT('',#4378);
#1446=VERTEX_POINT('',#4380);
#1447=VERTEX_POINT('',#4382);
#1448=VERTEX_POINT('',#4384);
#1449=VERTEX_POINT('',#4386);
#1450=VERTEX_POINT('',#4389);
#1451=VERTEX_POINT('',#4390);
#1452=VERTEX_POINT('',#4392);
#1453=VERTEX_POINT('',#4394);
#1454=VERTEX_POINT('',#4396);
#1455=VERTEX_POINT('',#4398);
#1456=VERTEX_POINT('',#4401);
#1457=VERTEX_POINT('',#4402);
#1458=VERTEX_POINT('',#4404);
#1459=VERTEX_POINT('',#4406);
#1460=VERTEX_POINT('',#4409);
#1461=VERTEX_POINT('',#4410);
#1462=VERTEX_POINT('',#4412);
#1463=VERTEX_POINT('',#4414);
#1464=VERTEX_POINT('',#4418);
#1465=VERTEX_POINT('',#4420);
#1466=VERTEX_POINT('',#4423);
#1467=VERTEX_POINT('',#4425);
#1468=VERTEX_POINT('',#4427);
#1469=VERTEX_POINT('',#4429);
#1470=VERTEX_POINT('',#4431);
#1471=VERTEX_POINT('',#4433);
#1472=VERTEX_POINT('',#4435);
#1473=VERTEX_POINT('',#4437);
#1474=VERTEX_POINT('',#4440);
#1475=VERTEX_POINT('',#4443);
#1476=VERTEX_POINT('',#4444);
#1477=VERTEX_POINT('',#4446);
#1478=VERTEX_POINT('',#4448);
#1479=VERTEX_POINT('',#4450);
#1480=VERTEX_POINT('',#4452);
#1481=VERTEX_POINT('',#4455);
#1482=VERTEX_POINT('',#4456);
#1483=VERTEX_POINT('',#4458);
#1484=VERTEX_POINT('',#4460);
#1485=VERTEX_POINT('',#4462);
#1486=VERTEX_POINT('',#4464);
#1487=VERTEX_POINT('',#4467);
#1488=VERTEX_POINT('',#4468);
#1489=VERTEX_POINT('',#4470);
#1490=VERTEX_POINT('',#4472);
#1491=VERTEX_POINT('',#4474);
#1492=VERTEX_POINT('',#4476);
#1493=VERTEX_POINT('',#4479);
#1494=VERTEX_POINT('',#4480);
#1495=VERTEX_POINT('',#4482);
#1496=VERTEX_POINT('',#4484);
#1497=VERTEX_POINT('',#4486);
#1498=VERTEX_POINT('',#4488);
#1499=VERTEX_POINT('',#4491);
#1500=VERTEX_POINT('',#4492);
#1501=VERTEX_POINT('',#4494);
#1502=VERTEX_POINT('',#4496);
#1503=VERTEX_POINT('',#4498);
#1504=VERTEX_POINT('',#4500);
#1505=VERTEX_POINT('',#4503);
#1506=VERTEX_POINT('',#4504);
#1507=VERTEX_POINT('',#4506);
#1508=VERTEX_POINT('',#4508);
#1509=VERTEX_POINT('',#4510);
#1510=VERTEX_POINT('',#4512);
#1511=VERTEX_POINT('',#4515);
#1512=VERTEX_POINT('',#4516);
#1513=VERTEX_POINT('',#4518);
#1514=VERTEX_POINT('',#4520);
#1515=VERTEX_POINT('',#4522);
#1516=VERTEX_POINT('',#4524);
#1517=VERTEX_POINT('',#4527);
#1518=VERTEX_POINT('',#4528);
#1519=VERTEX_POINT('',#4530);
#1520=VERTEX_POINT('',#4532);
#1521=VERTEX_POINT('',#4534);
#1522=VERTEX_POINT('',#4536);
#1523=VERTEX_POINT('',#4539);
#1524=VERTEX_POINT('',#4540);
#1525=VERTEX_POINT('',#4542);
#1526=VERTEX_POINT('',#4544);
#1527=VERTEX_POINT('',#4546);
#1528=VERTEX_POINT('',#4548);
#1529=VERTEX_POINT('',#4551);
#1530=VERTEX_POINT('',#4552);
#1531=VERTEX_POINT('',#4554);
#1532=VERTEX_POINT('',#4556);
#1533=VERTEX_POINT('',#4559);
#1534=VERTEX_POINT('',#4560);
#1535=VERTEX_POINT('',#4562);
#1536=VERTEX_POINT('',#4564);
#1537=VERTEX_POINT('',#4568);
#1538=VERTEX_POINT('',#4571);
#1539=VERTEX_POINT('',#4572);
#1540=VERTEX_POINT('',#4574);
#1541=VERTEX_POINT('',#4576);
#1542=VERTEX_POINT('',#4579);
#1543=VERTEX_POINT('',#4580);
#1544=VERTEX_POINT('',#4582);
#1545=VERTEX_POINT('',#4584);
#1546=VERTEX_POINT('',#4587);
#1547=VERTEX_POINT('',#4588);
#1548=VERTEX_POINT('',#4590);
#1549=VERTEX_POINT('',#4592);
#1550=VERTEX_POINT('',#4595);
#1551=VERTEX_POINT('',#4596);
#1552=VERTEX_POINT('',#4598);
#1553=VERTEX_POINT('',#4600);
#1554=VERTEX_POINT('',#4604);
#1555=VERTEX_POINT('',#4609);
#1556=VERTEX_POINT('',#4613);
#1557=VERTEX_POINT('',#4617);
#1558=VERTEX_POINT('',#4619);
#1559=VERTEX_POINT('',#4621);
#1560=VERTEX_POINT('',#4623);
#1561=VERTEX_POINT('',#4625);
#1562=VERTEX_POINT('',#4627);
#1563=VERTEX_POINT('',#4629);
#1564=VERTEX_POINT('',#4631);
#1565=VERTEX_POINT('',#4637);
#1566=EDGE_CURVE('',#1288,#1288,#1218,.T.);
#1567=EDGE_CURVE('',#1288,#1289,#524,.T.);
#1568=EDGE_CURVE('',#1289,#1289,#1219,.T.);
#1569=EDGE_CURVE('',#1290,#1291,#525,.T.);
#1570=EDGE_CURVE('',#1291,#1292,#526,.T.);
#1571=EDGE_CURVE('',#1293,#1292,#527,.T.);
#1572=EDGE_CURVE('',#1290,#1293,#528,.T.);
#1573=EDGE_CURVE('',#1290,#1294,#1220,.T.);
#1574=EDGE_CURVE('',#1295,#1293,#1221,.T.);
#1575=EDGE_CURVE('',#1294,#1295,#529,.T.);
#1576=EDGE_CURVE('',#1296,#1294,#530,.T.);
#1577=EDGE_CURVE('',#1297,#1295,#531,.T.);
#1578=EDGE_CURVE('',#1296,#1297,#532,.T.);
#1579=EDGE_CURVE('',#1298,#1299,#533,.T.);
#1580=EDGE_CURVE('',#1300,#1299,#534,.T.);
#1581=EDGE_CURVE('',#1301,#1300,#535,.T.);
#1582=EDGE_CURVE('',#1298,#1301,#536,.T.);
#1583=EDGE_CURVE('',#1298,#1291,#1222,.T.);
#1584=EDGE_CURVE('',#1292,#1301,#1223,.T.);
#1585=EDGE_CURVE('',#1297,#1300,#537,.T.);
#1586=EDGE_CURVE('',#1302,#1302,#1224,.T.);
#1587=EDGE_CURVE('',#1302,#1303,#538,.T.);
#1588=EDGE_CURVE('',#1303,#1303,#1225,.T.);
#1589=EDGE_CURVE('',#1304,#1305,#539,.T.);
#1590=EDGE_CURVE('',#1304,#1306,#540,.T.);
#1591=EDGE_CURVE('',#1307,#1306,#541,.T.);
#1592=EDGE_CURVE('',#1305,#1307,#542,.T.);
#1593=EDGE_CURVE('',#1305,#1308,#1226,.T.);
#1594=EDGE_CURVE('',#1309,#1307,#1227,.T.);
#1595=EDGE_CURVE('',#1308,#1309,#543,.T.);
#1596=EDGE_CURVE('',#1308,#1310,#544,.T.);
#1597=EDGE_CURVE('',#1311,#1309,#545,.T.);
#1598=EDGE_CURVE('',#1310,#1311,#546,.T.);
#1599=EDGE_CURVE('',#1312,#1313,#547,.T.);
#1600=EDGE_CURVE('',#1314,#1312,#548,.T.);
#1601=EDGE_CURVE('',#1315,#1314,#549,.T.);
#1602=EDGE_CURVE('',#1313,#1315,#550,.T.);
#1603=EDGE_CURVE('',#1313,#1304,#1228,.T.);
#1604=EDGE_CURVE('',#1306,#1315,#1229,.T.);
#1605=EDGE_CURVE('',#1311,#1314,#551,.T.);
#1606=EDGE_CURVE('',#1316,#1316,#1230,.T.);
#1607=EDGE_CURVE('',#1316,#1317,#552,.T.);
#1608=EDGE_CURVE('',#1317,#1317,#1231,.T.);
#1609=EDGE_CURVE('',#1318,#1319,#1232,.T.);
#1610=EDGE_CURVE('',#1318,#1320,#553,.T.);
#1611=EDGE_CURVE('',#1321,#1320,#1233,.T.);
#1612=EDGE_CURVE('',#1319,#1321,#554,.T.);
#1613=EDGE_CURVE('',#1319,#1322,#555,.T.);
#1614=EDGE_CURVE('',#1323,#1321,#556,.T.);
#1615=EDGE_CURVE('',#1322,#1323,#557,.T.);
#1616=EDGE_CURVE('',#1322,#1324,#1234,.T.);
#1617=EDGE_CURVE('',#1325,#1323,#1235,.T.);
#1618=EDGE_CURVE('',#1324,#1325,#558,.T.);
#1619=EDGE_CURVE('',#1324,#1326,#559,.T.);
#1620=EDGE_CURVE('',#1327,#1325,#560,.T.);
#1621=EDGE_CURVE('',#1326,#1327,#561,.T.);
#1622=EDGE_CURVE('',#1328,#1318,#562,.T.);
#1623=EDGE_CURVE('',#1329,#1328,#563,.T.);
#1624=EDGE_CURVE('',#1320,#1329,#564,.T.);
#1625=EDGE_CURVE('',#1327,#1329,#565,.T.);
#1626=EDGE_CURVE('',#1330,#1330,#1236,.T.);
#1627=EDGE_CURVE('',#1330,#1331,#566,.T.);
#1628=EDGE_CURVE('',#1331,#1331,#1237,.T.);
#1629=EDGE_CURVE('',#1332,#1333,#1238,.T.);
#1630=EDGE_CURVE('',#1332,#1334,#567,.T.);
#1631=EDGE_CURVE('',#1335,#1334,#1239,.T.);
#1632=EDGE_CURVE('',#1333,#1335,#568,.T.);
#1633=EDGE_CURVE('',#1336,#1333,#569,.T.);
#1634=EDGE_CURVE('',#1337,#1335,#570,.T.);
#1635=EDGE_CURVE('',#1336,#1337,#571,.T.);
#1636=EDGE_CURVE('',#1336,#1338,#1240,.T.);
#1637=EDGE_CURVE('',#1339,#1337,#1241,.T.);
#1638=EDGE_CURVE('',#1338,#1339,#572,.T.);
#1639=EDGE_CURVE('',#1340,#1338,#573,.T.);
#1640=EDGE_CURVE('',#1341,#1339,#574,.T.);
#1641=EDGE_CURVE('',#1340,#1341,#575,.T.);
#1642=EDGE_CURVE('',#1332,#1342,#576,.T.);
#1643=EDGE_CURVE('',#1343,#1342,#577,.T.);
#1644=EDGE_CURVE('',#1334,#1343,#578,.T.);
#1645=EDGE_CURVE('',#1341,#1343,#579,.T.);
#1646=EDGE_CURVE('',#1344,#1345,#1242,.T.);
#1647=EDGE_CURVE('',#1344,#1346,#580,.T.);
#1648=EDGE_CURVE('',#1346,#1347,#1243,.T.);
#1649=EDGE_CURVE('',#1347,#1345,#581,.T.);
#1650=EDGE_CURVE('',#1348,#1347,#582,.T.);
#1651=EDGE_CURVE('',#1349,#1348,#583,.T.);
#1652=EDGE_CURVE('',#1345,#1349,#584,.F.);
#1653=EDGE_CURVE('',#1350,#1351,#585,.T.);
#1654=EDGE_CURVE('',#1351,#1352,#586,.T.);
#1655=EDGE_CURVE('',#1352,#1353,#587,.T.);
#1656=EDGE_CURVE('',#1353,#1350,#588,.T.);
#1657=EDGE_CURVE('',#1354,#1355,#589,.T.);
#1658=EDGE_CURVE('',#1355,#1356,#590,.T.);
#1659=EDGE_CURVE('',#1356,#1357,#591,.T.);
#1660=EDGE_CURVE('',#1357,#1354,#592,.T.);
#1661=EDGE_CURVE('',#1358,#1359,#593,.T.);
#1662=EDGE_CURVE('',#1359,#1360,#594,.T.);
#1663=EDGE_CURVE('',#1360,#1361,#595,.T.);
#1664=EDGE_CURVE('',#1361,#1358,#596,.T.);
#1665=EDGE_CURVE('',#1362,#1363,#597,.T.);
#1666=EDGE_CURVE('',#1363,#1364,#598,.T.);
#1667=EDGE_CURVE('',#1364,#1365,#599,.T.);
#1668=EDGE_CURVE('',#1365,#1362,#600,.T.);
#1669=EDGE_CURVE('',#1366,#1367,#1244,.T.);
#1670=EDGE_CURVE('',#1366,#1368,#601,.T.);
#1671=EDGE_CURVE('',#1368,#1369,#1245,.T.);
#1672=EDGE_CURVE('',#1369,#1367,#602,.T.);
#1673=EDGE_CURVE('',#1367,#1344,#603,.F.);
#1674=EDGE_CURVE('',#1346,#1369,#604,.T.);
#1675=EDGE_CURVE('',#1370,#1371,#605,.T.);
#1676=EDGE_CURVE('',#1371,#1372,#1246,.T.);
#1677=EDGE_CURVE('',#1372,#1373,#606,.T.);
#1678=EDGE_CURVE('',#1373,#1374,#1247,.T.);
#1679=EDGE_CURVE('',#1374,#1375,#607,.T.);
#1680=EDGE_CURVE('',#1375,#1376,#1248,.T.);
#1681=EDGE_CURVE('',#1376,#1377,#608,.T.);
#1682=EDGE_CURVE('',#1377,#1370,#1249,.T.);
#1683=EDGE_CURVE('',#1378,#1379,#1250,.T.);
#1684=EDGE_CURVE('',#1379,#1380,#609,.T.);
#1685=EDGE_CURVE('',#1380,#1381,#1251,.T.);
#1686=EDGE_CURVE('',#1381,#1378,#610,.T.);
#1687=EDGE_CURVE('',#1299,#1380,#611,.T.);
#1688=EDGE_CURVE('',#1382,#1379,#612,.T.);
#1689=EDGE_CURVE('',#1383,#1382,#613,.T.);
#1690=EDGE_CURVE('',#1383,#1326,#614,.T.);
#1691=EDGE_CURVE('',#1328,#1296,#615,.T.);
#1692=EDGE_CURVE('',#1384,#1385,#616,.T.);
#1693=EDGE_CURVE('',#1385,#1386,#1252,.T.);
#1694=EDGE_CURVE('',#1386,#1387,#617,.T.);
#1695=EDGE_CURVE('',#1387,#1388,#1253,.T.);
#1696=EDGE_CURVE('',#1388,#1389,#618,.T.);
#1697=EDGE_CURVE('',#1389,#1390,#1254,.T.);
#1698=EDGE_CURVE('',#1390,#1391,#619,.T.);
#1699=EDGE_CURVE('',#1391,#1384,#1255,.T.);
#1700=EDGE_CURVE('',#1378,#1392,#620,.T.);
#1701=EDGE_CURVE('',#1393,#1392,#1256,.T.);
#1702=EDGE_CURVE('',#1393,#1394,#621,.T.);
#1703=EDGE_CURVE('',#1395,#1394,#1257,.T.);
#1704=EDGE_CURVE('',#1395,#1396,#622,.T.);
#1705=EDGE_CURVE('',#1382,#1396,#1258,.T.);
#1706=EDGE_CURVE('',#1368,#1397,#623,.T.);
#1707=EDGE_CURVE('',#1398,#1397,#1259,.T.);
#1708=EDGE_CURVE('',#1398,#1399,#624,.T.);
#1709=EDGE_CURVE('',#1348,#1399,#1260,.T.);
#1710=EDGE_CURVE('',#1400,#1383,#1261,.T.);
#1711=EDGE_CURVE('',#1396,#1400,#625,.T.);
#1712=EDGE_CURVE('',#1401,#1366,#626,.F.);
#1713=EDGE_CURVE('',#1397,#1401,#627,.T.);
#1714=EDGE_CURVE('',#1402,#1403,#628,.T.);
#1715=EDGE_CURVE('',#1403,#1404,#1262,.T.);
#1716=EDGE_CURVE('',#1404,#1405,#629,.T.);
#1717=EDGE_CURVE('',#1405,#1406,#630,.T.);
#1718=EDGE_CURVE('',#1406,#1407,#631,.T.);
#1719=EDGE_CURVE('',#1407,#1402,#1263,.T.);
#1720=EDGE_CURVE('',#1408,#1409,#632,.T.);
#1721=EDGE_CURVE('',#1409,#1410,#633,.T.);
#1722=EDGE_CURVE('',#1410,#1411,#634,.T.);
#1723=EDGE_CURVE('',#1411,#1412,#635,.T.);
#1724=EDGE_CURVE('',#1412,#1413,#636,.T.);
#1725=EDGE_CURVE('',#1413,#1408,#637,.T.);
#1726=EDGE_CURVE('',#1414,#1415,#638,.T.);
#1727=EDGE_CURVE('',#1415,#1416,#639,.T.);
#1728=EDGE_CURVE('',#1416,#1417,#640,.T.);
#1729=EDGE_CURVE('',#1417,#1418,#641,.T.);
#1730=EDGE_CURVE('',#1418,#1419,#642,.T.);
#1731=EDGE_CURVE('',#1419,#1414,#643,.T.);
#1732=EDGE_CURVE('',#1420,#1421,#644,.T.);
#1733=EDGE_CURVE('',#1421,#1422,#645,.T.);
#1734=EDGE_CURVE('',#1422,#1423,#646,.T.);
#1735=EDGE_CURVE('',#1423,#1424,#647,.T.);
#1736=EDGE_CURVE('',#1424,#1425,#648,.T.);
#1737=EDGE_CURVE('',#1425,#1420,#649,.T.);
#1738=EDGE_CURVE('',#1426,#1427,#650,.T.);
#1739=EDGE_CURVE('',#1427,#1428,#651,.T.);
#1740=EDGE_CURVE('',#1428,#1429,#652,.T.);
#1741=EDGE_CURVE('',#1429,#1430,#653,.T.);
#1742=EDGE_CURVE('',#1430,#1431,#654,.T.);
#1743=EDGE_CURVE('',#1431,#1426,#655,.T.);
#1744=EDGE_CURVE('',#1432,#1433,#656,.T.);
#1745=EDGE_CURVE('',#1433,#1434,#657,.T.);
#1746=EDGE_CURVE('',#1434,#1435,#658,.T.);
#1747=EDGE_CURVE('',#1435,#1436,#659,.T.);
#1748=EDGE_CURVE('',#1436,#1437,#660,.T.);
#1749=EDGE_CURVE('',#1437,#1432,#661,.T.);
#1750=EDGE_CURVE('',#1438,#1439,#662,.T.);
#1751=EDGE_CURVE('',#1439,#1440,#663,.T.);
#1752=EDGE_CURVE('',#1440,#1441,#664,.T.);
#1753=EDGE_CURVE('',#1441,#1442,#665,.T.);
#1754=EDGE_CURVE('',#1442,#1443,#666,.T.);
#1755=EDGE_CURVE('',#1443,#1438,#667,.T.);
#1756=EDGE_CURVE('',#1444,#1445,#668,.T.);
#1757=EDGE_CURVE('',#1445,#1446,#669,.T.);
#1758=EDGE_CURVE('',#1446,#1447,#670,.T.);
#1759=EDGE_CURVE('',#1447,#1448,#671,.T.);
#1760=EDGE_CURVE('',#1448,#1449,#672,.T.);
#1761=EDGE_CURVE('',#1449,#1444,#673,.T.);
#1762=EDGE_CURVE('',#1450,#1451,#674,.T.);
#1763=EDGE_CURVE('',#1451,#1452,#675,.T.);
#1764=EDGE_CURVE('',#1452,#1453,#676,.T.);
#1765=EDGE_CURVE('',#1453,#1454,#677,.T.);
#1766=EDGE_CURVE('',#1454,#1455,#678,.T.);
#1767=EDGE_CURVE('',#1455,#1450,#679,.T.);
#1768=EDGE_CURVE('',#1456,#1457,#680,.T.);
#1769=EDGE_CURVE('',#1457,#1458,#681,.T.);
#1770=EDGE_CURVE('',#1458,#1459,#682,.T.);
#1771=EDGE_CURVE('',#1459,#1456,#683,.T.);
#1772=EDGE_CURVE('',#1460,#1461,#684,.T.);
#1773=EDGE_CURVE('',#1461,#1462,#685,.T.);
#1774=EDGE_CURVE('',#1462,#1463,#686,.T.);
#1775=EDGE_CURVE('',#1463,#1460,#687,.T.);
#1776=EDGE_CURVE('',#1349,#1464,#1264,.T.);
#1777=EDGE_CURVE('',#1464,#1465,#688,.F.);
#1778=EDGE_CURVE('',#1465,#1401,#1265,.T.);
#1779=EDGE_CURVE('',#1466,#1466,#1266,.T.);
#1780=EDGE_CURVE('',#1467,#1467,#1267,.T.);
#1781=EDGE_CURVE('',#1468,#1468,#1268,.T.);
#1782=EDGE_CURVE('',#1469,#1469,#1269,.T.);
#1783=EDGE_CURVE('',#1470,#1470,#1270,.T.);
#1784=EDGE_CURVE('',#1471,#1471,#1271,.T.);
#1785=EDGE_CURVE('',#1472,#1472,#1272,.T.);
#1786=EDGE_CURVE('',#1473,#1473,#1273,.T.);
#1787=EDGE_CURVE('',#1474,#1395,#689,.T.);
#1788=EDGE_CURVE('',#1474,#1400,#690,.T.);
#1789=EDGE_CURVE('',#1475,#1476,#691,.T.);
#1790=EDGE_CURVE('',#1476,#1477,#1274,.T.);
#1791=EDGE_CURVE('',#1477,#1478,#692,.T.);
#1792=EDGE_CURVE('',#1478,#1479,#693,.T.);
#1793=EDGE_CURVE('',#1479,#1480,#694,.T.);
#1794=EDGE_CURVE('',#1480,#1475,#1275,.T.);
#1795=EDGE_CURVE('',#1481,#1482,#695,.T.);
#1796=EDGE_CURVE('',#1482,#1483,#696,.T.);
#1797=EDGE_CURVE('',#1483,#1484,#697,.T.);
#1798=EDGE_CURVE('',#1484,#1485,#698,.T.);
#1799=EDGE_CURVE('',#1485,#1486,#699,.T.);
#1800=EDGE_CURVE('',#1486,#1481,#700,.T.);
#1801=EDGE_CURVE('',#1487,#1488,#701,.T.);
#1802=EDGE_CURVE('',#1488,#1489,#702,.T.);
#1803=EDGE_CURVE('',#1489,#1490,#703,.T.);
#1804=EDGE_CURVE('',#1490,#1491,#704,.T.);
#1805=EDGE_CURVE('',#1491,#1492,#705,.T.);
#1806=EDGE_CURVE('',#1492,#1487,#706,.T.);
#1807=EDGE_CURVE('',#1493,#1494,#707,.T.);
#1808=EDGE_CURVE('',#1494,#1495,#708,.T.);
#1809=EDGE_CURVE('',#1495,#1496,#709,.T.);
#1810=EDGE_CURVE('',#1496,#1497,#710,.T.);
#1811=EDGE_CURVE('',#1497,#1498,#711,.T.);
#1812=EDGE_CURVE('',#1498,#1493,#712,.T.);
#1813=EDGE_CURVE('',#1499,#1500,#713,.T.);
#1814=EDGE_CURVE('',#1500,#1501,#714,.T.);
#1815=EDGE_CURVE('',#1501,#1502,#715,.T.);
#1816=EDGE_CURVE('',#1502,#1503,#716,.T.);
#1817=EDGE_CURVE('',#1503,#1504,#717,.T.);
#1818=EDGE_CURVE('',#1504,#1499,#718,.T.);
#1819=EDGE_CURVE('',#1505,#1506,#719,.T.);
#1820=EDGE_CURVE('',#1506,#1507,#720,.T.);
#1821=EDGE_CURVE('',#1507,#1508,#721,.T.);
#1822=EDGE_CURVE('',#1508,#1509,#722,.T.);
#1823=EDGE_CURVE('',#1509,#1510,#723,.T.);
#1824=EDGE_CURVE('',#1510,#1505,#724,.T.);
#1825=EDGE_CURVE('',#1511,#1512,#725,.T.);
#1826=EDGE_CURVE('',#1512,#1513,#726,.T.);
#1827=EDGE_CURVE('',#1513,#1514,#727,.T.);
#1828=EDGE_CURVE('',#1514,#1515,#728,.T.);
#1829=EDGE_CURVE('',#1515,#1516,#729,.T.);
#1830=EDGE_CURVE('',#1516,#1511,#730,.T.);
#1831=EDGE_CURVE('',#1517,#1518,#731,.T.);
#1832=EDGE_CURVE('',#1518,#1519,#732,.T.);
#1833=EDGE_CURVE('',#1519,#1520,#733,.T.);
#1834=EDGE_CURVE('',#1520,#1521,#734,.T.);
#1835=EDGE_CURVE('',#1521,#1522,#735,.T.);
#1836=EDGE_CURVE('',#1522,#1517,#736,.T.);
#1837=EDGE_CURVE('',#1523,#1524,#737,.T.);
#1838=EDGE_CURVE('',#1524,#1525,#738,.T.);
#1839=EDGE_CURVE('',#1525,#1526,#739,.T.);
#1840=EDGE_CURVE('',#1526,#1527,#740,.T.);
#1841=EDGE_CURVE('',#1527,#1528,#741,.T.);
#1842=EDGE_CURVE('',#1528,#1523,#742,.T.);
#1843=EDGE_CURVE('',#1529,#1530,#743,.T.);
#1844=EDGE_CURVE('',#1530,#1531,#744,.T.);
#1845=EDGE_CURVE('',#1531,#1532,#745,.T.);
#1846=EDGE_CURVE('',#1532,#1529,#746,.T.);
#1847=EDGE_CURVE('',#1533,#1534,#747,.T.);
#1848=EDGE_CURVE('',#1534,#1535,#748,.T.);
#1849=EDGE_CURVE('',#1535,#1536,#749,.T.);
#1850=EDGE_CURVE('',#1536,#1533,#750,.T.);
#1851=EDGE_CURVE('',#1381,#1537,#751,.T.);
#1852=EDGE_CURVE('',#1392,#1537,#752,.T.);
#1853=EDGE_CURVE('',#1538,#1539,#753,.T.);
#1854=EDGE_CURVE('',#1539,#1540,#754,.T.);
#1855=EDGE_CURVE('',#1540,#1541,#755,.T.);
#1856=EDGE_CURVE('',#1541,#1538,#756,.T.);
#1857=EDGE_CURVE('',#1542,#1543,#757,.T.);
#1858=EDGE_CURVE('',#1543,#1544,#758,.T.);
#1859=EDGE_CURVE('',#1544,#1545,#759,.T.);
#1860=EDGE_CURVE('',#1545,#1542,#760,.T.);
#1861=EDGE_CURVE('',#1546,#1547,#761,.T.);
#1862=EDGE_CURVE('',#1547,#1548,#762,.T.);
#1863=EDGE_CURVE('',#1548,#1549,#763,.T.);
#1864=EDGE_CURVE('',#1549,#1546,#764,.T.);
#1865=EDGE_CURVE('',#1550,#1551,#765,.T.);
#1866=EDGE_CURVE('',#1551,#1552,#766,.T.);
#1867=EDGE_CURVE('',#1552,#1553,#767,.T.);
#1868=EDGE_CURVE('',#1553,#1550,#768,.T.);
#1869=EDGE_CURVE('',#1537,#1554,#1276,.T.);
#1870=EDGE_CURVE('',#1554,#1393,#769,.T.);
#1871=EDGE_CURVE('',#1312,#1340,#770,.T.);
#1872=EDGE_CURVE('',#1342,#1555,#771,.T.);
#1873=EDGE_CURVE('',#1394,#1555,#772,.T.);
#1874=EDGE_CURVE('',#1554,#1310,#773,.T.);
#1875=EDGE_CURVE('',#1556,#1556,#1277,.T.);
#1876=EDGE_CURVE('',#1555,#1474,#1278,.T.);
#1877=EDGE_CURVE('',#1557,#1557,#1279,.T.);
#1878=EDGE_CURVE('',#1558,#1558,#1280,.T.);
#1879=EDGE_CURVE('',#1559,#1559,#1281,.T.);
#1880=EDGE_CURVE('',#1560,#1560,#1282,.T.);
#1881=EDGE_CURVE('',#1561,#1561,#1283,.T.);
#1882=EDGE_CURVE('',#1562,#1562,#1284,.T.);
#1883=EDGE_CURVE('',#1563,#1563,#1285,.T.);
#1884=EDGE_CURVE('',#1564,#1564,#1286,.T.);
#1885=EDGE_CURVE('',#1399,#1464,#774,.T.);
#1886=EDGE_CURVE('',#1465,#1398,#775,.T.);
#1887=EDGE_CURVE('',#1565,#1565,#1287,.T.);
#1888=EDGE_CURVE('',#1565,#1556,#776,.T.);
#1889=EDGE_CURVE('',#1466,#1564,#777,.T.);
#1890=EDGE_CURVE('',#1467,#1563,#778,.T.);
#1891=EDGE_CURVE('',#1468,#1562,#779,.T.);
#1892=EDGE_CURVE('',#1469,#1561,#780,.T.);
#1893=EDGE_CURVE('',#1470,#1560,#781,.T.);
#1894=EDGE_CURVE('',#1471,#1559,#782,.T.);
#1895=EDGE_CURVE('',#1472,#1558,#783,.T.);
#1896=EDGE_CURVE('',#1473,#1557,#784,.T.);
#1897=EDGE_CURVE('',#1389,#1374,#785,.T.);
#1898=EDGE_CURVE('',#1388,#1375,#786,.T.);
#1899=EDGE_CURVE('',#1387,#1376,#787,.T.);
#1900=EDGE_CURVE('',#1386,#1377,#788,.T.);
#1901=EDGE_CURVE('',#1385,#1370,#789,.T.);
#1902=EDGE_CURVE('',#1384,#1371,#790,.T.);
#1903=EDGE_CURVE('',#1391,#1372,#791,.T.);
#1904=EDGE_CURVE('',#1390,#1373,#792,.T.);
#1905=EDGE_CURVE('',#1479,#1405,#793,.T.);
#1906=EDGE_CURVE('',#1478,#1406,#794,.T.);
#1907=EDGE_CURVE('',#1477,#1407,#795,.T.);
#1908=EDGE_CURVE('',#1476,#1402,#796,.T.);
#1909=EDGE_CURVE('',#1475,#1403,#797,.T.);
#1910=EDGE_CURVE('',#1480,#1404,#798,.T.);
#1911=EDGE_CURVE('',#1536,#1462,#799,.T.);
#1912=EDGE_CURVE('',#1535,#1463,#800,.T.);
#1913=EDGE_CURVE('',#1534,#1460,#801,.T.);
#1914=EDGE_CURVE('',#1533,#1461,#802,.T.);
#1915=EDGE_CURVE('',#1532,#1458,#803,.T.);
#1916=EDGE_CURVE('',#1531,#1459,#804,.T.);
#1917=EDGE_CURVE('',#1530,#1456,#805,.T.);
#1918=EDGE_CURVE('',#1529,#1457,#806,.T.);
#1919=EDGE_CURVE('',#1411,#1485,#807,.T.);
#1920=EDGE_CURVE('',#1412,#1484,#808,.T.);
#1921=EDGE_CURVE('',#1413,#1483,#809,.T.);
#1922=EDGE_CURVE('',#1408,#1482,#810,.T.);
#1923=EDGE_CURVE('',#1409,#1481,#811,.T.);
#1924=EDGE_CURVE('',#1410,#1486,#812,.T.);
#1925=EDGE_CURVE('',#1417,#1491,#813,.T.);
#1926=EDGE_CURVE('',#1418,#1490,#814,.T.);
#1927=EDGE_CURVE('',#1419,#1489,#815,.T.);
#1928=EDGE_CURVE('',#1414,#1488,#816,.T.);
#1929=EDGE_CURVE('',#1415,#1487,#817,.T.);
#1930=EDGE_CURVE('',#1416,#1492,#818,.T.);
#1931=EDGE_CURVE('',#1423,#1497,#819,.T.);
#1932=EDGE_CURVE('',#1424,#1496,#820,.T.);
#1933=EDGE_CURVE('',#1425,#1495,#821,.T.);
#1934=EDGE_CURVE('',#1420,#1494,#822,.T.);
#1935=EDGE_CURVE('',#1421,#1493,#823,.T.);
#1936=EDGE_CURVE('',#1422,#1498,#824,.T.);
#1937=EDGE_CURVE('',#1429,#1503,#825,.T.);
#1938=EDGE_CURVE('',#1430,#1502,#826,.T.);
#1939=EDGE_CURVE('',#1431,#1501,#827,.T.);
#1940=EDGE_CURVE('',#1426,#1500,#828,.T.);
#1941=EDGE_CURVE('',#1427,#1499,#829,.T.);
#1942=EDGE_CURVE('',#1428,#1504,#830,.T.);
#1943=EDGE_CURVE('',#1435,#1509,#831,.T.);
#1944=EDGE_CURVE('',#1436,#1508,#832,.T.);
#1945=EDGE_CURVE('',#1437,#1507,#833,.T.);
#1946=EDGE_CURVE('',#1432,#1506,#834,.T.);
#1947=EDGE_CURVE('',#1433,#1505,#835,.T.);
#1948=EDGE_CURVE('',#1434,#1510,#836,.T.);
#1949=EDGE_CURVE('',#1441,#1515,#837,.T.);
#1950=EDGE_CURVE('',#1442,#1514,#838,.T.);
#1951=EDGE_CURVE('',#1443,#1513,#839,.T.);
#1952=EDGE_CURVE('',#1438,#1512,#840,.T.);
#1953=EDGE_CURVE('',#1439,#1511,#841,.T.);
#1954=EDGE_CURVE('',#1440,#1516,#842,.T.);
#1955=EDGE_CURVE('',#1447,#1521,#843,.T.);
#1956=EDGE_CURVE('',#1448,#1520,#844,.T.);
#1957=EDGE_CURVE('',#1449,#1519,#845,.T.);
#1958=EDGE_CURVE('',#1444,#1518,#846,.T.);
#1959=EDGE_CURVE('',#1445,#1517,#847,.T.);
#1960=EDGE_CURVE('',#1446,#1522,#848,.T.);
#1961=EDGE_CURVE('',#1453,#1527,#849,.T.);
#1962=EDGE_CURVE('',#1454,#1526,#850,.T.);
#1963=EDGE_CURVE('',#1455,#1525,#851,.T.);
#1964=EDGE_CURVE('',#1450,#1524,#852,.T.);
#1965=EDGE_CURVE('',#1451,#1523,#853,.T.);
#1966=EDGE_CURVE('',#1452,#1528,#854,.T.);
#1967=EDGE_CURVE('',#1352,#1553,#855,.T.);
#1968=EDGE_CURVE('',#1552,#1353,#856,.T.);
#1969=EDGE_CURVE('',#1350,#1551,#857,.T.);
#1970=EDGE_CURVE('',#1550,#1351,#858,.T.);
#1971=EDGE_CURVE('',#1356,#1549,#859,.T.);
#1972=EDGE_CURVE('',#1548,#1357,#860,.T.);
#1973=EDGE_CURVE('',#1354,#1547,#861,.T.);
#1974=EDGE_CURVE('',#1546,#1355,#862,.T.);
#1975=EDGE_CURVE('',#1360,#1545,#863,.T.);
#1976=EDGE_CURVE('',#1544,#1361,#864,.T.);
#1977=EDGE_CURVE('',#1358,#1543,#865,.T.);
#1978=EDGE_CURVE('',#1542,#1359,#866,.T.);
#1979=EDGE_CURVE('',#1364,#1541,#867,.T.);
#1980=EDGE_CURVE('',#1540,#1365,#868,.T.);
#1981=EDGE_CURVE('',#1362,#1539,#869,.T.);
#1982=EDGE_CURVE('',#1538,#1363,#870,.T.);
#1983=ORIENTED_EDGE('',*,*,#1566,.F.);
#1984=ORIENTED_EDGE('',*,*,#1567,.T.);
#1985=ORIENTED_EDGE('',*,*,#1568,.F.);
#1986=ORIENTED_EDGE('',*,*,#1567,.F.);
#1987=ORIENTED_EDGE('',*,*,#1569,.T.);
#1988=ORIENTED_EDGE('',*,*,#1570,.T.);
#1989=ORIENTED_EDGE('',*,*,#1571,.F.);
#1990=ORIENTED_EDGE('',*,*,#1572,.F.);
#1991=ORIENTED_EDGE('',*,*,#1573,.F.);
#1992=ORIENTED_EDGE('',*,*,#1572,.T.);
#1993=ORIENTED_EDGE('',*,*,#1574,.F.);
#1994=ORIENTED_EDGE('',*,*,#1575,.F.);
#1995=ORIENTED_EDGE('',*,*,#1576,.T.);
#1996=ORIENTED_EDGE('',*,*,#1575,.T.);
#1997=ORIENTED_EDGE('',*,*,#1577,.F.);
#1998=ORIENTED_EDGE('',*,*,#1578,.F.);
#1999=ORIENTED_EDGE('',*,*,#1579,.T.);
#2000=ORIENTED_EDGE('',*,*,#1580,.F.);
#2001=ORIENTED_EDGE('',*,*,#1581,.F.);
#2002=ORIENTED_EDGE('',*,*,#1582,.F.);
#2003=ORIENTED_EDGE('',*,*,#1583,.F.);
#2004=ORIENTED_EDGE('',*,*,#1582,.T.);
#2005=ORIENTED_EDGE('',*,*,#1584,.F.);
#2006=ORIENTED_EDGE('',*,*,#1570,.F.);
#2007=ORIENTED_EDGE('',*,*,#1584,.T.);
#2008=ORIENTED_EDGE('',*,*,#1581,.T.);
#2009=ORIENTED_EDGE('',*,*,#1585,.F.);
#2010=ORIENTED_EDGE('',*,*,#1577,.T.);
#2011=ORIENTED_EDGE('',*,*,#1574,.T.);
#2012=ORIENTED_EDGE('',*,*,#1571,.T.);
#2013=ORIENTED_EDGE('',*,*,#1566,.T.);
#2014=ORIENTED_EDGE('',*,*,#1586,.F.);
#2015=ORIENTED_EDGE('',*,*,#1587,.T.);
#2016=ORIENTED_EDGE('',*,*,#1588,.F.);
#2017=ORIENTED_EDGE('',*,*,#1587,.F.);
#2018=ORIENTED_EDGE('',*,*,#1589,.F.);
#2019=ORIENTED_EDGE('',*,*,#1590,.T.);
#2020=ORIENTED_EDGE('',*,*,#1591,.F.);
#2021=ORIENTED_EDGE('',*,*,#1592,.F.);
#2022=ORIENTED_EDGE('',*,*,#1593,.F.);
#2023=ORIENTED_EDGE('',*,*,#1592,.T.);
#2024=ORIENTED_EDGE('',*,*,#1594,.F.);
#2025=ORIENTED_EDGE('',*,*,#1595,.F.);
#2026=ORIENTED_EDGE('',*,*,#1596,.F.);
#2027=ORIENTED_EDGE('',*,*,#1595,.T.);
#2028=ORIENTED_EDGE('',*,*,#1597,.F.);
#2029=ORIENTED_EDGE('',*,*,#1598,.F.);
#2030=ORIENTED_EDGE('',*,*,#1599,.F.);
#2031=ORIENTED_EDGE('',*,*,#1600,.F.);
#2032=ORIENTED_EDGE('',*,*,#1601,.F.);
#2033=ORIENTED_EDGE('',*,*,#1602,.F.);
#2034=ORIENTED_EDGE('',*,*,#1603,.F.);
#2035=ORIENTED_EDGE('',*,*,#1602,.T.);
#2036=ORIENTED_EDGE('',*,*,#1604,.F.);
#2037=ORIENTED_EDGE('',*,*,#1590,.F.);
#2038=ORIENTED_EDGE('',*,*,#1604,.T.);
#2039=ORIENTED_EDGE('',*,*,#1601,.T.);
#2040=ORIENTED_EDGE('',*,*,#1605,.F.);
#2041=ORIENTED_EDGE('',*,*,#1597,.T.);
#2042=ORIENTED_EDGE('',*,*,#1594,.T.);
#2043=ORIENTED_EDGE('',*,*,#1591,.T.);
#2044=ORIENTED_EDGE('',*,*,#1586,.T.);
#2045=ORIENTED_EDGE('',*,*,#1606,.F.);
#2046=ORIENTED_EDGE('',*,*,#1607,.T.);
#2047=ORIENTED_EDGE('',*,*,#1608,.F.);
#2048=ORIENTED_EDGE('',*,*,#1607,.F.);
#2049=ORIENTED_EDGE('',*,*,#1609,.F.);
#2050=ORIENTED_EDGE('',*,*,#1610,.T.);
#2051=ORIENTED_EDGE('',*,*,#1611,.F.);
#2052=ORIENTED_EDGE('',*,*,#1612,.F.);
#2053=ORIENTED_EDGE('',*,*,#1613,.F.);
#2054=ORIENTED_EDGE('',*,*,#1612,.T.);
#2055=ORIENTED_EDGE('',*,*,#1614,.F.);
#2056=ORIENTED_EDGE('',*,*,#1615,.F.);
#2057=ORIENTED_EDGE('',*,*,#1616,.F.);
#2058=ORIENTED_EDGE('',*,*,#1615,.T.);
#2059=ORIENTED_EDGE('',*,*,#1617,.F.);
#2060=ORIENTED_EDGE('',*,*,#1618,.F.);
#2061=ORIENTED_EDGE('',*,*,#1619,.F.);
#2062=ORIENTED_EDGE('',*,*,#1618,.T.);
#2063=ORIENTED_EDGE('',*,*,#1620,.F.);
#2064=ORIENTED_EDGE('',*,*,#1621,.F.);
#2065=ORIENTED_EDGE('',*,*,#1622,.F.);
#2066=ORIENTED_EDGE('',*,*,#1623,.F.);
#2067=ORIENTED_EDGE('',*,*,#1624,.F.);
#2068=ORIENTED_EDGE('',*,*,#1610,.F.);
#2069=ORIENTED_EDGE('',*,*,#1624,.T.);
#2070=ORIENTED_EDGE('',*,*,#1625,.F.);
#2071=ORIENTED_EDGE('',*,*,#1620,.T.);
#2072=ORIENTED_EDGE('',*,*,#1617,.T.);
#2073=ORIENTED_EDGE('',*,*,#1614,.T.);
#2074=ORIENTED_EDGE('',*,*,#1611,.T.);
#2075=ORIENTED_EDGE('',*,*,#1606,.T.);
#2076=ORIENTED_EDGE('',*,*,#1626,.F.);
#2077=ORIENTED_EDGE('',*,*,#1627,.T.);
#2078=ORIENTED_EDGE('',*,*,#1628,.F.);
#2079=ORIENTED_EDGE('',*,*,#1627,.F.);
#2080=ORIENTED_EDGE('',*,*,#1629,.F.);
#2081=ORIENTED_EDGE('',*,*,#1630,.T.);
#2082=ORIENTED_EDGE('',*,*,#1631,.F.);
#2083=ORIENTED_EDGE('',*,*,#1632,.F.);
#2084=ORIENTED_EDGE('',*,*,#1633,.T.);
#2085=ORIENTED_EDGE('',*,*,#1632,.T.);
#2086=ORIENTED_EDGE('',*,*,#1634,.F.);
#2087=ORIENTED_EDGE('',*,*,#1635,.F.);
#2088=ORIENTED_EDGE('',*,*,#1636,.F.);
#2089=ORIENTED_EDGE('',*,*,#1635,.T.);
#2090=ORIENTED_EDGE('',*,*,#1637,.F.);
#2091=ORIENTED_EDGE('',*,*,#1638,.F.);
#2092=ORIENTED_EDGE('',*,*,#1639,.T.);
#2093=ORIENTED_EDGE('',*,*,#1638,.T.);
#2094=ORIENTED_EDGE('',*,*,#1640,.F.);
#2095=ORIENTED_EDGE('',*,*,#1641,.F.);
#2096=ORIENTED_EDGE('',*,*,#1642,.T.);
#2097=ORIENTED_EDGE('',*,*,#1643,.F.);
#2098=ORIENTED_EDGE('',*,*,#1644,.F.);
#2099=ORIENTED_EDGE('',*,*,#1630,.F.);
#2100=ORIENTED_EDGE('',*,*,#1644,.T.);
#2101=ORIENTED_EDGE('',*,*,#1645,.F.);
#2102=ORIENTED_EDGE('',*,*,#1640,.T.);
#2103=ORIENTED_EDGE('',*,*,#1637,.T.);
#2104=ORIENTED_EDGE('',*,*,#1634,.T.);
#2105=ORIENTED_EDGE('',*,*,#1631,.T.);
#2106=ORIENTED_EDGE('',*,*,#1626,.T.);
#2107=ORIENTED_EDGE('',*,*,#1646,.F.);
#2108=ORIENTED_EDGE('',*,*,#1647,.T.);
#2109=ORIENTED_EDGE('',*,*,#1648,.T.);
#2110=ORIENTED_EDGE('',*,*,#1649,.T.);
#2111=ORIENTED_EDGE('',*,*,#1649,.F.);
#2112=ORIENTED_EDGE('',*,*,#1650,.F.);
#2113=ORIENTED_EDGE('',*,*,#1651,.F.);
#2114=ORIENTED_EDGE('',*,*,#1652,.F.);
#2115=ORIENTED_EDGE('',*,*,#1653,.T.);
#2116=ORIENTED_EDGE('',*,*,#1654,.T.);
#2117=ORIENTED_EDGE('',*,*,#1655,.T.);
#2118=ORIENTED_EDGE('',*,*,#1656,.T.);
#2119=ORIENTED_EDGE('',*,*,#1657,.T.);
#2120=ORIENTED_EDGE('',*,*,#1658,.T.);
#2121=ORIENTED_EDGE('',*,*,#1659,.T.);
#2122=ORIENTED_EDGE('',*,*,#1660,.T.);
#2123=ORIENTED_EDGE('',*,*,#1661,.T.);
#2124=ORIENTED_EDGE('',*,*,#1662,.T.);
#2125=ORIENTED_EDGE('',*,*,#1663,.T.);
#2126=ORIENTED_EDGE('',*,*,#1664,.T.);
#2127=ORIENTED_EDGE('',*,*,#1665,.T.);
#2128=ORIENTED_EDGE('',*,*,#1666,.T.);
#2129=ORIENTED_EDGE('',*,*,#1667,.T.);
#2130=ORIENTED_EDGE('',*,*,#1668,.T.);
#2131=ORIENTED_EDGE('',*,*,#1669,.F.);
#2132=ORIENTED_EDGE('',*,*,#1670,.T.);
#2133=ORIENTED_EDGE('',*,*,#1671,.T.);
#2134=ORIENTED_EDGE('',*,*,#1672,.T.);
#2135=ORIENTED_EDGE('',*,*,#1647,.F.);
#2136=ORIENTED_EDGE('',*,*,#1673,.F.);
#2137=ORIENTED_EDGE('',*,*,#1672,.F.);
#2138=ORIENTED_EDGE('',*,*,#1674,.F.);
#2139=ORIENTED_EDGE('',*,*,#1675,.T.);
#2140=ORIENTED_EDGE('',*,*,#1676,.T.);
#2141=ORIENTED_EDGE('',*,*,#1677,.T.);
#2142=ORIENTED_EDGE('',*,*,#1678,.T.);
#2143=ORIENTED_EDGE('',*,*,#1679,.T.);
#2144=ORIENTED_EDGE('',*,*,#1680,.T.);
#2145=ORIENTED_EDGE('',*,*,#1681,.T.);
#2146=ORIENTED_EDGE('',*,*,#1682,.T.);
#2147=ORIENTED_EDGE('',*,*,#1683,.T.);
#2148=ORIENTED_EDGE('',*,*,#1684,.T.);
#2149=ORIENTED_EDGE('',*,*,#1685,.T.);
#2150=ORIENTED_EDGE('',*,*,#1686,.T.);
#2151=ORIENTED_EDGE('',*,*,#1580,.T.);
#2152=ORIENTED_EDGE('',*,*,#1687,.T.);
#2153=ORIENTED_EDGE('',*,*,#1684,.F.);
#2154=ORIENTED_EDGE('',*,*,#1688,.F.);
#2155=ORIENTED_EDGE('',*,*,#1689,.F.);
#2156=ORIENTED_EDGE('',*,*,#1690,.T.);
#2157=ORIENTED_EDGE('',*,*,#1621,.T.);
#2158=ORIENTED_EDGE('',*,*,#1625,.T.);
#2159=ORIENTED_EDGE('',*,*,#1623,.T.);
#2160=ORIENTED_EDGE('',*,*,#1691,.T.);
#2161=ORIENTED_EDGE('',*,*,#1578,.T.);
#2162=ORIENTED_EDGE('',*,*,#1585,.T.);
#2163=ORIENTED_EDGE('',*,*,#1692,.T.);
#2164=ORIENTED_EDGE('',*,*,#1693,.T.);
#2165=ORIENTED_EDGE('',*,*,#1694,.T.);
#2166=ORIENTED_EDGE('',*,*,#1695,.T.);
#2167=ORIENTED_EDGE('',*,*,#1696,.T.);
#2168=ORIENTED_EDGE('',*,*,#1697,.T.);
#2169=ORIENTED_EDGE('',*,*,#1698,.T.);
#2170=ORIENTED_EDGE('',*,*,#1699,.T.);
#2171=ORIENTED_EDGE('',*,*,#1683,.F.);
#2172=ORIENTED_EDGE('',*,*,#1700,.T.);
#2173=ORIENTED_EDGE('',*,*,#1701,.F.);
#2174=ORIENTED_EDGE('',*,*,#1702,.T.);
#2175=ORIENTED_EDGE('',*,*,#1703,.F.);
#2176=ORIENTED_EDGE('',*,*,#1704,.T.);
#2177=ORIENTED_EDGE('',*,*,#1705,.F.);
#2178=ORIENTED_EDGE('',*,*,#1688,.T.);
#2179=ORIENTED_EDGE('',*,*,#1706,.T.);
#2180=ORIENTED_EDGE('',*,*,#1707,.F.);
#2181=ORIENTED_EDGE('',*,*,#1708,.T.);
#2182=ORIENTED_EDGE('',*,*,#1709,.F.);
#2183=ORIENTED_EDGE('',*,*,#1650,.T.);
#2184=ORIENTED_EDGE('',*,*,#1648,.F.);
#2185=ORIENTED_EDGE('',*,*,#1674,.T.);
#2186=ORIENTED_EDGE('',*,*,#1671,.F.);
#2187=ORIENTED_EDGE('',*,*,#1710,.T.);
#2188=ORIENTED_EDGE('',*,*,#1689,.T.);
#2189=ORIENTED_EDGE('',*,*,#1705,.T.);
#2190=ORIENTED_EDGE('',*,*,#1711,.T.);
#2191=ORIENTED_EDGE('',*,*,#1670,.F.);
#2192=ORIENTED_EDGE('',*,*,#1712,.F.);
#2193=ORIENTED_EDGE('',*,*,#1713,.F.);
#2194=ORIENTED_EDGE('',*,*,#1706,.F.);
#2195=ORIENTED_EDGE('',*,*,#1714,.T.);
#2196=ORIENTED_EDGE('',*,*,#1715,.T.);
#2197=ORIENTED_EDGE('',*,*,#1716,.T.);
#2198=ORIENTED_EDGE('',*,*,#1717,.T.);
#2199=ORIENTED_EDGE('',*,*,#1718,.T.);
#2200=ORIENTED_EDGE('',*,*,#1719,.T.);
#2201=ORIENTED_EDGE('',*,*,#1720,.T.);
#2202=ORIENTED_EDGE('',*,*,#1721,.T.);
#2203=ORIENTED_EDGE('',*,*,#1722,.T.);
#2204=ORIENTED_EDGE('',*,*,#1723,.T.);
#2205=ORIENTED_EDGE('',*,*,#1724,.T.);
#2206=ORIENTED_EDGE('',*,*,#1725,.T.);
#2207=ORIENTED_EDGE('',*,*,#1726,.T.);
#2208=ORIENTED_EDGE('',*,*,#1727,.T.);
#2209=ORIENTED_EDGE('',*,*,#1728,.T.);
#2210=ORIENTED_EDGE('',*,*,#1729,.T.);
#2211=ORIENTED_EDGE('',*,*,#1730,.T.);
#2212=ORIENTED_EDGE('',*,*,#1731,.T.);
#2213=ORIENTED_EDGE('',*,*,#1732,.T.);
#2214=ORIENTED_EDGE('',*,*,#1733,.T.);
#2215=ORIENTED_EDGE('',*,*,#1734,.T.);
#2216=ORIENTED_EDGE('',*,*,#1735,.T.);
#2217=ORIENTED_EDGE('',*,*,#1736,.T.);
#2218=ORIENTED_EDGE('',*,*,#1737,.T.);
#2219=ORIENTED_EDGE('',*,*,#1738,.T.);
#2220=ORIENTED_EDGE('',*,*,#1739,.T.);
#2221=ORIENTED_EDGE('',*,*,#1740,.T.);
#2222=ORIENTED_EDGE('',*,*,#1741,.T.);
#2223=ORIENTED_EDGE('',*,*,#1742,.T.);
#2224=ORIENTED_EDGE('',*,*,#1743,.T.);
#2225=ORIENTED_EDGE('',*,*,#1744,.T.);
#2226=ORIENTED_EDGE('',*,*,#1745,.T.);
#2227=ORIENTED_EDGE('',*,*,#1746,.T.);
#2228=ORIENTED_EDGE('',*,*,#1747,.T.);
#2229=ORIENTED_EDGE('',*,*,#1748,.T.);
#2230=ORIENTED_EDGE('',*,*,#1749,.T.);
#2231=ORIENTED_EDGE('',*,*,#1750,.T.);
#2232=ORIENTED_EDGE('',*,*,#1751,.T.);
#2233=ORIENTED_EDGE('',*,*,#1752,.T.);
#2234=ORIENTED_EDGE('',*,*,#1753,.T.);
#2235=ORIENTED_EDGE('',*,*,#1754,.T.);
#2236=ORIENTED_EDGE('',*,*,#1755,.T.);
#2237=ORIENTED_EDGE('',*,*,#1756,.T.);
#2238=ORIENTED_EDGE('',*,*,#1757,.T.);
#2239=ORIENTED_EDGE('',*,*,#1758,.T.);
#2240=ORIENTED_EDGE('',*,*,#1759,.T.);
#2241=ORIENTED_EDGE('',*,*,#1760,.T.);
#2242=ORIENTED_EDGE('',*,*,#1761,.T.);
#2243=ORIENTED_EDGE('',*,*,#1762,.T.);
#2244=ORIENTED_EDGE('',*,*,#1763,.T.);
#2245=ORIENTED_EDGE('',*,*,#1764,.T.);
#2246=ORIENTED_EDGE('',*,*,#1765,.T.);
#2247=ORIENTED_EDGE('',*,*,#1766,.T.);
#2248=ORIENTED_EDGE('',*,*,#1767,.T.);
#2249=ORIENTED_EDGE('',*,*,#1768,.T.);
#2250=ORIENTED_EDGE('',*,*,#1769,.T.);
#2251=ORIENTED_EDGE('',*,*,#1770,.T.);
#2252=ORIENTED_EDGE('',*,*,#1771,.T.);
#2253=ORIENTED_EDGE('',*,*,#1772,.T.);
#2254=ORIENTED_EDGE('',*,*,#1773,.T.);
#2255=ORIENTED_EDGE('',*,*,#1774,.T.);
#2256=ORIENTED_EDGE('',*,*,#1775,.T.);
#2257=ORIENTED_EDGE('',*,*,#1646,.T.);
#2258=ORIENTED_EDGE('',*,*,#1652,.T.);
#2259=ORIENTED_EDGE('',*,*,#1776,.T.);
#2260=ORIENTED_EDGE('',*,*,#1777,.T.);
#2261=ORIENTED_EDGE('',*,*,#1778,.T.);
#2262=ORIENTED_EDGE('',*,*,#1712,.T.);
#2263=ORIENTED_EDGE('',*,*,#1669,.T.);
#2264=ORIENTED_EDGE('',*,*,#1673,.T.);
#2265=ORIENTED_EDGE('',*,*,#1779,.T.);
#2266=ORIENTED_EDGE('',*,*,#1780,.T.);
#2267=ORIENTED_EDGE('',*,*,#1781,.T.);
#2268=ORIENTED_EDGE('',*,*,#1782,.T.);
#2269=ORIENTED_EDGE('',*,*,#1783,.T.);
#2270=ORIENTED_EDGE('',*,*,#1784,.T.);
#2271=ORIENTED_EDGE('',*,*,#1785,.T.);
#2272=ORIENTED_EDGE('',*,*,#1786,.T.);
#2273=ORIENTED_EDGE('',*,*,#1711,.F.);
#2274=ORIENTED_EDGE('',*,*,#1704,.F.);
#2275=ORIENTED_EDGE('',*,*,#1787,.F.);
#2276=ORIENTED_EDGE('',*,*,#1788,.T.);
#2277=ORIENTED_EDGE('',*,*,#1789,.T.);
#2278=ORIENTED_EDGE('',*,*,#1790,.T.);
#2279=ORIENTED_EDGE('',*,*,#1791,.T.);
#2280=ORIENTED_EDGE('',*,*,#1792,.T.);
#2281=ORIENTED_EDGE('',*,*,#1793,.T.);
#2282=ORIENTED_EDGE('',*,*,#1794,.T.);
#2283=ORIENTED_EDGE('',*,*,#1795,.T.);
#2284=ORIENTED_EDGE('',*,*,#1796,.T.);
#2285=ORIENTED_EDGE('',*,*,#1797,.T.);
#2286=ORIENTED_EDGE('',*,*,#1798,.T.);
#2287=ORIENTED_EDGE('',*,*,#1799,.T.);
#2288=ORIENTED_EDGE('',*,*,#1800,.T.);
#2289=ORIENTED_EDGE('',*,*,#1801,.T.);
#2290=ORIENTED_EDGE('',*,*,#1802,.T.);
#2291=ORIENTED_EDGE('',*,*,#1803,.T.);
#2292=ORIENTED_EDGE('',*,*,#1804,.T.);
#2293=ORIENTED_EDGE('',*,*,#1805,.T.);
#2294=ORIENTED_EDGE('',*,*,#1806,.T.);
#2295=ORIENTED_EDGE('',*,*,#1807,.T.);
#2296=ORIENTED_EDGE('',*,*,#1808,.T.);
#2297=ORIENTED_EDGE('',*,*,#1809,.T.);
#2298=ORIENTED_EDGE('',*,*,#1810,.T.);
#2299=ORIENTED_EDGE('',*,*,#1811,.T.);
#2300=ORIENTED_EDGE('',*,*,#1812,.T.);
#2301=ORIENTED_EDGE('',*,*,#1813,.T.);
#2302=ORIENTED_EDGE('',*,*,#1814,.T.);
#2303=ORIENTED_EDGE('',*,*,#1815,.T.);
#2304=ORIENTED_EDGE('',*,*,#1816,.T.);
#2305=ORIENTED_EDGE('',*,*,#1817,.T.);
#2306=ORIENTED_EDGE('',*,*,#1818,.T.);
#2307=ORIENTED_EDGE('',*,*,#1819,.T.);
#2308=ORIENTED_EDGE('',*,*,#1820,.T.);
#2309=ORIENTED_EDGE('',*,*,#1821,.T.);
#2310=ORIENTED_EDGE('',*,*,#1822,.T.);
#2311=ORIENTED_EDGE('',*,*,#1823,.T.);
#2312=ORIENTED_EDGE('',*,*,#1824,.T.);
#2313=ORIENTED_EDGE('',*,*,#1825,.T.);
#2314=ORIENTED_EDGE('',*,*,#1826,.T.);
#2315=ORIENTED_EDGE('',*,*,#1827,.T.);
#2316=ORIENTED_EDGE('',*,*,#1828,.T.);
#2317=ORIENTED_EDGE('',*,*,#1829,.T.);
#2318=ORIENTED_EDGE('',*,*,#1830,.T.);
#2319=ORIENTED_EDGE('',*,*,#1831,.T.);
#2320=ORIENTED_EDGE('',*,*,#1832,.T.);
#2321=ORIENTED_EDGE('',*,*,#1833,.T.);
#2322=ORIENTED_EDGE('',*,*,#1834,.T.);
#2323=ORIENTED_EDGE('',*,*,#1835,.T.);
#2324=ORIENTED_EDGE('',*,*,#1836,.T.);
#2325=ORIENTED_EDGE('',*,*,#1837,.T.);
#2326=ORIENTED_EDGE('',*,*,#1838,.T.);
#2327=ORIENTED_EDGE('',*,*,#1839,.T.);
#2328=ORIENTED_EDGE('',*,*,#1840,.T.);
#2329=ORIENTED_EDGE('',*,*,#1841,.T.);
#2330=ORIENTED_EDGE('',*,*,#1842,.T.);
#2331=ORIENTED_EDGE('',*,*,#1843,.T.);
#2332=ORIENTED_EDGE('',*,*,#1844,.T.);
#2333=ORIENTED_EDGE('',*,*,#1845,.T.);
#2334=ORIENTED_EDGE('',*,*,#1846,.T.);
#2335=ORIENTED_EDGE('',*,*,#1847,.T.);
#2336=ORIENTED_EDGE('',*,*,#1848,.T.);
#2337=ORIENTED_EDGE('',*,*,#1849,.T.);
#2338=ORIENTED_EDGE('',*,*,#1850,.T.);
#2339=ORIENTED_EDGE('',*,*,#1686,.F.);
#2340=ORIENTED_EDGE('',*,*,#1851,.T.);
#2341=ORIENTED_EDGE('',*,*,#1852,.F.);
#2342=ORIENTED_EDGE('',*,*,#1700,.F.);
#2343=ORIENTED_EDGE('',*,*,#1853,.T.);
#2344=ORIENTED_EDGE('',*,*,#1854,.T.);
#2345=ORIENTED_EDGE('',*,*,#1855,.T.);
#2346=ORIENTED_EDGE('',*,*,#1856,.T.);
#2347=ORIENTED_EDGE('',*,*,#1857,.T.);
#2348=ORIENTED_EDGE('',*,*,#1858,.T.);
#2349=ORIENTED_EDGE('',*,*,#1859,.T.);
#2350=ORIENTED_EDGE('',*,*,#1860,.T.);
#2351=ORIENTED_EDGE('',*,*,#1861,.T.);
#2352=ORIENTED_EDGE('',*,*,#1862,.T.);
#2353=ORIENTED_EDGE('',*,*,#1863,.T.);
#2354=ORIENTED_EDGE('',*,*,#1864,.T.);
#2355=ORIENTED_EDGE('',*,*,#1865,.T.);
#2356=ORIENTED_EDGE('',*,*,#1866,.T.);
#2357=ORIENTED_EDGE('',*,*,#1867,.T.);
#2358=ORIENTED_EDGE('',*,*,#1868,.T.);
#2359=ORIENTED_EDGE('',*,*,#1701,.T.);
#2360=ORIENTED_EDGE('',*,*,#1852,.T.);
#2361=ORIENTED_EDGE('',*,*,#1869,.T.);
#2362=ORIENTED_EDGE('',*,*,#1870,.T.);
#2363=ORIENTED_EDGE('',*,*,#1600,.T.);
#2364=ORIENTED_EDGE('',*,*,#1871,.T.);
#2365=ORIENTED_EDGE('',*,*,#1641,.T.);
#2366=ORIENTED_EDGE('',*,*,#1645,.T.);
#2367=ORIENTED_EDGE('',*,*,#1643,.T.);
#2368=ORIENTED_EDGE('',*,*,#1872,.T.);
#2369=ORIENTED_EDGE('',*,*,#1873,.F.);
#2370=ORIENTED_EDGE('',*,*,#1702,.F.);
#2371=ORIENTED_EDGE('',*,*,#1870,.F.);
#2372=ORIENTED_EDGE('',*,*,#1874,.T.);
#2373=ORIENTED_EDGE('',*,*,#1598,.T.);
#2374=ORIENTED_EDGE('',*,*,#1605,.T.);
#2375=ORIENTED_EDGE('',*,*,#1875,.T.);
#2376=ORIENTED_EDGE('',*,*,#1685,.F.);
#2377=ORIENTED_EDGE('',*,*,#1687,.F.);
#2378=ORIENTED_EDGE('',*,*,#1579,.F.);
#2379=ORIENTED_EDGE('',*,*,#1583,.T.);
#2380=ORIENTED_EDGE('',*,*,#1569,.F.);
#2381=ORIENTED_EDGE('',*,*,#1573,.T.);
#2382=ORIENTED_EDGE('',*,*,#1576,.F.);
#2383=ORIENTED_EDGE('',*,*,#1691,.F.);
#2384=ORIENTED_EDGE('',*,*,#1622,.T.);
#2385=ORIENTED_EDGE('',*,*,#1609,.T.);
#2386=ORIENTED_EDGE('',*,*,#1613,.T.);
#2387=ORIENTED_EDGE('',*,*,#1616,.T.);
#2388=ORIENTED_EDGE('',*,*,#1619,.T.);
#2389=ORIENTED_EDGE('',*,*,#1690,.F.);
#2390=ORIENTED_EDGE('',*,*,#1710,.F.);
#2391=ORIENTED_EDGE('',*,*,#1788,.F.);
#2392=ORIENTED_EDGE('',*,*,#1876,.F.);
#2393=ORIENTED_EDGE('',*,*,#1872,.F.);
#2394=ORIENTED_EDGE('',*,*,#1642,.F.);
#2395=ORIENTED_EDGE('',*,*,#1629,.T.);
#2396=ORIENTED_EDGE('',*,*,#1633,.F.);
#2397=ORIENTED_EDGE('',*,*,#1636,.T.);
#2398=ORIENTED_EDGE('',*,*,#1639,.F.);
#2399=ORIENTED_EDGE('',*,*,#1871,.F.);
#2400=ORIENTED_EDGE('',*,*,#1599,.T.);
#2401=ORIENTED_EDGE('',*,*,#1603,.T.);
#2402=ORIENTED_EDGE('',*,*,#1589,.T.);
#2403=ORIENTED_EDGE('',*,*,#1593,.T.);
#2404=ORIENTED_EDGE('',*,*,#1596,.T.);
#2405=ORIENTED_EDGE('',*,*,#1874,.F.);
#2406=ORIENTED_EDGE('',*,*,#1869,.F.);
#2407=ORIENTED_EDGE('',*,*,#1851,.F.);
#2408=ORIENTED_EDGE('',*,*,#1568,.T.);
#2409=ORIENTED_EDGE('',*,*,#1588,.T.);
#2410=ORIENTED_EDGE('',*,*,#1608,.T.);
#2411=ORIENTED_EDGE('',*,*,#1628,.T.);
#2412=ORIENTED_EDGE('',*,*,#1877,.T.);
#2413=ORIENTED_EDGE('',*,*,#1878,.T.);
#2414=ORIENTED_EDGE('',*,*,#1879,.T.);
#2415=ORIENTED_EDGE('',*,*,#1880,.T.);
#2416=ORIENTED_EDGE('',*,*,#1881,.T.);
#2417=ORIENTED_EDGE('',*,*,#1882,.T.);
#2418=ORIENTED_EDGE('',*,*,#1883,.T.);
#2419=ORIENTED_EDGE('',*,*,#1884,.T.);
#2420=ORIENTED_EDGE('',*,*,#1776,.F.);
#2421=ORIENTED_EDGE('',*,*,#1651,.T.);
#2422=ORIENTED_EDGE('',*,*,#1709,.T.);
#2423=ORIENTED_EDGE('',*,*,#1885,.T.);
#2424=ORIENTED_EDGE('',*,*,#1885,.F.);
#2425=ORIENTED_EDGE('',*,*,#1708,.F.);
#2426=ORIENTED_EDGE('',*,*,#1886,.F.);
#2427=ORIENTED_EDGE('',*,*,#1777,.F.);
#2428=ORIENTED_EDGE('',*,*,#1887,.T.);
#2429=ORIENTED_EDGE('',*,*,#1887,.F.);
#2430=ORIENTED_EDGE('',*,*,#1888,.T.);
#2431=ORIENTED_EDGE('',*,*,#1875,.F.);
#2432=ORIENTED_EDGE('',*,*,#1888,.F.);
#2433=ORIENTED_EDGE('',*,*,#1779,.F.);
#2434=ORIENTED_EDGE('',*,*,#1889,.T.);
#2435=ORIENTED_EDGE('',*,*,#1884,.F.);
#2436=ORIENTED_EDGE('',*,*,#1889,.F.);
#2437=ORIENTED_EDGE('',*,*,#1780,.F.);
#2438=ORIENTED_EDGE('',*,*,#1890,.T.);
#2439=ORIENTED_EDGE('',*,*,#1883,.F.);
#2440=ORIENTED_EDGE('',*,*,#1890,.F.);
#2441=ORIENTED_EDGE('',*,*,#1781,.F.);
#2442=ORIENTED_EDGE('',*,*,#1891,.T.);
#2443=ORIENTED_EDGE('',*,*,#1882,.F.);
#2444=ORIENTED_EDGE('',*,*,#1891,.F.);
#2445=ORIENTED_EDGE('',*,*,#1782,.F.);
#2446=ORIENTED_EDGE('',*,*,#1892,.T.);
#2447=ORIENTED_EDGE('',*,*,#1881,.F.);
#2448=ORIENTED_EDGE('',*,*,#1892,.F.);
#2449=ORIENTED_EDGE('',*,*,#1783,.F.);
#2450=ORIENTED_EDGE('',*,*,#1893,.T.);
#2451=ORIENTED_EDGE('',*,*,#1880,.F.);
#2452=ORIENTED_EDGE('',*,*,#1893,.F.);
#2453=ORIENTED_EDGE('',*,*,#1784,.F.);
#2454=ORIENTED_EDGE('',*,*,#1894,.T.);
#2455=ORIENTED_EDGE('',*,*,#1879,.F.);
#2456=ORIENTED_EDGE('',*,*,#1894,.F.);
#2457=ORIENTED_EDGE('',*,*,#1785,.F.);
#2458=ORIENTED_EDGE('',*,*,#1895,.T.);
#2459=ORIENTED_EDGE('',*,*,#1878,.F.);
#2460=ORIENTED_EDGE('',*,*,#1895,.F.);
#2461=ORIENTED_EDGE('',*,*,#1786,.F.);
#2462=ORIENTED_EDGE('',*,*,#1896,.T.);
#2463=ORIENTED_EDGE('',*,*,#1877,.F.);
#2464=ORIENTED_EDGE('',*,*,#1896,.F.);
#2465=ORIENTED_EDGE('',*,*,#1679,.F.);
#2466=ORIENTED_EDGE('',*,*,#1897,.F.);
#2467=ORIENTED_EDGE('',*,*,#1696,.F.);
#2468=ORIENTED_EDGE('',*,*,#1898,.T.);
#2469=ORIENTED_EDGE('',*,*,#1680,.F.);
#2470=ORIENTED_EDGE('',*,*,#1898,.F.);
#2471=ORIENTED_EDGE('',*,*,#1695,.F.);
#2472=ORIENTED_EDGE('',*,*,#1899,.T.);
#2473=ORIENTED_EDGE('',*,*,#1681,.F.);
#2474=ORIENTED_EDGE('',*,*,#1899,.F.);
#2475=ORIENTED_EDGE('',*,*,#1694,.F.);
#2476=ORIENTED_EDGE('',*,*,#1900,.T.);
#2477=ORIENTED_EDGE('',*,*,#1682,.F.);
#2478=ORIENTED_EDGE('',*,*,#1900,.F.);
#2479=ORIENTED_EDGE('',*,*,#1693,.F.);
#2480=ORIENTED_EDGE('',*,*,#1901,.T.);
#2481=ORIENTED_EDGE('',*,*,#1675,.F.);
#2482=ORIENTED_EDGE('',*,*,#1901,.F.);
#2483=ORIENTED_EDGE('',*,*,#1692,.F.);
#2484=ORIENTED_EDGE('',*,*,#1902,.T.);
#2485=ORIENTED_EDGE('',*,*,#1676,.F.);
#2486=ORIENTED_EDGE('',*,*,#1902,.F.);
#2487=ORIENTED_EDGE('',*,*,#1699,.F.);
#2488=ORIENTED_EDGE('',*,*,#1903,.T.);
#2489=ORIENTED_EDGE('',*,*,#1677,.F.);
#2490=ORIENTED_EDGE('',*,*,#1903,.F.);
#2491=ORIENTED_EDGE('',*,*,#1698,.F.);
#2492=ORIENTED_EDGE('',*,*,#1904,.T.);
#2493=ORIENTED_EDGE('',*,*,#1678,.F.);
#2494=ORIENTED_EDGE('',*,*,#1904,.F.);
#2495=ORIENTED_EDGE('',*,*,#1697,.F.);
#2496=ORIENTED_EDGE('',*,*,#1897,.T.);
#2497=ORIENTED_EDGE('',*,*,#1778,.F.);
#2498=ORIENTED_EDGE('',*,*,#1886,.T.);
#2499=ORIENTED_EDGE('',*,*,#1707,.T.);
#2500=ORIENTED_EDGE('',*,*,#1713,.T.);
#2501=ORIENTED_EDGE('',*,*,#1703,.T.);
#2502=ORIENTED_EDGE('',*,*,#1873,.T.);
#2503=ORIENTED_EDGE('',*,*,#1876,.T.);
#2504=ORIENTED_EDGE('',*,*,#1787,.T.);
#2505=ORIENTED_EDGE('',*,*,#1717,.F.);
#2506=ORIENTED_EDGE('',*,*,#1905,.F.);
#2507=ORIENTED_EDGE('',*,*,#1792,.F.);
#2508=ORIENTED_EDGE('',*,*,#1906,.T.);
#2509=ORIENTED_EDGE('',*,*,#1718,.F.);
#2510=ORIENTED_EDGE('',*,*,#1906,.F.);
#2511=ORIENTED_EDGE('',*,*,#1791,.F.);
#2512=ORIENTED_EDGE('',*,*,#1907,.T.);
#2513=ORIENTED_EDGE('',*,*,#1719,.F.);
#2514=ORIENTED_EDGE('',*,*,#1907,.F.);
#2515=ORIENTED_EDGE('',*,*,#1790,.F.);
#2516=ORIENTED_EDGE('',*,*,#1908,.T.);
#2517=ORIENTED_EDGE('',*,*,#1714,.F.);
#2518=ORIENTED_EDGE('',*,*,#1908,.F.);
#2519=ORIENTED_EDGE('',*,*,#1789,.F.);
#2520=ORIENTED_EDGE('',*,*,#1909,.T.);
#2521=ORIENTED_EDGE('',*,*,#1715,.F.);
#2522=ORIENTED_EDGE('',*,*,#1909,.F.);
#2523=ORIENTED_EDGE('',*,*,#1794,.F.);
#2524=ORIENTED_EDGE('',*,*,#1910,.T.);
#2525=ORIENTED_EDGE('',*,*,#1716,.F.);
#2526=ORIENTED_EDGE('',*,*,#1910,.F.);
#2527=ORIENTED_EDGE('',*,*,#1793,.F.);
#2528=ORIENTED_EDGE('',*,*,#1905,.T.);
#2529=ORIENTED_EDGE('',*,*,#1774,.F.);
#2530=ORIENTED_EDGE('',*,*,#1911,.F.);
#2531=ORIENTED_EDGE('',*,*,#1849,.F.);
#2532=ORIENTED_EDGE('',*,*,#1912,.T.);
#2533=ORIENTED_EDGE('',*,*,#1775,.F.);
#2534=ORIENTED_EDGE('',*,*,#1912,.F.);
#2535=ORIENTED_EDGE('',*,*,#1848,.F.);
#2536=ORIENTED_EDGE('',*,*,#1913,.T.);
#2537=ORIENTED_EDGE('',*,*,#1772,.F.);
#2538=ORIENTED_EDGE('',*,*,#1913,.F.);
#2539=ORIENTED_EDGE('',*,*,#1847,.F.);
#2540=ORIENTED_EDGE('',*,*,#1914,.T.);
#2541=ORIENTED_EDGE('',*,*,#1773,.F.);
#2542=ORIENTED_EDGE('',*,*,#1914,.F.);
#2543=ORIENTED_EDGE('',*,*,#1850,.F.);
#2544=ORIENTED_EDGE('',*,*,#1911,.T.);
#2545=ORIENTED_EDGE('',*,*,#1770,.F.);
#2546=ORIENTED_EDGE('',*,*,#1915,.F.);
#2547=ORIENTED_EDGE('',*,*,#1845,.F.);
#2548=ORIENTED_EDGE('',*,*,#1916,.T.);
#2549=ORIENTED_EDGE('',*,*,#1771,.F.);
#2550=ORIENTED_EDGE('',*,*,#1916,.F.);
#2551=ORIENTED_EDGE('',*,*,#1844,.F.);
#2552=ORIENTED_EDGE('',*,*,#1917,.T.);
#2553=ORIENTED_EDGE('',*,*,#1768,.F.);
#2554=ORIENTED_EDGE('',*,*,#1917,.F.);
#2555=ORIENTED_EDGE('',*,*,#1843,.F.);
#2556=ORIENTED_EDGE('',*,*,#1918,.T.);
#2557=ORIENTED_EDGE('',*,*,#1769,.F.);
#2558=ORIENTED_EDGE('',*,*,#1918,.F.);
#2559=ORIENTED_EDGE('',*,*,#1846,.F.);
#2560=ORIENTED_EDGE('',*,*,#1915,.T.);
#2561=ORIENTED_EDGE('',*,*,#1723,.F.);
#2562=ORIENTED_EDGE('',*,*,#1919,.T.);
#2563=ORIENTED_EDGE('',*,*,#1798,.F.);
#2564=ORIENTED_EDGE('',*,*,#1920,.F.);
#2565=ORIENTED_EDGE('',*,*,#1724,.F.);
#2566=ORIENTED_EDGE('',*,*,#1920,.T.);
#2567=ORIENTED_EDGE('',*,*,#1797,.F.);
#2568=ORIENTED_EDGE('',*,*,#1921,.F.);
#2569=ORIENTED_EDGE('',*,*,#1725,.F.);
#2570=ORIENTED_EDGE('',*,*,#1921,.T.);
#2571=ORIENTED_EDGE('',*,*,#1796,.F.);
#2572=ORIENTED_EDGE('',*,*,#1922,.F.);
#2573=ORIENTED_EDGE('',*,*,#1720,.F.);
#2574=ORIENTED_EDGE('',*,*,#1922,.T.);
#2575=ORIENTED_EDGE('',*,*,#1795,.F.);
#2576=ORIENTED_EDGE('',*,*,#1923,.F.);
#2577=ORIENTED_EDGE('',*,*,#1722,.F.);
#2578=ORIENTED_EDGE('',*,*,#1924,.T.);
#2579=ORIENTED_EDGE('',*,*,#1799,.F.);
#2580=ORIENTED_EDGE('',*,*,#1919,.F.);
#2581=ORIENTED_EDGE('',*,*,#1721,.F.);
#2582=ORIENTED_EDGE('',*,*,#1923,.T.);
#2583=ORIENTED_EDGE('',*,*,#1800,.F.);
#2584=ORIENTED_EDGE('',*,*,#1924,.F.);
#2585=ORIENTED_EDGE('',*,*,#1729,.F.);
#2586=ORIENTED_EDGE('',*,*,#1925,.T.);
#2587=ORIENTED_EDGE('',*,*,#1804,.F.);
#2588=ORIENTED_EDGE('',*,*,#1926,.F.);
#2589=ORIENTED_EDGE('',*,*,#1730,.F.);
#2590=ORIENTED_EDGE('',*,*,#1926,.T.);
#2591=ORIENTED_EDGE('',*,*,#1803,.F.);
#2592=ORIENTED_EDGE('',*,*,#1927,.F.);
#2593=ORIENTED_EDGE('',*,*,#1731,.F.);
#2594=ORIENTED_EDGE('',*,*,#1927,.T.);
#2595=ORIENTED_EDGE('',*,*,#1802,.F.);
#2596=ORIENTED_EDGE('',*,*,#1928,.F.);
#2597=ORIENTED_EDGE('',*,*,#1726,.F.);
#2598=ORIENTED_EDGE('',*,*,#1928,.T.);
#2599=ORIENTED_EDGE('',*,*,#1801,.F.);
#2600=ORIENTED_EDGE('',*,*,#1929,.F.);
#2601=ORIENTED_EDGE('',*,*,#1728,.F.);
#2602=ORIENTED_EDGE('',*,*,#1930,.T.);
#2603=ORIENTED_EDGE('',*,*,#1805,.F.);
#2604=ORIENTED_EDGE('',*,*,#1925,.F.);
#2605=ORIENTED_EDGE('',*,*,#1727,.F.);
#2606=ORIENTED_EDGE('',*,*,#1929,.T.);
#2607=ORIENTED_EDGE('',*,*,#1806,.F.);
#2608=ORIENTED_EDGE('',*,*,#1930,.F.);
#2609=ORIENTED_EDGE('',*,*,#1735,.F.);
#2610=ORIENTED_EDGE('',*,*,#1931,.T.);
#2611=ORIENTED_EDGE('',*,*,#1810,.F.);
#2612=ORIENTED_EDGE('',*,*,#1932,.F.);
#2613=ORIENTED_EDGE('',*,*,#1736,.F.);
#2614=ORIENTED_EDGE('',*,*,#1932,.T.);
#2615=ORIENTED_EDGE('',*,*,#1809,.F.);
#2616=ORIENTED_EDGE('',*,*,#1933,.F.);
#2617=ORIENTED_EDGE('',*,*,#1737,.F.);
#2618=ORIENTED_EDGE('',*,*,#1933,.T.);
#2619=ORIENTED_EDGE('',*,*,#1808,.F.);
#2620=ORIENTED_EDGE('',*,*,#1934,.F.);
#2621=ORIENTED_EDGE('',*,*,#1732,.F.);
#2622=ORIENTED_EDGE('',*,*,#1934,.T.);
#2623=ORIENTED_EDGE('',*,*,#1807,.F.);
#2624=ORIENTED_EDGE('',*,*,#1935,.F.);
#2625=ORIENTED_EDGE('',*,*,#1734,.F.);
#2626=ORIENTED_EDGE('',*,*,#1936,.T.);
#2627=ORIENTED_EDGE('',*,*,#1811,.F.);
#2628=ORIENTED_EDGE('',*,*,#1931,.F.);
#2629=ORIENTED_EDGE('',*,*,#1733,.F.);
#2630=ORIENTED_EDGE('',*,*,#1935,.T.);
#2631=ORIENTED_EDGE('',*,*,#1812,.F.);
#2632=ORIENTED_EDGE('',*,*,#1936,.F.);
#2633=ORIENTED_EDGE('',*,*,#1741,.F.);
#2634=ORIENTED_EDGE('',*,*,#1937,.T.);
#2635=ORIENTED_EDGE('',*,*,#1816,.F.);
#2636=ORIENTED_EDGE('',*,*,#1938,.F.);
#2637=ORIENTED_EDGE('',*,*,#1742,.F.);
#2638=ORIENTED_EDGE('',*,*,#1938,.T.);
#2639=ORIENTED_EDGE('',*,*,#1815,.F.);
#2640=ORIENTED_EDGE('',*,*,#1939,.F.);
#2641=ORIENTED_EDGE('',*,*,#1743,.F.);
#2642=ORIENTED_EDGE('',*,*,#1939,.T.);
#2643=ORIENTED_EDGE('',*,*,#1814,.F.);
#2644=ORIENTED_EDGE('',*,*,#1940,.F.);
#2645=ORIENTED_EDGE('',*,*,#1738,.F.);
#2646=ORIENTED_EDGE('',*,*,#1940,.T.);
#2647=ORIENTED_EDGE('',*,*,#1813,.F.);
#2648=ORIENTED_EDGE('',*,*,#1941,.F.);
#2649=ORIENTED_EDGE('',*,*,#1740,.F.);
#2650=ORIENTED_EDGE('',*,*,#1942,.T.);
#2651=ORIENTED_EDGE('',*,*,#1817,.F.);
#2652=ORIENTED_EDGE('',*,*,#1937,.F.);
#2653=ORIENTED_EDGE('',*,*,#1739,.F.);
#2654=ORIENTED_EDGE('',*,*,#1941,.T.);
#2655=ORIENTED_EDGE('',*,*,#1818,.F.);
#2656=ORIENTED_EDGE('',*,*,#1942,.F.);
#2657=ORIENTED_EDGE('',*,*,#1747,.F.);
#2658=ORIENTED_EDGE('',*,*,#1943,.T.);
#2659=ORIENTED_EDGE('',*,*,#1822,.F.);
#2660=ORIENTED_EDGE('',*,*,#1944,.F.);
#2661=ORIENTED_EDGE('',*,*,#1748,.F.);
#2662=ORIENTED_EDGE('',*,*,#1944,.T.);
#2663=ORIENTED_EDGE('',*,*,#1821,.F.);
#2664=ORIENTED_EDGE('',*,*,#1945,.F.);
#2665=ORIENTED_EDGE('',*,*,#1749,.F.);
#2666=ORIENTED_EDGE('',*,*,#1945,.T.);
#2667=ORIENTED_EDGE('',*,*,#1820,.F.);
#2668=ORIENTED_EDGE('',*,*,#1946,.F.);
#2669=ORIENTED_EDGE('',*,*,#1744,.F.);
#2670=ORIENTED_EDGE('',*,*,#1946,.T.);
#2671=ORIENTED_EDGE('',*,*,#1819,.F.);
#2672=ORIENTED_EDGE('',*,*,#1947,.F.);
#2673=ORIENTED_EDGE('',*,*,#1746,.F.);
#2674=ORIENTED_EDGE('',*,*,#1948,.T.);
#2675=ORIENTED_EDGE('',*,*,#1823,.F.);
#2676=ORIENTED_EDGE('',*,*,#1943,.F.);
#2677=ORIENTED_EDGE('',*,*,#1745,.F.);
#2678=ORIENTED_EDGE('',*,*,#1947,.T.);
#2679=ORIENTED_EDGE('',*,*,#1824,.F.);
#2680=ORIENTED_EDGE('',*,*,#1948,.F.);
#2681=ORIENTED_EDGE('',*,*,#1753,.F.);
#2682=ORIENTED_EDGE('',*,*,#1949,.T.);
#2683=ORIENTED_EDGE('',*,*,#1828,.F.);
#2684=ORIENTED_EDGE('',*,*,#1950,.F.);
#2685=ORIENTED_EDGE('',*,*,#1754,.F.);
#2686=ORIENTED_EDGE('',*,*,#1950,.T.);
#2687=ORIENTED_EDGE('',*,*,#1827,.F.);
#2688=ORIENTED_EDGE('',*,*,#1951,.F.);
#2689=ORIENTED_EDGE('',*,*,#1755,.F.);
#2690=ORIENTED_EDGE('',*,*,#1951,.T.);
#2691=ORIENTED_EDGE('',*,*,#1826,.F.);
#2692=ORIENTED_EDGE('',*,*,#1952,.F.);
#2693=ORIENTED_EDGE('',*,*,#1750,.F.);
#2694=ORIENTED_EDGE('',*,*,#1952,.T.);
#2695=ORIENTED_EDGE('',*,*,#1825,.F.);
#2696=ORIENTED_EDGE('',*,*,#1953,.F.);
#2697=ORIENTED_EDGE('',*,*,#1752,.F.);
#2698=ORIENTED_EDGE('',*,*,#1954,.T.);
#2699=ORIENTED_EDGE('',*,*,#1829,.F.);
#2700=ORIENTED_EDGE('',*,*,#1949,.F.);
#2701=ORIENTED_EDGE('',*,*,#1751,.F.);
#2702=ORIENTED_EDGE('',*,*,#1953,.T.);
#2703=ORIENTED_EDGE('',*,*,#1830,.F.);
#2704=ORIENTED_EDGE('',*,*,#1954,.F.);
#2705=ORIENTED_EDGE('',*,*,#1759,.F.);
#2706=ORIENTED_EDGE('',*,*,#1955,.T.);
#2707=ORIENTED_EDGE('',*,*,#1834,.F.);
#2708=ORIENTED_EDGE('',*,*,#1956,.F.);
#2709=ORIENTED_EDGE('',*,*,#1760,.F.);
#2710=ORIENTED_EDGE('',*,*,#1956,.T.);
#2711=ORIENTED_EDGE('',*,*,#1833,.F.);
#2712=ORIENTED_EDGE('',*,*,#1957,.F.);
#2713=ORIENTED_EDGE('',*,*,#1761,.F.);
#2714=ORIENTED_EDGE('',*,*,#1957,.T.);
#2715=ORIENTED_EDGE('',*,*,#1832,.F.);
#2716=ORIENTED_EDGE('',*,*,#1958,.F.);
#2717=ORIENTED_EDGE('',*,*,#1756,.F.);
#2718=ORIENTED_EDGE('',*,*,#1958,.T.);
#2719=ORIENTED_EDGE('',*,*,#1831,.F.);
#2720=ORIENTED_EDGE('',*,*,#1959,.F.);
#2721=ORIENTED_EDGE('',*,*,#1758,.F.);
#2722=ORIENTED_EDGE('',*,*,#1960,.T.);
#2723=ORIENTED_EDGE('',*,*,#1835,.F.);
#2724=ORIENTED_EDGE('',*,*,#1955,.F.);
#2725=ORIENTED_EDGE('',*,*,#1757,.F.);
#2726=ORIENTED_EDGE('',*,*,#1959,.T.);
#2727=ORIENTED_EDGE('',*,*,#1836,.F.);
#2728=ORIENTED_EDGE('',*,*,#1960,.F.);
#2729=ORIENTED_EDGE('',*,*,#1765,.F.);
#2730=ORIENTED_EDGE('',*,*,#1961,.T.);
#2731=ORIENTED_EDGE('',*,*,#1840,.F.);
#2732=ORIENTED_EDGE('',*,*,#1962,.F.);
#2733=ORIENTED_EDGE('',*,*,#1766,.F.);
#2734=ORIENTED_EDGE('',*,*,#1962,.T.);
#2735=ORIENTED_EDGE('',*,*,#1839,.F.);
#2736=ORIENTED_EDGE('',*,*,#1963,.F.);
#2737=ORIENTED_EDGE('',*,*,#1767,.F.);
#2738=ORIENTED_EDGE('',*,*,#1963,.T.);
#2739=ORIENTED_EDGE('',*,*,#1838,.F.);
#2740=ORIENTED_EDGE('',*,*,#1964,.F.);
#2741=ORIENTED_EDGE('',*,*,#1762,.F.);
#2742=ORIENTED_EDGE('',*,*,#1964,.T.);
#2743=ORIENTED_EDGE('',*,*,#1837,.F.);
#2744=ORIENTED_EDGE('',*,*,#1965,.F.);
#2745=ORIENTED_EDGE('',*,*,#1764,.F.);
#2746=ORIENTED_EDGE('',*,*,#1966,.T.);
#2747=ORIENTED_EDGE('',*,*,#1841,.F.);
#2748=ORIENTED_EDGE('',*,*,#1961,.F.);
#2749=ORIENTED_EDGE('',*,*,#1763,.F.);
#2750=ORIENTED_EDGE('',*,*,#1965,.T.);
#2751=ORIENTED_EDGE('',*,*,#1842,.F.);
#2752=ORIENTED_EDGE('',*,*,#1966,.F.);
#2753=ORIENTED_EDGE('',*,*,#1655,.F.);
#2754=ORIENTED_EDGE('',*,*,#1967,.T.);
#2755=ORIENTED_EDGE('',*,*,#1867,.F.);
#2756=ORIENTED_EDGE('',*,*,#1968,.T.);
#2757=ORIENTED_EDGE('',*,*,#1656,.F.);
#2758=ORIENTED_EDGE('',*,*,#1968,.F.);
#2759=ORIENTED_EDGE('',*,*,#1866,.F.);
#2760=ORIENTED_EDGE('',*,*,#1969,.F.);
#2761=ORIENTED_EDGE('',*,*,#1653,.F.);
#2762=ORIENTED_EDGE('',*,*,#1969,.T.);
#2763=ORIENTED_EDGE('',*,*,#1865,.F.);
#2764=ORIENTED_EDGE('',*,*,#1970,.T.);
#2765=ORIENTED_EDGE('',*,*,#1654,.F.);
#2766=ORIENTED_EDGE('',*,*,#1970,.F.);
#2767=ORIENTED_EDGE('',*,*,#1868,.F.);
#2768=ORIENTED_EDGE('',*,*,#1967,.F.);
#2769=ORIENTED_EDGE('',*,*,#1659,.F.);
#2770=ORIENTED_EDGE('',*,*,#1971,.T.);
#2771=ORIENTED_EDGE('',*,*,#1863,.F.);
#2772=ORIENTED_EDGE('',*,*,#1972,.T.);
#2773=ORIENTED_EDGE('',*,*,#1660,.F.);
#2774=ORIENTED_EDGE('',*,*,#1972,.F.);
#2775=ORIENTED_EDGE('',*,*,#1862,.F.);
#2776=ORIENTED_EDGE('',*,*,#1973,.F.);
#2777=ORIENTED_EDGE('',*,*,#1657,.F.);
#2778=ORIENTED_EDGE('',*,*,#1973,.T.);
#2779=ORIENTED_EDGE('',*,*,#1861,.F.);
#2780=ORIENTED_EDGE('',*,*,#1974,.T.);
#2781=ORIENTED_EDGE('',*,*,#1658,.F.);
#2782=ORIENTED_EDGE('',*,*,#1974,.F.);
#2783=ORIENTED_EDGE('',*,*,#1864,.F.);
#2784=ORIENTED_EDGE('',*,*,#1971,.F.);
#2785=ORIENTED_EDGE('',*,*,#1663,.F.);
#2786=ORIENTED_EDGE('',*,*,#1975,.T.);
#2787=ORIENTED_EDGE('',*,*,#1859,.F.);
#2788=ORIENTED_EDGE('',*,*,#1976,.T.);
#2789=ORIENTED_EDGE('',*,*,#1664,.F.);
#2790=ORIENTED_EDGE('',*,*,#1976,.F.);
#2791=ORIENTED_EDGE('',*,*,#1858,.F.);
#2792=ORIENTED_EDGE('',*,*,#1977,.F.);
#2793=ORIENTED_EDGE('',*,*,#1661,.F.);
#2794=ORIENTED_EDGE('',*,*,#1977,.T.);
#2795=ORIENTED_EDGE('',*,*,#1857,.F.);
#2796=ORIENTED_EDGE('',*,*,#1978,.T.);
#2797=ORIENTED_EDGE('',*,*,#1662,.F.);
#2798=ORIENTED_EDGE('',*,*,#1978,.F.);
#2799=ORIENTED_EDGE('',*,*,#1860,.F.);
#2800=ORIENTED_EDGE('',*,*,#1975,.F.);
#2801=ORIENTED_EDGE('',*,*,#1667,.F.);
#2802=ORIENTED_EDGE('',*,*,#1979,.T.);
#2803=ORIENTED_EDGE('',*,*,#1855,.F.);
#2804=ORIENTED_EDGE('',*,*,#1980,.T.);
#2805=ORIENTED_EDGE('',*,*,#1668,.F.);
#2806=ORIENTED_EDGE('',*,*,#1980,.F.);
#2807=ORIENTED_EDGE('',*,*,#1854,.F.);
#2808=ORIENTED_EDGE('',*,*,#1981,.F.);
#2809=ORIENTED_EDGE('',*,*,#1665,.F.);
#2810=ORIENTED_EDGE('',*,*,#1981,.T.);
#2811=ORIENTED_EDGE('',*,*,#1853,.F.);
#2812=ORIENTED_EDGE('',*,*,#1982,.T.);
#2813=ORIENTED_EDGE('',*,*,#1666,.F.);
#2814=ORIENTED_EDGE('',*,*,#1982,.F.);
#2815=ORIENTED_EDGE('',*,*,#1856,.F.);
#2816=ORIENTED_EDGE('',*,*,#1979,.F.);
#2817=CYLINDRICAL_SURFACE('',#3008,1.5);
#2818=CYLINDRICAL_SURFACE('',#3012,2.18660608285955);
#2819=CYLINDRICAL_SURFACE('',#3017,2.18660608285955);
#2820=CYLINDRICAL_SURFACE('',#3021,1.5);
#2821=CYLINDRICAL_SURFACE('',#3025,2.18660608285955);
#2822=CYLINDRICAL_SURFACE('',#3030,2.18660608285955);
#2823=CYLINDRICAL_SURFACE('',#3034,1.5);
#2824=CYLINDRICAL_SURFACE('',#3037,2.18660608285955);
#2825=CYLINDRICAL_SURFACE('',#3041,2.18660608285955);
#2826=CYLINDRICAL_SURFACE('',#3047,1.5);
#2827=CYLINDRICAL_SURFACE('',#3050,2.18660608285955);
#2828=CYLINDRICAL_SURFACE('',#3054,2.18660608285955);
#2829=CYLINDRICAL_SURFACE('',#3060,5.);
#2830=CYLINDRICAL_SURFACE('',#3064,5.);
#2831=CYLINDRICAL_SURFACE('',#3072,5.);
#2832=CYLINDRICAL_SURFACE('',#3086,5.);
#2833=CYLINDRICAL_SURFACE('',#3106,5.);
#2834=CYLINDRICAL_SURFACE('',#3120,5.);
#2835=CYLINDRICAL_SURFACE('',#3123,3.78539190187506);
#2836=CYLINDRICAL_SURFACE('',#3124,2.11);
#2837=CYLINDRICAL_SURFACE('',#3125,2.11);
#2838=CYLINDRICAL_SURFACE('',#3126,2.11);
#2839=CYLINDRICAL_SURFACE('',#3127,2.11);
#2840=CYLINDRICAL_SURFACE('',#3128,2.11);
#2841=CYLINDRICAL_SURFACE('',#3129,2.11);
#2842=CYLINDRICAL_SURFACE('',#3130,2.11);
#2843=CYLINDRICAL_SURFACE('',#3131,2.11);
#2844=CYLINDRICAL_SURFACE('',#3133,3.5);
#2845=CYLINDRICAL_SURFACE('',#3135,3.5);
#2846=CYLINDRICAL_SURFACE('',#3137,3.50000000000001);
#2847=CYLINDRICAL_SURFACE('',#3139,3.50000000000001);
#2848=CYLINDRICAL_SURFACE('',#3140,5.);
#2849=CYLINDRICAL_SURFACE('',#3141,5.);
#2850=CYLINDRICAL_SURFACE('',#3144,1.25);
#2851=CYLINDRICAL_SURFACE('',#3146,1.25);
#2852=ADVANCED_FACE('',(#181),#2817,.F.);
#2853=ADVANCED_FACE('',(#182),#74,.T.);
#2854=ADVANCED_FACE('',(#183),#2818,.T.);
#2855=ADVANCED_FACE('',(#184),#75,.T.);
#2856=ADVANCED_FACE('',(#185),#76,.T.);
#2857=ADVANCED_FACE('',(#186),#2819,.T.);
#2858=ADVANCED_FACE('',(#187,#15),#77,.F.);
#2859=ADVANCED_FACE('',(#188),#2820,.F.);
#2860=ADVANCED_FACE('',(#189),#78,.T.);
#2861=ADVANCED_FACE('',(#190),#2821,.T.);
#2862=ADVANCED_FACE('',(#191),#79,.T.);
#2863=ADVANCED_FACE('',(#192),#80,.T.);
#2864=ADVANCED_FACE('',(#193),#2822,.T.);
#2865=ADVANCED_FACE('',(#194,#16),#81,.F.);
#2866=ADVANCED_FACE('',(#195),#2823,.F.);
#2867=ADVANCED_FACE('',(#196),#2824,.T.);
#2868=ADVANCED_FACE('',(#197),#82,.T.);
#2869=ADVANCED_FACE('',(#198),#2825,.T.);
#2870=ADVANCED_FACE('',(#199),#83,.T.);
#2871=ADVANCED_FACE('',(#200),#84,.T.);
#2872=ADVANCED_FACE('',(#201,#17),#85,.F.);
#2873=ADVANCED_FACE('',(#202),#2826,.F.);
#2874=ADVANCED_FACE('',(#203),#2827,.T.);
#2875=ADVANCED_FACE('',(#204),#86,.T.);
#2876=ADVANCED_FACE('',(#205),#2828,.T.);
#2877=ADVANCED_FACE('',(#206),#87,.T.);
#2878=ADVANCED_FACE('',(#207),#88,.T.);
#2879=ADVANCED_FACE('',(#208,#18),#89,.F.);
#2880=ADVANCED_FACE('',(#209),#2829,.F.);
#2881=ADVANCED_FACE('',(#210,#19,#20,#21,#22),#90,.T.);
#2882=ADVANCED_FACE('',(#211),#2830,.F.);
#2883=ADVANCED_FACE('',(#212,#23),#91,.T.);
#2884=ADVANCED_FACE('',(#213),#2831,.T.);
#2885=ADVANCED_FACE('',(#214,#24),#92,.T.);
#2886=ADVANCED_FACE('',(#215,#25),#93,.T.);
#2887=ADVANCED_FACE('',(#216),#2832,.T.);
#2888=ADVANCED_FACE('',(#217,#26,#27,#28,#29,#30,#31,#32,#33,#34,#35,#36),
#94,.T.);
#2889=ADVANCED_FACE('',(#218,#37,#38,#39,#40,#41,#42,#43,#44),#95,.T.);
#2890=ADVANCED_FACE('',(#219,#45,#46,#47,#48,#49,#50,#51,#52,#53,#54,#55),
#96,.T.);
#2891=ADVANCED_FACE('',(#220,#56,#57,#58,#59),#97,.T.);
#2892=ADVANCED_FACE('',(#221),#2833,.T.);
#2893=ADVANCED_FACE('',(#222,#60),#98,.T.);
#2894=ADVANCED_FACE('',(#223,#61,#62,#63,#64,#65,#66,#67,#68,#69,#70,#71,
#72),#99,.F.);
#2895=ADVANCED_FACE('',(#224),#2834,.F.);
#2896=ADVANCED_FACE('',(#225,#73),#100,.T.);
#2897=ADVANCED_FACE('',(#226),#2835,.F.);
#2898=ADVANCED_FACE('',(#227),#2836,.F.);
#2899=ADVANCED_FACE('',(#228),#2837,.F.);
#2900=ADVANCED_FACE('',(#229),#2838,.F.);
#2901=ADVANCED_FACE('',(#230),#2839,.F.);
#2902=ADVANCED_FACE('',(#231),#2840,.F.);
#2903=ADVANCED_FACE('',(#232),#2841,.F.);
#2904=ADVANCED_FACE('',(#233),#2842,.F.);
#2905=ADVANCED_FACE('',(#234),#2843,.F.);
#2906=ADVANCED_FACE('',(#235),#101,.F.);
#2907=ADVANCED_FACE('',(#236),#2844,.F.);
#2908=ADVANCED_FACE('',(#237),#102,.F.);
#2909=ADVANCED_FACE('',(#238),#2845,.F.);
#2910=ADVANCED_FACE('',(#239),#103,.F.);
#2911=ADVANCED_FACE('',(#240),#2846,.F.);
#2912=ADVANCED_FACE('',(#241),#104,.F.);
#2913=ADVANCED_FACE('',(#242),#2847,.F.);
#2914=ADVANCED_FACE('',(#243),#2848,.F.);
#2915=ADVANCED_FACE('',(#244),#2849,.T.);
#2916=ADVANCED_FACE('',(#245),#105,.F.);
#2917=ADVANCED_FACE('',(#246),#106,.F.);
#2918=ADVANCED_FACE('',(#247),#2850,.F.);
#2919=ADVANCED_FACE('',(#248),#107,.F.);
#2920=ADVANCED_FACE('',(#249),#2851,.F.);
#2921=ADVANCED_FACE('',(#250),#108,.F.);
#2922=ADVANCED_FACE('',(#251),#109,.F.);
#2923=ADVANCED_FACE('',(#252),#110,.F.);
#2924=ADVANCED_FACE('',(#253),#111,.F.);
#2925=ADVANCED_FACE('',(#254),#112,.F.);
#2926=ADVANCED_FACE('',(#255),#113,.F.);
#2927=ADVANCED_FACE('',(#256),#114,.F.);
#2928=ADVANCED_FACE('',(#257),#115,.F.);
#2929=ADVANCED_FACE('',(#258),#116,.F.);
#2930=ADVANCED_FACE('',(#259),#117,.F.);
#2931=ADVANCED_FACE('',(#260),#118,.F.);
#2932=ADVANCED_FACE('',(#261),#119,.F.);
#2933=ADVANCED_FACE('',(#262),#120,.F.);
#2934=ADVANCED_FACE('',(#263),#121,.F.);
#2935=ADVANCED_FACE('',(#264),#122,.F.);
#2936=ADVANCED_FACE('',(#265),#123,.F.);
#2937=ADVANCED_FACE('',(#266),#124,.F.);
#2938=ADVANCED_FACE('',(#267),#125,.F.);
#2939=ADVANCED_FACE('',(#268),#126,.F.);
#2940=ADVANCED_FACE('',(#269),#127,.F.);
#2941=ADVANCED_FACE('',(#270),#128,.F.);
#2942=ADVANCED_FACE('',(#271),#129,.F.);
#2943=ADVANCED_FACE('',(#272),#130,.F.);
#2944=ADVANCED_FACE('',(#273),#131,.F.);
#2945=ADVANCED_FACE('',(#274),#132,.F.);
#2946=ADVANCED_FACE('',(#275),#133,.F.);
#2947=ADVANCED_FACE('',(#276),#134,.F.);
#2948=ADVANCED_FACE('',(#277),#135,.F.);
#2949=ADVANCED_FACE('',(#278),#136,.F.);
#2950=ADVANCED_FACE('',(#279),#137,.F.);
#2951=ADVANCED_FACE('',(#280),#138,.F.);
#2952=ADVANCED_FACE('',(#281),#139,.F.);
#2953=ADVANCED_FACE('',(#282),#140,.F.);
#2954=ADVANCED_FACE('',(#283),#141,.F.);
#2955=ADVANCED_FACE('',(#284),#142,.F.);
#2956=ADVANCED_FACE('',(#285),#143,.F.);
#2957=ADVANCED_FACE('',(#286),#144,.F.);
#2958=ADVANCED_FACE('',(#287),#145,.F.);
#2959=ADVANCED_FACE('',(#288),#146,.F.);
#2960=ADVANCED_FACE('',(#289),#147,.F.);
#2961=ADVANCED_FACE('',(#290),#148,.F.);
#2962=ADVANCED_FACE('',(#291),#149,.F.);
#2963=ADVANCED_FACE('',(#292),#150,.F.);
#2964=ADVANCED_FACE('',(#293),#151,.F.);
#2965=ADVANCED_FACE('',(#294),#152,.F.);
#2966=ADVANCED_FACE('',(#295),#153,.F.);
#2967=ADVANCED_FACE('',(#296),#154,.F.);
#2968=ADVANCED_FACE('',(#297),#155,.F.);
#2969=ADVANCED_FACE('',(#298),#156,.F.);
#2970=ADVANCED_FACE('',(#299),#157,.F.);
#2971=ADVANCED_FACE('',(#300),#158,.F.);
#2972=ADVANCED_FACE('',(#301),#159,.F.);
#2973=ADVANCED_FACE('',(#302),#160,.F.);
#2974=ADVANCED_FACE('',(#303),#161,.F.);
#2975=ADVANCED_FACE('',(#304),#162,.F.);
#2976=ADVANCED_FACE('',(#305),#163,.F.);
#2977=ADVANCED_FACE('',(#306),#164,.F.);
#2978=ADVANCED_FACE('',(#307),#165,.F.);
#2979=ADVANCED_FACE('',(#308),#166,.F.);
#2980=ADVANCED_FACE('',(#309),#167,.F.);
#2981=ADVANCED_FACE('',(#310),#168,.T.);
#2982=ADVANCED_FACE('',(#311),#169,.F.);
#2983=ADVANCED_FACE('',(#312),#170,.F.);
#2984=ADVANCED_FACE('',(#313),#171,.F.);
#2985=ADVANCED_FACE('',(#314),#172,.T.);
#2986=ADVANCED_FACE('',(#315),#173,.F.);
#2987=ADVANCED_FACE('',(#316),#174,.F.);
#2988=ADVANCED_FACE('',(#317),#175,.F.);
#2989=ADVANCED_FACE('',(#318),#176,.T.);
#2990=ADVANCED_FACE('',(#319),#177,.F.);
#2991=ADVANCED_FACE('',(#320),#178,.F.);
#2992=ADVANCED_FACE('',(#321),#179,.F.);
#2993=ADVANCED_FACE('',(#322),#180,.T.);
#2994=CLOSED_SHELL('',(#2852,#2853,#2854,#2855,#2856,#2857,#2858,#2859,
#2860,#2861,#2862,#2863,#2864,#2865,#2866,#2867,#2868,#2869,#2870,#2871,
#2872,#2873,#2874,#2875,#2876,#2877,#2878,#2879,#2880,#2881,#2882,#2883,
#2884,#2885,#2886,#2887,#2888,#2889,#2890,#2891,#2892,#2893,#2894,#2895,
#2896,#2897,#2898,#2899,#2900,#2901,#2902,#2903,#2904,#2905,#2906,#2907,
#2908,#2909,#2910,#2911,#2912,#2913,#2914,#2915,#2916,#2917,#2918,#2919,
#2920,#2921,#2922,#2923,#2924,#2925,#2926,#2927,#2928,#2929,#2930,#2931,
#2932,#2933,#2934,#2935,#2936,#2937,#2938,#2939,#2940,#2941,#2942,#2943,
#2944,#2945,#2946,#2947,#2948,#2949,#2950,#2951,#2952,#2953,#2954,#2955,
#2956,#2957,#2958,#2959,#2960,#2961,#2962,#2963,#2964,#2965,#2966,#2967,
#2968,#2969,#2970,#2971,#2972,#2973,#2974,#2975,#2976,#2977,#2978,#2979,
#2980,#2981,#2982,#2983,#2984,#2985,#2986,#2987,#2988,#2989,#2990,#2991,
#2992,#2993));
#2995=DERIVED_UNIT_ELEMENT(#2997,1.);
#2996=DERIVED_UNIT_ELEMENT(#4836,-3.);
#2997=(
MASS_UNIT()
NAMED_UNIT(*)
SI_UNIT(.KILO.,.GRAM.)
);
#2998=DERIVED_UNIT((#2995,#2996));
#2999=MEASURE_REPRESENTATION_ITEM('density measure',
POSITIVE_RATIO_MEASURE(7850.),#2998);
#3000=PROPERTY_DEFINITION_REPRESENTATION(#3005,#3002);
#3001=PROPERTY_DEFINITION_REPRESENTATION(#3006,#3003);
#3002=REPRESENTATION('material name',(#3004),#4833);
#3003=REPRESENTATION('density',(#2999),#4833);
#3004=DESCRIPTIVE_REPRESENTATION_ITEM('Steel','Steel');
#3005=PROPERTY_DEFINITION('material property','material name',#4843);
#3006=PROPERTY_DEFINITION('material property','density of part',#4843);
#3007=AXIS2_PLACEMENT_3D('',#3993,#3220,#3221);
#3008=AXIS2_PLACEMENT_3D('',#3994,#3222,#3223);
#3009=AXIS2_PLACEMENT_3D('',#3996,#3224,#3225);
#3010=AXIS2_PLACEMENT_3D('',#3999,#3227,#3228);
#3011=AXIS2_PLACEMENT_3D('',#4000,#3229,#3230);
#3012=AXIS2_PLACEMENT_3D('',#4009,#3235,#3236);
#3013=AXIS2_PLACEMENT_3D('',#4011,#3237,#3238);
#3014=AXIS2_PLACEMENT_3D('',#4013,#3239,#3240);
#3015=AXIS2_PLACEMENT_3D('',#4015,#3242,#3243);
#3016=AXIS2_PLACEMENT_3D('',#4021,#3247,#3248);
#3017=AXIS2_PLACEMENT_3D('',#4030,#3253,#3254);
#3018=AXIS2_PLACEMENT_3D('',#4031,#3255,#3256);
#3019=AXIS2_PLACEMENT_3D('',#4032,#3257,#3258);
#3020=AXIS2_PLACEMENT_3D('',#4033,#3259,#3260);
#3021=AXIS2_PLACEMENT_3D('',#4035,#3262,#3263);
#3022=AXIS2_PLACEMENT_3D('',#4037,#3264,#3265);
#3023=AXIS2_PLACEMENT_3D('',#4040,#3267,#3268);
#3024=AXIS2_PLACEMENT_3D('',#4041,#3269,#3270);
#3025=AXIS2_PLACEMENT_3D('',#4050,#3275,#3276);
#3026=AXIS2_PLACEMENT_3D('',#4052,#3277,#3278);
#3027=AXIS2_PLACEMENT_3D('',#4054,#3279,#3280);
#3028=AXIS2_PLACEMENT_3D('',#4056,#3282,#3283);
#3029=AXIS2_PLACEMENT_3D('',#4062,#3287,#3288);
#3030=AXIS2_PLACEMENT_3D('',#4071,#3293,#3294);
#3031=AXIS2_PLACEMENT_3D('',#4072,#3295,#3296);
#3032=AXIS2_PLACEMENT_3D('',#4073,#3297,#3298);
#3033=AXIS2_PLACEMENT_3D('',#4074,#3299,#3300);
#3034=AXIS2_PLACEMENT_3D('',#4076,#3302,#3303);
#3035=AXIS2_PLACEMENT_3D('',#4078,#3304,#3305);
#3036=AXIS2_PLACEMENT_3D('',#4081,#3307,#3308);
#3037=AXIS2_PLACEMENT_3D('',#4082,#3309,#3310);
#3038=AXIS2_PLACEMENT_3D('',#4085,#3311,#3312);
#3039=AXIS2_PLACEMENT_3D('',#4089,#3314,#3315);
#3040=AXIS2_PLACEMENT_3D('',#4091,#3317,#3318);
#3041=AXIS2_PLACEMENT_3D('',#4097,#3322,#3323);
#3042=AXIS2_PLACEMENT_3D('',#4099,#3324,#3325);
#3043=AXIS2_PLACEMENT_3D('',#4101,#3326,#3327);
#3044=AXIS2_PLACEMENT_3D('',#4103,#3329,#3330);
#3045=AXIS2_PLACEMENT_3D('',#4109,#3334,#3335);
#3046=AXIS2_PLACEMENT_3D('',#4115,#3339,#3340);
#3047=AXIS2_PLACEMENT_3D('',#4117,#3342,#3343);
#3048=AXIS2_PLACEMENT_3D('',#4119,#3344,#3345);
#3049=AXIS2_PLACEMENT_3D('',#4122,#3347,#3348);
#3050=AXIS2_PLACEMENT_3D('',#4123,#3349,#3350);
#3051=AXIS2_PLACEMENT_3D('',#4126,#3351,#3352);
#3052=AXIS2_PLACEMENT_3D('',#4130,#3354,#3355);
#3053=AXIS2_PLACEMENT_3D('',#4132,#3357,#3358);
#3054=AXIS2_PLACEMENT_3D('',#4138,#3362,#3363);
#3055=AXIS2_PLACEMENT_3D('',#4140,#3364,#3365);
#3056=AXIS2_PLACEMENT_3D('',#4142,#3366,#3367);
#3057=AXIS2_PLACEMENT_3D('',#4144,#3369,#3370);
#3058=AXIS2_PLACEMENT_3D('',#4150,#3374,#3375);
#3059=AXIS2_PLACEMENT_3D('',#4156,#3379,#3380);
#3060=AXIS2_PLACEMENT_3D('',#4158,#3382,#3383);
#3061=AXIS2_PLACEMENT_3D('',#4161,#3384,#3385);
#3062=AXIS2_PLACEMENT_3D('',#4165,#3387,#3388);
#3063=AXIS2_PLACEMENT_3D('',#4167,#3390,#3391);
#3064=AXIS2_PLACEMENT_3D('',#4205,#3411,#3412);
#3065=AXIS2_PLACEMENT_3D('',#4208,#3413,#3414);
#3066=AXIS2_PLACEMENT_3D('',#4212,#3416,#3417);
#3067=AXIS2_PLACEMENT_3D('',#4214,#3419,#3420);
#3068=AXIS2_PLACEMENT_3D('',#4221,#3424,#3425);
#3069=AXIS2_PLACEMENT_3D('',#4225,#3427,#3428);
#3070=AXIS2_PLACEMENT_3D('',#4229,#3430,#3431);
#3071=AXIS2_PLACEMENT_3D('',#4232,#3433,#3434);
#3072=AXIS2_PLACEMENT_3D('',#4233,#3435,#3436);
#3073=AXIS2_PLACEMENT_3D('',#4236,#3437,#3438);
#3074=AXIS2_PLACEMENT_3D('',#4240,#3440,#3441);
#3075=AXIS2_PLACEMENT_3D('',#4242,#3443,#3444);
#3076=AXIS2_PLACEMENT_3D('',#4254,#3451,#3452);
#3077=AXIS2_PLACEMENT_3D('',#4258,#3454,#3455);
#3078=AXIS2_PLACEMENT_3D('',#4262,#3457,#3458);
#3079=AXIS2_PLACEMENT_3D('',#4265,#3460,#3461);
#3080=AXIS2_PLACEMENT_3D('',#4266,#3462,#3463);
#3081=AXIS2_PLACEMENT_3D('',#4270,#3465,#3466);
#3082=AXIS2_PLACEMENT_3D('',#4274,#3468,#3469);
#3083=AXIS2_PLACEMENT_3D('',#4277,#3471,#3472);
#3084=AXIS2_PLACEMENT_3D('',#4281,#3474,#3475);
#3085=AXIS2_PLACEMENT_3D('',#4284,#3477,#3478);
#3086=AXIS2_PLACEMENT_3D('',#4285,#3479,#3480);
#3087=AXIS2_PLACEMENT_3D('',#4287,#3481,#3482);
#3088=AXIS2_PLACEMENT_3D('',#4289,#3484,#3485);
#3089=AXIS2_PLACEMENT_3D('',#4297,#3489,#3490);
#3090=AXIS2_PLACEMENT_3D('',#4304,#3494,#3495);
#3091=AXIS2_PLACEMENT_3D('',#4417,#3552,#3553);
#3092=AXIS2_PLACEMENT_3D('',#4419,#3554,#3555);
#3093=AXIS2_PLACEMENT_3D('',#4422,#3557,#3558);
#3094=AXIS2_PLACEMENT_3D('',#4424,#3559,#3560);
#3095=AXIS2_PLACEMENT_3D('',#4426,#3561,#3562);
#3096=AXIS2_PLACEMENT_3D('',#4428,#3563,#3564);
#3097=AXIS2_PLACEMENT_3D('',#4430,#3565,#3566);
#3098=AXIS2_PLACEMENT_3D('',#4432,#3567,#3568);
#3099=AXIS2_PLACEMENT_3D('',#4434,#3569,#3570);
#3100=AXIS2_PLACEMENT_3D('',#4436,#3571,#3572);
#3101=AXIS2_PLACEMENT_3D('',#4438,#3573,#3574);
#3102=AXIS2_PLACEMENT_3D('',#4439,#3575,#3576);
#3103=AXIS2_PLACEMENT_3D('',#4447,#3580,#3581);
#3104=AXIS2_PLACEMENT_3D('',#4454,#3585,#3586);
#3105=AXIS2_PLACEMENT_3D('',#4567,#3643,#3644);
#3106=AXIS2_PLACEMENT_3D('',#4603,#3663,#3664);
#3107=AXIS2_PLACEMENT_3D('',#4605,#3665,#3666);
#3108=AXIS2_PLACEMENT_3D('',#4607,#3668,#3669);
#3109=AXIS2_PLACEMENT_3D('',#4614,#3674,#3675);
#3110=AXIS2_PLACEMENT_3D('',#4615,#3676,#3677);
#3111=AXIS2_PLACEMENT_3D('',#4616,#3678,#3679);
#3112=AXIS2_PLACEMENT_3D('',#4618,#3680,#3681);
#3113=AXIS2_PLACEMENT_3D('',#4620,#3682,#3683);
#3114=AXIS2_PLACEMENT_3D('',#4622,#3684,#3685);
#3115=AXIS2_PLACEMENT_3D('',#4624,#3686,#3687);
#3116=AXIS2_PLACEMENT_3D('',#4626,#3688,#3689);
#3117=AXIS2_PLACEMENT_3D('',#4628,#3690,#3691);
#3118=AXIS2_PLACEMENT_3D('',#4630,#3692,#3693);
#3119=AXIS2_PLACEMENT_3D('',#4632,#3694,#3695);
#3120=AXIS2_PLACEMENT_3D('',#4633,#3696,#3697);
#3121=AXIS2_PLACEMENT_3D('',#4635,#3699,#3700);
#3122=AXIS2_PLACEMENT_3D('',#4638,#3702,#3703);
#3123=AXIS2_PLACEMENT_3D('',#4639,#3704,#3705);
#3124=AXIS2_PLACEMENT_3D('',#4641,#3707,#3708);
#3125=AXIS2_PLACEMENT_3D('',#4643,#3710,#3711);
#3126=AXIS2_PLACEMENT_3D('',#4645,#3713,#3714);
#3127=AXIS2_PLACEMENT_3D('',#4647,#3716,#3717);
#3128=AXIS2_PLACEMENT_3D('',#4649,#3719,#3720);
#3129=AXIS2_PLACEMENT_3D('',#4651,#3722,#3723);
#3130=AXIS2_PLACEMENT_3D('',#4653,#3725,#3726);
#3131=AXIS2_PLACEMENT_3D('',#4655,#3728,#3729);
#3132=AXIS2_PLACEMENT_3D('',#4657,#3731,#3732);
#3133=AXIS2_PLACEMENT_3D('',#4660,#3735,#3736);
#3134=AXIS2_PLACEMENT_3D('',#4662,#3738,#3739);
#3135=AXIS2_PLACEMENT_3D('',#4664,#3741,#3742);
#3136=AXIS2_PLACEMENT_3D('',#4666,#3744,#3745);
#3137=AXIS2_PLACEMENT_3D('',#4668,#3747,#3748);
#3138=AXIS2_PLACEMENT_3D('',#4670,#3750,#3751);
#3139=AXIS2_PLACEMENT_3D('',#4672,#3753,#3754);
#3140=AXIS2_PLACEMENT_3D('',#4673,#3755,#3756);
#3141=AXIS2_PLACEMENT_3D('',#4674,#3757,#3758);
#3142=AXIS2_PLACEMENT_3D('',#4675,#3759,#3760);
#3143=AXIS2_PLACEMENT_3D('',#4678,#3763,#3764);
#3144=AXIS2_PLACEMENT_3D('',#4680,#3766,#3767);
#3145=AXIS2_PLACEMENT_3D('',#4682,#3769,#3770);
#3146=AXIS2_PLACEMENT_3D('',#4684,#3772,#3773);
#3147=AXIS2_PLACEMENT_3D('',#4686,#3775,#3776);
#3148=AXIS2_PLACEMENT_3D('',#4687,#3777,#3778);
#3149=AXIS2_PLACEMENT_3D('',#4690,#3781,#3782);
#3150=AXIS2_PLACEMENT_3D('',#4692,#3784,#3785);
#3151=AXIS2_PLACEMENT_3D('',#4694,#3787,#3788);
#3152=AXIS2_PLACEMENT_3D('',#4695,#3789,#3790);
#3153=AXIS2_PLACEMENT_3D('',#4698,#3793,#3794);
#3154=AXIS2_PLACEMENT_3D('',#4700,#3796,#3797);
#3155=AXIS2_PLACEMENT_3D('',#4702,#3799,#3800);
#3156=AXIS2_PLACEMENT_3D('',#4703,#3801,#3802);
#3157=AXIS2_PLACEMENT_3D('',#4706,#3805,#3806);
#3158=AXIS2_PLACEMENT_3D('',#4708,#3808,#3809);
#3159=AXIS2_PLACEMENT_3D('',#4710,#3811,#3812);
#3160=AXIS2_PLACEMENT_3D('',#4712,#3814,#3815);
#3161=AXIS2_PLACEMENT_3D('',#4714,#3817,#3818);
#3162=AXIS2_PLACEMENT_3D('',#4715,#3819,#3820);
#3163=AXIS2_PLACEMENT_3D('',#4718,#3823,#3824);
#3164=AXIS2_PLACEMENT_3D('',#4720,#3826,#3827);
#3165=AXIS2_PLACEMENT_3D('',#4722,#3829,#3830);
#3166=AXIS2_PLACEMENT_3D('',#4724,#3832,#3833);
#3167=AXIS2_PLACEMENT_3D('',#4726,#3835,#3836);
#3168=AXIS2_PLACEMENT_3D('',#4727,#3837,#3838);
#3169=AXIS2_PLACEMENT_3D('',#4730,#3841,#3842);
#3170=AXIS2_PLACEMENT_3D('',#4732,#3844,#3845);
#3171=AXIS2_PLACEMENT_3D('',#4734,#3847,#3848);
#3172=AXIS2_PLACEMENT_3D('',#4736,#3850,#3851);
#3173=AXIS2_PLACEMENT_3D('',#4738,#3853,#3854);
#3174=AXIS2_PLACEMENT_3D('',#4739,#3855,#3856);
#3175=AXIS2_PLACEMENT_3D('',#4742,#3859,#3860);
#3176=AXIS2_PLACEMENT_3D('',#4744,#3862,#3863);
#3177=AXIS2_PLACEMENT_3D('',#4746,#3865,#3866);
#3178=AXIS2_PLACEMENT_3D('',#4748,#3868,#3869);
#3179=AXIS2_PLACEMENT_3D('',#4750,#3871,#3872);
#3180=AXIS2_PLACEMENT_3D('',#4751,#3873,#3874);
#3181=AXIS2_PLACEMENT_3D('',#4754,#3877,#3878);
#3182=AXIS2_PLACEMENT_3D('',#4756,#3880,#3881);
#3183=AXIS2_PLACEMENT_3D('',#4758,#3883,#3884);
#3184=AXIS2_PLACEMENT_3D('',#4760,#3886,#3887);
#3185=AXIS2_PLACEMENT_3D('',#4762,#3889,#3890);
#3186=AXIS2_PLACEMENT_3D('',#4763,#3891,#3892);
#3187=AXIS2_PLACEMENT_3D('',#4766,#3895,#3896);
#3188=AXIS2_PLACEMENT_3D('',#4768,#3898,#3899);
#3189=AXIS2_PLACEMENT_3D('',#4770,#3901,#3902);
#3190=AXIS2_PLACEMENT_3D('',#4772,#3904,#3905);
#3191=AXIS2_PLACEMENT_3D('',#4774,#3907,#3908);
#3192=AXIS2_PLACEMENT_3D('',#4775,#3909,#3910);
#3193=AXIS2_PLACEMENT_3D('',#4778,#3913,#3914);
#3194=AXIS2_PLACEMENT_3D('',#4780,#3916,#3917);
#3195=AXIS2_PLACEMENT_3D('',#4782,#3919,#3920);
#3196=AXIS2_PLACEMENT_3D('',#4784,#3922,#3923);
#3197=AXIS2_PLACEMENT_3D('',#4786,#3925,#3926);
#3198=AXIS2_PLACEMENT_3D('',#4787,#3927,#3928);
#3199=AXIS2_PLACEMENT_3D('',#4790,#3931,#3932);
#3200=AXIS2_PLACEMENT_3D('',#4792,#3934,#3935);
#3201=AXIS2_PLACEMENT_3D('',#4794,#3937,#3938);
#3202=AXIS2_PLACEMENT_3D('',#4796,#3940,#3941);
#3203=AXIS2_PLACEMENT_3D('',#4798,#3943,#3944);
#3204=AXIS2_PLACEMENT_3D('',#4799,#3945,#3946);
#3205=AXIS2_PLACEMENT_3D('',#4802,#3949,#3950);
#3206=AXIS2_PLACEMENT_3D('',#4804,#3952,#3953);
#3207=AXIS2_PLACEMENT_3D('',#4806,#3955,#3956);
#3208=AXIS2_PLACEMENT_3D('',#4807,#3957,#3958);
#3209=AXIS2_PLACEMENT_3D('',#4810,#3961,#3962);
#3210=AXIS2_PLACEMENT_3D('',#4812,#3964,#3965);
#3211=AXIS2_PLACEMENT_3D('',#4814,#3967,#3968);
#3212=AXIS2_PLACEMENT_3D('',#4815,#3969,#3970);
#3213=AXIS2_PLACEMENT_3D('',#4818,#3973,#3974);
#3214=AXIS2_PLACEMENT_3D('',#4820,#3976,#3977);
#3215=AXIS2_PLACEMENT_3D('',#4822,#3979,#3980);
#3216=AXIS2_PLACEMENT_3D('',#4823,#3981,#3982);
#3217=AXIS2_PLACEMENT_3D('',#4826,#3985,#3986);
#3218=AXIS2_PLACEMENT_3D('',#4828,#3988,#3989);
#3219=AXIS2_PLACEMENT_3D('',#4830,#3991,#3992);
#3220=DIRECTION('axis',(0.,0.,1.));
#3221=DIRECTION('refdir',(1.,0.,0.));
#3222=DIRECTION('center_axis',(0.,0.,1.));
#3223=DIRECTION('ref_axis',(1.,0.,0.));
#3224=DIRECTION('center_axis',(0.,0.,-1.));
#3225=DIRECTION('ref_axis',(1.,0.,0.));
#3226=DIRECTION('',(0.,0.,-1.));
#3227=DIRECTION('center_axis',(0.,0.,1.));
#3228=DIRECTION('ref_axis',(1.,0.,0.));
#3229=DIRECTION('center_axis',(0.,-1.,0.));
#3230=DIRECTION('ref_axis',(1.,0.,0.));
#3231=DIRECTION('',(1.,0.,0.));
#3232=DIRECTION('',(0.,0.,1.));
#3233=DIRECTION('',(1.,0.,0.));
#3234=DIRECTION('',(0.,0.,1.));
#3235=DIRECTION('center_axis',(0.,0.,1.));
#3236=DIRECTION('ref_axis',(0.,-1.,0.));
#3237=DIRECTION('center_axis',(0.,0.,-1.));
#3238=DIRECTION('ref_axis',(0.,-1.,0.));
#3239=DIRECTION('center_axis',(0.,0.,1.));
#3240=DIRECTION('ref_axis',(0.,-1.,0.));
#3241=DIRECTION('',(0.,0.,1.));
#3242=DIRECTION('center_axis',(-1.,-2.09464318045926E-15,0.));
#3243=DIRECTION('ref_axis',(2.09464318045926E-15,-1.,0.));
#3244=DIRECTION('',(2.09464318045926E-15,-1.,0.));
#3245=DIRECTION('',(2.09464318045926E-15,-1.,0.));
#3246=DIRECTION('',(0.,0.,1.));
#3247=DIRECTION('center_axis',(1.,0.,0.));
#3248=DIRECTION('ref_axis',(0.,1.,0.));
#3249=DIRECTION('',(0.,1.,0.));
#3250=DIRECTION('',(0.,0.,-1.));
#3251=DIRECTION('',(0.,1.,0.));
#3252=DIRECTION('',(0.,0.,1.));
#3253=DIRECTION('center_axis',(0.,0.,1.));
#3254=DIRECTION('ref_axis',(1.,0.,0.));
#3255=DIRECTION('center_axis',(0.,0.,-1.));
#3256=DIRECTION('ref_axis',(1.,0.,0.));
#3257=DIRECTION('center_axis',(0.,0.,1.));
#3258=DIRECTION('ref_axis',(1.,0.,0.));
#3259=DIRECTION('center_axis',(0.,0.,-1.));
#3260=DIRECTION('ref_axis',(1.,0.,0.));
#3261=DIRECTION('',(1.,0.,0.));
#3262=DIRECTION('center_axis',(0.,0.,1.));
#3263=DIRECTION('ref_axis',(1.,0.,0.));
#3264=DIRECTION('center_axis',(0.,0.,-1.));
#3265=DIRECTION('ref_axis',(1.,0.,0.));
#3266=DIRECTION('',(0.,0.,-1.));
#3267=DIRECTION('center_axis',(0.,0.,1.));
#3268=DIRECTION('ref_axis',(1.,0.,0.));
#3269=DIRECTION('center_axis',(0.,1.,0.));
#3270=DIRECTION('ref_axis',(-1.,0.,0.));
#3271=DIRECTION('',(1.,0.,0.));
#3272=DIRECTION('',(0.,0.,1.));
#3273=DIRECTION('',(-1.,0.,0.));
#3274=DIRECTION('',(0.,0.,1.));
#3275=DIRECTION('center_axis',(0.,0.,1.));
#3276=DIRECTION('ref_axis',(0.,1.,0.));
#3277=DIRECTION('center_axis',(0.,0.,-1.));
#3278=DIRECTION('ref_axis',(0.,1.,0.));
#3279=DIRECTION('center_axis',(0.,0.,1.));
#3280=DIRECTION('ref_axis',(0.,1.,0.));
#3281=DIRECTION('',(0.,0.,1.));
#3282=DIRECTION('center_axis',(1.,0.,0.));
#3283=DIRECTION('ref_axis',(0.,1.,0.));
#3284=DIRECTION('',(0.,-1.,0.));
#3285=DIRECTION('',(0.,1.,0.));
#3286=DIRECTION('',(0.,0.,1.));
#3287=DIRECTION('center_axis',(-1.,0.,0.));
#3288=DIRECTION('ref_axis',(0.,-1.,0.));
#3289=DIRECTION('',(0.,1.,0.));
#3290=DIRECTION('',(0.,0.,-1.));
#3291=DIRECTION('',(0.,-1.,0.));
#3292=DIRECTION('',(0.,0.,1.));
#3293=DIRECTION('center_axis',(0.,0.,1.));
#3294=DIRECTION('ref_axis',(-1.,0.,0.));
#3295=DIRECTION('center_axis',(0.,0.,-1.));
#3296=DIRECTION('ref_axis',(-1.,0.,0.));
#3297=DIRECTION('center_axis',(0.,0.,1.));
#3298=DIRECTION('ref_axis',(-1.,0.,0.));
#3299=DIRECTION('center_axis',(0.,0.,-1.));
#3300=DIRECTION('ref_axis',(1.,0.,0.));
#3301=DIRECTION('',(-1.,0.,0.));
#3302=DIRECTION('center_axis',(0.,0.,1.));
#3303=DIRECTION('ref_axis',(1.,0.,0.));
#3304=DIRECTION('center_axis',(0.,0.,-1.));
#3305=DIRECTION('ref_axis',(1.,0.,0.));
#3306=DIRECTION('',(0.,0.,-1.));
#3307=DIRECTION('center_axis',(0.,0.,1.));
#3308=DIRECTION('ref_axis',(1.,0.,0.));
#3309=DIRECTION('center_axis',(0.,0.,1.));
#3310=DIRECTION('ref_axis',(1.,0.,0.));
#3311=DIRECTION('center_axis',(0.,0.,-1.));
#3312=DIRECTION('ref_axis',(1.,0.,0.));
#3313=DIRECTION('',(0.,0.,1.));
#3314=DIRECTION('center_axis',(0.,0.,1.));
#3315=DIRECTION('ref_axis',(1.,0.,0.));
#3316=DIRECTION('',(0.,0.,1.));
#3317=DIRECTION('center_axis',(0.,-1.,0.));
#3318=DIRECTION('ref_axis',(1.,0.,0.));
#3319=DIRECTION('',(-1.,0.,0.));
#3320=DIRECTION('',(1.,0.,0.));
#3321=DIRECTION('',(0.,0.,1.));
#3322=DIRECTION('center_axis',(0.,0.,1.));
#3323=DIRECTION('ref_axis',(0.,-1.,0.));
#3324=DIRECTION('center_axis',(0.,0.,-1.));
#3325=DIRECTION('ref_axis',(0.,-1.,0.));
#3326=DIRECTION('center_axis',(0.,0.,1.));
#3327=DIRECTION('ref_axis',(0.,-1.,0.));
#3328=DIRECTION('',(0.,0.,1.));
#3329=DIRECTION('center_axis',(-1.,0.,0.));
#3330=DIRECTION('ref_axis',(0.,-1.,0.));
#3331=DIRECTION('',(0.,1.,0.));
#3332=DIRECTION('',(0.,-1.,0.));
#3333=DIRECTION('',(0.,0.,1.));
#3334=DIRECTION('center_axis',(1.,0.,0.));
#3335=DIRECTION('ref_axis',(0.,1.,0.));
#3336=DIRECTION('',(0.,-1.,0.));
#3337=DIRECTION('',(0.,0.,-1.));
#3338=DIRECTION('',(0.,1.,0.));
#3339=DIRECTION('center_axis',(0.,0.,-1.));
#3340=DIRECTION('ref_axis',(1.,0.,0.));
#3341=DIRECTION('',(1.,0.,0.));
#3342=DIRECTION('center_axis',(0.,0.,1.));
#3343=DIRECTION('ref_axis',(1.,0.,0.));
#3344=DIRECTION('center_axis',(0.,0.,-1.));
#3345=DIRECTION('ref_axis',(1.,0.,0.));
#3346=DIRECTION('',(0.,0.,-1.));
#3347=DIRECTION('center_axis',(0.,0.,1.));
#3348=DIRECTION('ref_axis',(1.,0.,0.));
#3349=DIRECTION('center_axis',(0.,0.,1.));
#3350=DIRECTION('ref_axis',(-1.,0.,0.));
#3351=DIRECTION('center_axis',(0.,0.,-1.));
#3352=DIRECTION('ref_axis',(-1.,0.,0.));
#3353=DIRECTION('',(0.,0.,1.));
#3354=DIRECTION('center_axis',(0.,0.,1.));
#3355=DIRECTION('ref_axis',(-1.,0.,0.));
#3356=DIRECTION('',(0.,0.,1.));
#3357=DIRECTION('center_axis',(0.,1.,0.));
#3358=DIRECTION('ref_axis',(-1.,0.,0.));
#3359=DIRECTION('',(-1.,0.,0.));
#3360=DIRECTION('',(-1.,0.,0.));
#3361=DIRECTION('',(0.,0.,1.));
#3362=DIRECTION('center_axis',(0.,0.,1.));
#3363=DIRECTION('ref_axis',(0.,1.,0.));
#3364=DIRECTION('center_axis',(0.,0.,-1.));
#3365=DIRECTION('ref_axis',(0.,1.,0.));
#3366=DIRECTION('center_axis',(0.,0.,1.));
#3367=DIRECTION('ref_axis',(0.,1.,0.));
#3368=DIRECTION('',(0.,0.,1.));
#3369=DIRECTION('center_axis',(1.,0.,0.));
#3370=DIRECTION('ref_axis',(0.,1.,0.));
#3371=DIRECTION('',(0.,1.,0.));
#3372=DIRECTION('',(0.,1.,0.));
#3373=DIRECTION('',(0.,0.,1.));
#3374=DIRECTION('center_axis',(-1.,0.,0.));
#3375=DIRECTION('ref_axis',(0.,-1.,0.));
#3376=DIRECTION('',(0.,-1.,0.));
#3377=DIRECTION('',(0.,0.,-1.));
#3378=DIRECTION('',(0.,-1.,0.));
#3379=DIRECTION('center_axis',(0.,0.,-1.));
#3380=DIRECTION('ref_axis',(1.,0.,0.));
#3381=DIRECTION('',(-1.,0.,0.));
#3382=DIRECTION('center_axis',(0.,0.,1.));
#3383=DIRECTION('ref_axis',(0.707106781186547,-0.707106781186547,0.));
#3384=DIRECTION('center_axis',(0.,0.,1.));
#3385=DIRECTION('ref_axis',(0.707106781186547,-0.707106781186547,0.));
#3386=DIRECTION('',(0.,0.,1.));
#3387=DIRECTION('center_axis',(0.,0.,1.));
#3388=DIRECTION('ref_axis',(0.707106781186547,-0.707106781186547,0.));
#3389=DIRECTION('',(0.,0.,-1.));
#3390=DIRECTION('center_axis',(-1.,0.,0.));
#3391=DIRECTION('ref_axis',(0.,-1.,0.));
#3392=DIRECTION('',(0.,-1.,0.));
#3393=DIRECTION('',(0.,0.,1.));
#3394=DIRECTION('',(0.,-1.,0.));
#3395=DIRECTION('',(0.,-1.,0.));
#3396=DIRECTION('',(0.,0.,-1.));
#3397=DIRECTION('',(0.,1.,0.));
#3398=DIRECTION('',(0.,0.,1.));
#3399=DIRECTION('',(0.,-1.,0.));
#3400=DIRECTION('',(0.,0.,-1.));
#3401=DIRECTION('',(0.,1.,0.));
#3402=DIRECTION('',(0.,0.,1.));
#3403=DIRECTION('',(0.,-1.,0.));
#3404=DIRECTION('',(0.,0.,-1.));
#3405=DIRECTION('',(0.,1.,0.));
#3406=DIRECTION('',(0.,0.,1.));
#3407=DIRECTION('',(0.,-1.,0.));
#3408=DIRECTION('',(0.,0.,-1.));
#3409=DIRECTION('',(0.,1.,0.));
#3410=DIRECTION('',(0.,0.,1.));
#3411=DIRECTION('center_axis',(0.,0.,-1.));
#3412=DIRECTION('ref_axis',(-0.707106781186547,-0.707106781186548,0.));
#3413=DIRECTION('center_axis',(0.,0.,1.));
#3414=DIRECTION('ref_axis',(-0.707106781186547,-0.707106781186548,0.));
#3415=DIRECTION('',(0.,0.,1.));
#3416=DIRECTION('center_axis',(0.,0.,1.));
#3417=DIRECTION('ref_axis',(-0.707106781186547,-0.707106781186548,0.));
#3418=DIRECTION('',(0.,0.,-1.));
#3419=DIRECTION('center_axis',(0.,1.,0.));
#3420=DIRECTION('ref_axis',(-1.,0.,0.));
#3421=DIRECTION('',(-1.,0.,0.));
#3422=DIRECTION('',(-1.,0.,0.));
#3423=DIRECTION('',(1.,0.,9.48870433197635E-17));
#3424=DIRECTION('center_axis',(0.,-1.,0.));
#3425=DIRECTION('ref_axis',(0.,0.,-1.));
#3426=DIRECTION('',(0.,0.,1.));
#3427=DIRECTION('center_axis',(0.,-1.,0.));
#3428=DIRECTION('ref_axis',(1.,0.,-1.26882631385732E-15));
#3429=DIRECTION('',(-1.,0.,0.));
#3430=DIRECTION('center_axis',(0.,-1.,0.));
#3431=DIRECTION('ref_axis',(-3.1720657846433E-16,0.,1.));
#3432=DIRECTION('',(-3.89353966510412E-16,0.,-1.));
#3433=DIRECTION('center_axis',(0.,-1.,0.));
#3434=DIRECTION('ref_axis',(-1.,0.,1.26882631385732E-15));
#3435=DIRECTION('center_axis',(0.,0.,1.));
#3436=DIRECTION('ref_axis',(0.707106781186547,-0.707106781186547,0.));
#3437=DIRECTION('center_axis',(0.,0.,-1.));
#3438=DIRECTION('ref_axis',(0.707106781186547,-0.707106781186547,0.));
#3439=DIRECTION('',(0.,0.,-1.));
#3440=DIRECTION('center_axis',(0.,0.,1.));
#3441=DIRECTION('ref_axis',(0.707106781186547,-0.707106781186547,0.));
#3442=DIRECTION('',(0.,0.,1.));
#3443=DIRECTION('center_axis',(0.,-1.,0.));
#3444=DIRECTION('ref_axis',(1.,0.,0.));
#3445=DIRECTION('',(1.,0.,0.));
#3446=DIRECTION('',(1.,0.,0.));
#3447=DIRECTION('',(0.,0.,1.));
#3448=DIRECTION('',(1.,0.,0.));
#3449=DIRECTION('',(1.,0.,0.));
#3450=DIRECTION('',(-1.,0.,-9.48870433197635E-17));
#3451=DIRECTION('center_axis',(0.,1.,0.));
#3452=DIRECTION('ref_axis',(-1.,0.,1.26882631385732E-15));
#3453=DIRECTION('',(3.89353966510412E-16,0.,1.));
#3454=DIRECTION('center_axis',(0.,1.,0.));
#3455=DIRECTION('ref_axis',(-3.1720657846433E-16,0.,1.));
#3456=DIRECTION('',(1.,0.,0.));
#3457=DIRECTION('center_axis',(0.,1.,0.));
#3458=DIRECTION('ref_axis',(1.,0.,-1.26882631385732E-15));
#3459=DIRECTION('',(0.,0.,-1.));
#3460=DIRECTION('center_axis',(0.,1.,0.));
#3461=DIRECTION('ref_axis',(0.,0.,-1.));
#3462=DIRECTION('center_axis',(0.,0.,1.));
#3463=DIRECTION('ref_axis',(1.,0.,0.));
#3464=DIRECTION('',(0.,1.,0.));
#3465=DIRECTION('center_axis',(0.,0.,-1.));
#3466=DIRECTION('ref_axis',(0.707106781186547,0.707106781186547,0.));
#3467=DIRECTION('',(-1.,0.,0.));
#3468=DIRECTION('center_axis',(0.,0.,-1.));
#3469=DIRECTION('ref_axis',(-0.707106781186547,0.707106781186547,0.));
#3470=DIRECTION('',(0.,-1.,0.));
#3471=DIRECTION('center_axis',(0.,0.,-1.));
#3472=DIRECTION('ref_axis',(-0.707106781186547,-0.707106781186547,0.));
#3473=DIRECTION('',(0.,1.,0.));
#3474=DIRECTION('center_axis',(0.,0.,1.));
#3475=DIRECTION('ref_axis',(-0.707106781186547,0.707106781186547,0.));
#3476=DIRECTION('',(1.,0.,0.));
#3477=DIRECTION('center_axis',(0.,0.,1.));
#3478=DIRECTION('ref_axis',(0.707106781186547,0.707106781186547,0.));
#3479=DIRECTION('center_axis',(0.,0.,-1.));
#3480=DIRECTION('ref_axis',(-0.707106781186547,-0.707106781186547,0.));
#3481=DIRECTION('center_axis',(0.,0.,1.));
#3482=DIRECTION('ref_axis',(-0.707106781186547,-0.707106781186547,0.));
#3483=DIRECTION('',(0.,0.,-1.));
#3484=DIRECTION('center_axis',(1.,0.,0.));
#3485=DIRECTION('ref_axis',(0.,1.,0.));
#3486=DIRECTION('',(0.,1.,0.));
#3487=DIRECTION('',(0.,0.,-1.));
#3488=DIRECTION('',(0.,-6.23283101543947E-15,-1.));
#3489=DIRECTION('center_axis',(-1.,0.,0.));
#3490=DIRECTION('ref_axis',(0.,1.,7.105427357601E-15));
#3491=DIRECTION('',(0.,-1.,0.));
#3492=DIRECTION('',(0.,0.,1.));
#3493=DIRECTION('',(0.,1.,0.));
#3494=DIRECTION('center_axis',(-1.,0.,0.));
#3495=DIRECTION('ref_axis',(0.,0.,1.));
#3496=DIRECTION('',(0.,-1.,0.));
#3497=DIRECTION('',(0.,0.,1.));
#3498=DIRECTION('',(0.,0.634920634920635,0.772577366580188));
#3499=DIRECTION('',(0.,1.,0.));
#3500=DIRECTION('',(0.,0.634920634920635,-0.772577366580188));
#3501=DIRECTION('',(0.,0.,-1.));
#3502=DIRECTION('',(0.,-1.,0.));
#3503=DIRECTION('',(0.,0.,1.));
#3504=DIRECTION('',(0.,0.634920634920635,0.772577366580188));
#3505=DIRECTION('',(0.,1.,0.));
#3506=DIRECTION('',(0.,0.634920634920635,-0.772577366580188));
#3507=DIRECTION('',(0.,0.,-1.));
#3508=DIRECTION('',(0.,-1.,0.));
#3509=DIRECTION('',(0.,0.,1.));
#3510=DIRECTION('',(0.,0.634920634920635,0.772577366580188));
#3511=DIRECTION('',(0.,1.,0.));
#3512=DIRECTION('',(0.,0.634920634920635,-0.772577366580188));
#3513=DIRECTION('',(0.,0.,-1.));
#3514=DIRECTION('',(0.,-1.,0.));
#3515=DIRECTION('',(0.,0.,1.));
#3516=DIRECTION('',(0.,0.634920634920635,0.772577366580188));
#3517=DIRECTION('',(0.,1.,0.));
#3518=DIRECTION('',(0.,0.634920634920635,-0.772577366580188));
#3519=DIRECTION('',(0.,0.,-1.));
#3520=DIRECTION('',(0.,-1.,0.));
#3521=DIRECTION('',(0.,0.,1.));
#3522=DIRECTION('',(0.,0.634920634920635,0.772577366580188));
#3523=DIRECTION('',(0.,1.,0.));
#3524=DIRECTION('',(0.,0.634920634920635,-0.772577366580188));
#3525=DIRECTION('',(0.,0.,-1.));
#3526=DIRECTION('',(0.,-1.,0.));
#3527=DIRECTION('',(0.,0.,1.));
#3528=DIRECTION('',(0.,0.634920634920635,0.772577366580188));
#3529=DIRECTION('',(0.,1.,0.));
#3530=DIRECTION('',(0.,0.634920634920635,-0.772577366580188));
#3531=DIRECTION('',(0.,0.,-1.));
#3532=DIRECTION('',(0.,-1.,0.));
#3533=DIRECTION('',(0.,0.,1.));
#3534=DIRECTION('',(0.,0.634920634920635,0.772577366580188));
#3535=DIRECTION('',(0.,1.,0.));
#3536=DIRECTION('',(0.,0.634920634920635,-0.772577366580188));
#3537=DIRECTION('',(0.,0.,-1.));
#3538=DIRECTION('',(0.,-1.,0.));
#3539=DIRECTION('',(0.,0.,1.));
#3540=DIRECTION('',(0.,0.634920634920635,0.772577366580188));
#3541=DIRECTION('',(0.,1.,0.));
#3542=DIRECTION('',(0.,0.634920634920635,-0.772577366580188));
#3543=DIRECTION('',(0.,0.,-1.));
#3544=DIRECTION('',(0.,1.,0.));
#3545=DIRECTION('',(0.,0.,-1.));
#3546=DIRECTION('',(0.,-1.,0.));
#3547=DIRECTION('',(0.,0.,1.));
#3548=DIRECTION('',(0.,0.,1.));
#3549=DIRECTION('',(0.,1.,0.));
#3550=DIRECTION('',(0.,0.,-1.));
#3551=DIRECTION('',(0.,-1.,0.));
#3552=DIRECTION('center_axis',(0.,0.,1.));
#3553=DIRECTION('ref_axis',(1.,0.,0.));
#3554=DIRECTION('center_axis',(0.,0.,1.));
#3555=DIRECTION('ref_axis',(0.707106781186547,0.707106781186547,0.));
#3556=DIRECTION('',(1.,0.,0.));
#3557=DIRECTION('center_axis',(0.,0.,1.));
#3558=DIRECTION('ref_axis',(-0.707106781186547,0.707106781186547,0.));
#3559=DIRECTION('center_axis',(0.,0.,-1.));
#3560=DIRECTION('ref_axis',(-1.,0.,0.));
#3561=DIRECTION('center_axis',(0.,0.,-1.));
#3562=DIRECTION('ref_axis',(-1.,0.,0.));
#3563=DIRECTION('center_axis',(0.,0.,-1.));
#3564=DIRECTION('ref_axis',(-1.,0.,0.));
#3565=DIRECTION('center_axis',(0.,0.,-1.));
#3566=DIRECTION('ref_axis',(-1.,0.,0.));
#3567=DIRECTION('center_axis',(0.,0.,-1.));
#3568=DIRECTION('ref_axis',(-1.,0.,0.));
#3569=DIRECTION('center_axis',(0.,0.,-1.));
#3570=DIRECTION('ref_axis',(-1.,0.,0.));
#3571=DIRECTION('center_axis',(0.,0.,-1.));
#3572=DIRECTION('ref_axis',(-1.,0.,0.));
#3573=DIRECTION('center_axis',(0.,0.,-1.));
#3574=DIRECTION('ref_axis',(-1.,0.,0.));
#3575=DIRECTION('center_axis',(-1.,0.,0.));
#3576=DIRECTION('ref_axis',(0.,-1.,0.));
#3577=DIRECTION('',(0.,0.,1.));
#3578=DIRECTION('',(0.,-1.,0.));
#3579=DIRECTION('',(0.,6.23283101543947E-15,1.));
#3580=DIRECTION('center_axis',(1.,0.,0.));
#3581=DIRECTION('ref_axis',(0.,0.,1.));
#3582=DIRECTION('',(0.,-1.,0.));
#3583=DIRECTION('',(0.,0.,-1.));
#3584=DIRECTION('',(0.,1.,0.));
#3585=DIRECTION('center_axis',(1.,0.,0.));
#3586=DIRECTION('ref_axis',(0.,1.,7.105427357601E-15));
#3587=DIRECTION('',(0.,1.,0.));
#3588=DIRECTION('',(0.,0.,1.));
#3589=DIRECTION('',(0.,-0.634920634920635,0.772577366580188));
#3590=DIRECTION('',(0.,-1.,0.));
#3591=DIRECTION('',(0.,-0.634920634920635,-0.772577366580188));
#3592=DIRECTION('',(0.,0.,-1.));
#3593=DIRECTION('',(0.,1.,0.));
#3594=DIRECTION('',(0.,0.,1.));
#3595=DIRECTION('',(0.,-0.634920634920635,0.772577366580188));
#3596=DIRECTION('',(0.,-1.,0.));
#3597=DIRECTION('',(0.,-0.634920634920635,-0.772577366580188));
#3598=DIRECTION('',(0.,0.,-1.));
#3599=DIRECTION('',(0.,1.,0.));
#3600=DIRECTION('',(0.,0.,1.));
#3601=DIRECTION('',(0.,-0.634920634920635,0.772577366580188));
#3602=DIRECTION('',(0.,-1.,0.));
#3603=DIRECTION('',(0.,-0.634920634920635,-0.772577366580188));
#3604=DIRECTION('',(0.,0.,-1.));
#3605=DIRECTION('',(0.,1.,0.));
#3606=DIRECTION('',(0.,0.,1.));
#3607=DIRECTION('',(0.,-0.634920634920635,0.772577366580188));
#3608=DIRECTION('',(0.,-1.,0.));
#3609=DIRECTION('',(0.,-0.634920634920635,-0.772577366580188));
#3610=DIRECTION('',(0.,0.,-1.));
#3611=DIRECTION('',(0.,1.,0.));
#3612=DIRECTION('',(0.,0.,1.));
#3613=DIRECTION('',(0.,-0.634920634920635,0.772577366580188));
#3614=DIRECTION('',(0.,-1.,0.));
#3615=DIRECTION('',(0.,-0.634920634920635,-0.772577366580188));
#3616=DIRECTION('',(0.,0.,-1.));
#3617=DIRECTION('',(0.,1.,0.));
#3618=DIRECTION('',(0.,0.,1.));
#3619=DIRECTION('',(0.,-0.634920634920635,0.772577366580188));
#3620=DIRECTION('',(0.,-1.,0.));
#3621=DIRECTION('',(0.,-0.634920634920635,-0.772577366580188));
#3622=DIRECTION('',(0.,0.,-1.));
#3623=DIRECTION('',(0.,1.,0.));
#3624=DIRECTION('',(0.,0.,1.));
#3625=DIRECTION('',(0.,-0.634920634920635,0.772577366580188));
#3626=DIRECTION('',(0.,-1.,0.));
#3627=DIRECTION('',(0.,-0.634920634920635,-0.772577366580188));
#3628=DIRECTION('',(0.,0.,-1.));
#3629=DIRECTION('',(0.,1.,0.));
#3630=DIRECTION('',(0.,0.,1.));
#3631=DIRECTION('',(0.,-0.634920634920635,0.772577366580188));
#3632=DIRECTION('',(0.,-1.,0.));
#3633=DIRECTION('',(0.,-0.634920634920635,-0.772577366580188));
#3634=DIRECTION('',(0.,0.,-1.));
#3635=DIRECTION('',(0.,-1.,0.));
#3636=DIRECTION('',(0.,0.,-1.));
#3637=DIRECTION('',(0.,1.,0.));
#3638=DIRECTION('',(0.,0.,1.));
#3639=DIRECTION('',(0.,0.,-1.));
#3640=DIRECTION('',(0.,1.,0.));
#3641=DIRECTION('',(0.,0.,1.));
#3642=DIRECTION('',(0.,-1.,0.));
#3643=DIRECTION('center_axis',(1.,0.,0.));
#3644=DIRECTION('ref_axis',(0.,1.,0.));
#3645=DIRECTION('',(0.,1.,0.));
#3646=DIRECTION('',(0.,0.,-1.));
#3647=DIRECTION('',(0.,1.,0.));
#3648=DIRECTION('',(0.,0.,-1.));
#3649=DIRECTION('',(0.,-1.,0.));
#3650=DIRECTION('',(0.,0.,1.));
#3651=DIRECTION('',(0.,1.,0.));
#3652=DIRECTION('',(0.,0.,-1.));
#3653=DIRECTION('',(0.,-1.,0.));
#3654=DIRECTION('',(0.,0.,1.));
#3655=DIRECTION('',(0.,1.,0.));
#3656=DIRECTION('',(0.,0.,-1.));
#3657=DIRECTION('',(0.,-1.,0.));
#3658=DIRECTION('',(0.,0.,1.));
#3659=DIRECTION('',(0.,1.,0.));
#3660=DIRECTION('',(0.,0.,-1.));
#3661=DIRECTION('',(0.,-1.,0.));
#3662=DIRECTION('',(0.,0.,1.));
#3663=DIRECTION('center_axis',(0.,0.,1.));
#3664=DIRECTION('ref_axis',(0.707106781186547,0.707106781186547,0.));
#3665=DIRECTION('center_axis',(0.,0.,1.));
#3666=DIRECTION('ref_axis',(0.707106781186547,0.707106781186547,0.));
#3667=DIRECTION('',(0.,0.,1.));
#3668=DIRECTION('center_axis',(0.,1.,0.));
#3669=DIRECTION('ref_axis',(-1.,0.,0.));
#3670=DIRECTION('',(-1.,0.,0.));
#3671=DIRECTION('',(-1.,0.,0.));
#3672=DIRECTION('',(0.,0.,-1.));
#3673=DIRECTION('',(-1.,0.,0.));
#3674=DIRECTION('center_axis',(0.,-1.,0.));
#3675=DIRECTION('ref_axis',(1.,0.,0.));
#3676=DIRECTION('center_axis',(0.,0.,1.));
#3677=DIRECTION('ref_axis',(1.,0.,0.));
#3678=DIRECTION('center_axis',(0.,0.,1.));
#3679=DIRECTION('ref_axis',(-0.707106781186547,0.707106781186547,0.));
#3680=DIRECTION('center_axis',(0.,0.,1.));
#3681=DIRECTION('ref_axis',(-1.,0.,0.));
#3682=DIRECTION('center_axis',(0.,0.,1.));
#3683=DIRECTION('ref_axis',(-1.,0.,0.));
#3684=DIRECTION('center_axis',(0.,0.,1.));
#3685=DIRECTION('ref_axis',(-1.,0.,0.));
#3686=DIRECTION('center_axis',(0.,0.,1.));
#3687=DIRECTION('ref_axis',(-1.,0.,0.));
#3688=DIRECTION('center_axis',(0.,0.,1.));
#3689=DIRECTION('ref_axis',(-1.,0.,0.));
#3690=DIRECTION('center_axis',(0.,0.,1.));
#3691=DIRECTION('ref_axis',(-1.,0.,0.));
#3692=DIRECTION('center_axis',(0.,0.,1.));
#3693=DIRECTION('ref_axis',(-1.,0.,0.));
#3694=DIRECTION('center_axis',(0.,0.,1.));
#3695=DIRECTION('ref_axis',(-1.,0.,0.));
#3696=DIRECTION('center_axis',(0.,0.,1.));
#3697=DIRECTION('ref_axis',(0.707106781186547,0.707106781186547,0.));
#3698=DIRECTION('',(0.,0.,-1.));
#3699=DIRECTION('center_axis',(0.,-1.,0.));
#3700=DIRECTION('ref_axis',(1.,0.,0.));
#3701=DIRECTION('',(0.,0.,1.));
#3702=DIRECTION('center_axis',(0.,1.,0.));
#3703=DIRECTION('ref_axis',(1.,0.,0.));
#3704=DIRECTION('center_axis',(0.,1.,0.));
#3705=DIRECTION('ref_axis',(1.,0.,0.));
#3706=DIRECTION('',(0.,1.,0.));
#3707=DIRECTION('center_axis',(0.,0.,-1.));
#3708=DIRECTION('ref_axis',(-1.,0.,0.));
#3709=DIRECTION('',(0.,0.,-1.));
#3710=DIRECTION('center_axis',(0.,0.,-1.));
#3711=DIRECTION('ref_axis',(-1.,0.,0.));
#3712=DIRECTION('',(0.,0.,-1.));
#3713=DIRECTION('center_axis',(0.,0.,-1.));
#3714=DIRECTION('ref_axis',(-1.,0.,0.));
#3715=DIRECTION('',(0.,0.,-1.));
#3716=DIRECTION('center_axis',(0.,0.,-1.));
#3717=DIRECTION('ref_axis',(-1.,0.,0.));
#3718=DIRECTION('',(0.,0.,-1.));
#3719=DIRECTION('center_axis',(0.,0.,-1.));
#3720=DIRECTION('ref_axis',(-1.,0.,0.));
#3721=DIRECTION('',(0.,0.,-1.));
#3722=DIRECTION('center_axis',(0.,0.,-1.));
#3723=DIRECTION('ref_axis',(-1.,0.,0.));
#3724=DIRECTION('',(0.,0.,-1.));
#3725=DIRECTION('center_axis',(0.,0.,-1.));
#3726=DIRECTION('ref_axis',(-1.,0.,0.));
#3727=DIRECTION('',(0.,0.,-1.));
#3728=DIRECTION('center_axis',(0.,0.,-1.));
#3729=DIRECTION('ref_axis',(-1.,0.,0.));
#3730=DIRECTION('',(0.,0.,-1.));
#3731=DIRECTION('center_axis',(0.,0.,1.));
#3732=DIRECTION('ref_axis',(1.,0.,0.));
#3733=DIRECTION('',(0.,1.,0.));
#3734=DIRECTION('',(0.,1.,0.));
#3735=DIRECTION('center_axis',(0.,1.,0.));
#3736=DIRECTION('ref_axis',(-3.1720657846433E-16,0.,1.));
#3737=DIRECTION('',(0.,1.,0.));
#3738=DIRECTION('center_axis',(-1.,0.,3.89353966510411E-16));
#3739=DIRECTION('ref_axis',(3.89353966510412E-16,0.,1.));
#3740=DIRECTION('',(0.,1.,0.));
#3741=DIRECTION('center_axis',(0.,1.,0.));
#3742=DIRECTION('ref_axis',(-1.,0.,1.26882631385732E-15));
#3743=DIRECTION('',(0.,1.,0.));
#3744=DIRECTION('center_axis',(9.48870433197635E-17,0.,-1.));
#3745=DIRECTION('ref_axis',(-1.,0.,-9.48870433197635E-17));
#3746=DIRECTION('',(0.,1.,0.));
#3747=DIRECTION('center_axis',(0.,1.,0.));
#3748=DIRECTION('ref_axis',(0.,0.,-1.));
#3749=DIRECTION('',(0.,1.,0.));
#3750=DIRECTION('center_axis',(1.,0.,0.));
#3751=DIRECTION('ref_axis',(0.,0.,-1.));
#3752=DIRECTION('',(0.,1.,0.));
#3753=DIRECTION('center_axis',(0.,1.,0.));
#3754=DIRECTION('ref_axis',(1.,0.,-1.26882631385732E-15));
#3755=DIRECTION('center_axis',(0.,0.,1.));
#3756=DIRECTION('ref_axis',(-0.707106781186547,0.707106781186547,0.));
#3757=DIRECTION('center_axis',(0.,0.,1.));
#3758=DIRECTION('ref_axis',(-0.707106781186547,0.707106781186547,0.));
#3759=DIRECTION('center_axis',(0.,-1.,0.));
#3760=DIRECTION('ref_axis',(0.,0.,-1.));
#3761=DIRECTION('',(1.,0.,0.));
#3762=DIRECTION('',(1.,0.,0.));
#3763=DIRECTION('center_axis',(0.,0.,1.));
#3764=DIRECTION('ref_axis',(0.,-1.,0.));
#3765=DIRECTION('',(1.,0.,0.));
#3766=DIRECTION('center_axis',(1.,0.,0.));
#3767=DIRECTION('ref_axis',(0.,0.,1.));
#3768=DIRECTION('',(1.,0.,0.));
#3769=DIRECTION('center_axis',(0.,1.,-6.23283101543947E-15));
#3770=DIRECTION('ref_axis',(0.,6.23283101543947E-15,1.));
#3771=DIRECTION('',(1.,0.,0.));
#3772=DIRECTION('center_axis',(1.,0.,0.));
#3773=DIRECTION('ref_axis',(0.,1.,7.105427357601E-15));
#3774=DIRECTION('',(1.,0.,0.));
#3775=DIRECTION('center_axis',(0.,0.,-1.));
#3776=DIRECTION('ref_axis',(0.,1.,0.));
#3777=DIRECTION('center_axis',(0.,1.,0.));
#3778=DIRECTION('ref_axis',(0.,0.,1.));
#3779=DIRECTION('',(1.,0.,0.));
#3780=DIRECTION('',(1.,0.,0.));
#3781=DIRECTION('center_axis',(0.,0.,-1.));
#3782=DIRECTION('ref_axis',(0.,1.,0.));
#3783=DIRECTION('',(1.,0.,0.));
#3784=DIRECTION('center_axis',(0.,-1.,0.));
#3785=DIRECTION('ref_axis',(0.,0.,-1.));
#3786=DIRECTION('',(1.,0.,0.));
#3787=DIRECTION('center_axis',(0.,0.,1.));
#3788=DIRECTION('ref_axis',(0.,-1.,0.));
#3789=DIRECTION('center_axis',(0.,0.,-1.));
#3790=DIRECTION('ref_axis',(0.,1.,0.));
#3791=DIRECTION('',(1.,0.,0.));
#3792=DIRECTION('',(1.,0.,0.));
#3793=DIRECTION('center_axis',(0.,-1.,0.));
#3794=DIRECTION('ref_axis',(0.,0.,-1.));
#3795=DIRECTION('',(1.,0.,0.));
#3796=DIRECTION('center_axis',(0.,0.,1.));
#3797=DIRECTION('ref_axis',(0.,-1.,0.));
#3798=DIRECTION('',(1.,0.,0.));
#3799=DIRECTION('center_axis',(0.,1.,0.));
#3800=DIRECTION('ref_axis',(0.,0.,1.));
#3801=DIRECTION('center_axis',(0.,0.,1.));
#3802=DIRECTION('ref_axis',(-2.22044604925031E-16,1.,0.));
#3803=DIRECTION('',(-1.,-2.22044604925031E-16,0.));
#3804=DIRECTION('',(-1.,-2.22044604925031E-16,0.));
#3805=DIRECTION('center_axis',(-1.71546636136319E-16,0.772577366580188,
0.634920634920635));
#3806=DIRECTION('ref_axis',(-1.40980701539702E-16,0.634920634920635,-0.772577366580188));
#3807=DIRECTION('',(-1.,-2.22044604925031E-16,0.));
#3808=DIRECTION('center_axis',(-2.22044604925031E-16,1.,0.));
#3809=DIRECTION('ref_axis',(0.,0.,-1.));
#3810=DIRECTION('',(-1.,-2.22044604925031E-16,0.));
#3811=DIRECTION('center_axis',(0.,0.,-1.));
#3812=DIRECTION('ref_axis',(2.22044604925031E-16,-1.,0.));
#3813=DIRECTION('',(-1.,-2.22044604925031E-16,0.));
#3814=DIRECTION('center_axis',(1.71546636136319E-16,-0.772577366580188,
0.634920634920635));
#3815=DIRECTION('ref_axis',(-1.40980701539702E-16,0.634920634920635,0.772577366580188));
#3816=DIRECTION('',(-1.,-2.22044604925031E-16,0.));
#3817=DIRECTION('center_axis',(2.22044604925031E-16,-1.,0.));
#3818=DIRECTION('ref_axis',(0.,0.,1.));
#3819=DIRECTION('center_axis',(0.,0.,1.));
#3820=DIRECTION('ref_axis',(-2.22044604925031E-16,1.,0.));
#3821=DIRECTION('',(-1.,-2.22044604925031E-16,0.));
#3822=DIRECTION('',(-1.,-2.22044604925031E-16,0.));
#3823=DIRECTION('center_axis',(-1.71546636136319E-16,0.772577366580188,
0.634920634920635));
#3824=DIRECTION('ref_axis',(-1.40980701539702E-16,0.634920634920635,-0.772577366580188));
#3825=DIRECTION('',(-1.,-2.22044604925031E-16,0.));
#3826=DIRECTION('center_axis',(-2.22044604925031E-16,1.,0.));
#3827=DIRECTION('ref_axis',(0.,0.,-1.));
#3828=DIRECTION('',(-1.,-2.22044604925031E-16,0.));
#3829=DIRECTION('center_axis',(0.,0.,-1.));
#3830=DIRECTION('ref_axis',(2.22044604925031E-16,-1.,0.));
#3831=DIRECTION('',(-1.,-2.22044604925031E-16,0.));
#3832=DIRECTION('center_axis',(1.71546636136319E-16,-0.772577366580188,
0.634920634920635));
#3833=DIRECTION('ref_axis',(-1.40980701539702E-16,0.634920634920635,0.772577366580188));
#3834=DIRECTION('',(-1.,-2.22044604925031E-16,0.));
#3835=DIRECTION('center_axis',(2.22044604925031E-16,-1.,0.));
#3836=DIRECTION('ref_axis',(0.,0.,1.));
#3837=DIRECTION('center_axis',(0.,0.,1.));
#3838=DIRECTION('ref_axis',(-2.22044604925031E-16,1.,0.));
#3839=DIRECTION('',(-1.,-2.22044604925031E-16,0.));
#3840=DIRECTION('',(-1.,-2.22044604925031E-16,0.));
#3841=DIRECTION('center_axis',(-1.71546636136319E-16,0.772577366580188,
0.634920634920635));
#3842=DIRECTION('ref_axis',(-1.40980701539702E-16,0.634920634920635,-0.772577366580188));
#3843=DIRECTION('',(-1.,-2.22044604925031E-16,0.));
#3844=DIRECTION('center_axis',(-2.22044604925031E-16,1.,0.));
#3845=DIRECTION('ref_axis',(0.,0.,-1.));
#3846=DIRECTION('',(-1.,-2.22044604925031E-16,0.));
#3847=DIRECTION('center_axis',(0.,0.,-1.));
#3848=DIRECTION('ref_axis',(2.22044604925031E-16,-1.,0.));
#3849=DIRECTION('',(-1.,-2.22044604925031E-16,0.));
#3850=DIRECTION('center_axis',(1.71546636136319E-16,-0.772577366580188,
0.634920634920635));
#3851=DIRECTION('ref_axis',(-1.40980701539702E-16,0.634920634920635,0.772577366580188));
#3852=DIRECTION('',(-1.,-2.22044604925031E-16,0.));
#3853=DIRECTION('center_axis',(2.22044604925031E-16,-1.,0.));
#3854=DIRECTION('ref_axis',(0.,0.,1.));
#3855=DIRECTION('center_axis',(0.,0.,1.));
#3856=DIRECTION('ref_axis',(-2.22044604925031E-16,1.,0.));
#3857=DIRECTION('',(-1.,-2.22044604925031E-16,0.));
#3858=DIRECTION('',(-1.,-2.22044604925031E-16,0.));
#3859=DIRECTION('center_axis',(-1.71546636136319E-16,0.772577366580188,
0.634920634920635));
#3860=DIRECTION('ref_axis',(-1.40980701539702E-16,0.634920634920635,-0.772577366580188));
#3861=DIRECTION('',(-1.,-2.22044604925031E-16,0.));
#3862=DIRECTION('center_axis',(-2.22044604925031E-16,1.,0.));
#3863=DIRECTION('ref_axis',(0.,0.,-1.));
#3864=DIRECTION('',(-1.,-2.22044604925031E-16,0.));
#3865=DIRECTION('center_axis',(0.,0.,-1.));
#3866=DIRECTION('ref_axis',(2.22044604925031E-16,-1.,0.));
#3867=DIRECTION('',(-1.,-2.22044604925031E-16,0.));
#3868=DIRECTION('center_axis',(1.71546636136319E-16,-0.772577366580188,
0.634920634920635));
#3869=DIRECTION('ref_axis',(-1.40980701539702E-16,0.634920634920635,0.772577366580188));
#3870=DIRECTION('',(-1.,-2.22044604925031E-16,0.));
#3871=DIRECTION('center_axis',(2.22044604925031E-16,-1.,0.));
#3872=DIRECTION('ref_axis',(0.,0.,1.));
#3873=DIRECTION('center_axis',(0.,0.,1.));
#3874=DIRECTION('ref_axis',(-2.22044604925031E-16,1.,0.));
#3875=DIRECTION('',(-1.,-2.22044604925031E-16,0.));
#3876=DIRECTION('',(-1.,-2.22044604925031E-16,0.));
#3877=DIRECTION('center_axis',(-1.71546636136319E-16,0.772577366580188,
0.634920634920635));
#3878=DIRECTION('ref_axis',(-1.40980701539702E-16,0.634920634920635,-0.772577366580188));
#3879=DIRECTION('',(-1.,-2.22044604925031E-16,0.));
#3880=DIRECTION('center_axis',(-2.22044604925031E-16,1.,0.));
#3881=DIRECTION('ref_axis',(0.,0.,-1.));
#3882=DIRECTION('',(-1.,-2.22044604925031E-16,0.));
#3883=DIRECTION('center_axis',(0.,0.,-1.));
#3884=DIRECTION('ref_axis',(2.22044604925031E-16,-1.,0.));
#3885=DIRECTION('',(-1.,-2.22044604925031E-16,0.));
#3886=DIRECTION('center_axis',(1.71546636136319E-16,-0.772577366580188,
0.634920634920635));
#3887=DIRECTION('ref_axis',(-1.40980701539702E-16,0.634920634920635,0.772577366580188));
#3888=DIRECTION('',(-1.,-2.22044604925031E-16,0.));
#3889=DIRECTION('center_axis',(2.22044604925031E-16,-1.,0.));
#3890=DIRECTION('ref_axis',(0.,0.,1.));
#3891=DIRECTION('center_axis',(0.,0.,1.));
#3892=DIRECTION('ref_axis',(-2.22044604925031E-16,1.,0.));
#3893=DIRECTION('',(-1.,-2.22044604925031E-16,0.));
#3894=DIRECTION('',(-1.,-2.22044604925031E-16,0.));
#3895=DIRECTION('center_axis',(-1.71546636136319E-16,0.772577366580188,
0.634920634920635));
#3896=DIRECTION('ref_axis',(-1.40980701539702E-16,0.634920634920635,-0.772577366580188));
#3897=DIRECTION('',(-1.,-2.22044604925031E-16,0.));
#3898=DIRECTION('center_axis',(-2.22044604925031E-16,1.,0.));
#3899=DIRECTION('ref_axis',(0.,0.,-1.));
#3900=DIRECTION('',(-1.,-2.22044604925031E-16,0.));
#3901=DIRECTION('center_axis',(0.,0.,-1.));
#3902=DIRECTION('ref_axis',(2.22044604925031E-16,-1.,0.));
#3903=DIRECTION('',(-1.,-2.22044604925031E-16,0.));
#3904=DIRECTION('center_axis',(1.71546636136319E-16,-0.772577366580188,
0.634920634920635));
#3905=DIRECTION('ref_axis',(-1.40980701539702E-16,0.634920634920635,0.772577366580188));
#3906=DIRECTION('',(-1.,-2.22044604925031E-16,0.));
#3907=DIRECTION('center_axis',(2.22044604925031E-16,-1.,0.));
#3908=DIRECTION('ref_axis',(0.,0.,1.));
#3909=DIRECTION('center_axis',(0.,0.,1.));
#3910=DIRECTION('ref_axis',(-2.22044604925031E-16,1.,0.));
#3911=DIRECTION('',(-1.,-2.22044604925031E-16,0.));
#3912=DIRECTION('',(-1.,-2.22044604925031E-16,0.));
#3913=DIRECTION('center_axis',(-1.71546636136319E-16,0.772577366580188,
0.634920634920635));
#3914=DIRECTION('ref_axis',(-1.40980701539702E-16,0.634920634920635,-0.772577366580188));
#3915=DIRECTION('',(-1.,-2.22044604925031E-16,0.));
#3916=DIRECTION('center_axis',(-2.22044604925031E-16,1.,0.));
#3917=DIRECTION('ref_axis',(0.,0.,-1.));
#3918=DIRECTION('',(-1.,-2.22044604925031E-16,0.));
#3919=DIRECTION('center_axis',(0.,0.,-1.));
#3920=DIRECTION('ref_axis',(2.22044604925031E-16,-1.,0.));
#3921=DIRECTION('',(-1.,-2.22044604925031E-16,0.));
#3922=DIRECTION('center_axis',(1.71546636136319E-16,-0.772577366580188,
0.634920634920635));
#3923=DIRECTION('ref_axis',(-1.40980701539702E-16,0.634920634920635,0.772577366580188));
#3924=DIRECTION('',(-1.,-2.22044604925031E-16,0.));
#3925=DIRECTION('center_axis',(2.22044604925031E-16,-1.,0.));
#3926=DIRECTION('ref_axis',(0.,0.,1.));
#3927=DIRECTION('center_axis',(0.,0.,1.));
#3928=DIRECTION('ref_axis',(-2.22044604925031E-16,1.,0.));
#3929=DIRECTION('',(-1.,-2.22044604925031E-16,0.));
#3930=DIRECTION('',(-1.,-2.22044604925031E-16,0.));
#3931=DIRECTION('center_axis',(-1.71546636136319E-16,0.772577366580188,
0.634920634920635));
#3932=DIRECTION('ref_axis',(-1.40980701539702E-16,0.634920634920635,-0.772577366580188));
#3933=DIRECTION('',(-1.,-2.22044604925031E-16,0.));
#3934=DIRECTION('center_axis',(-2.22044604925031E-16,1.,0.));
#3935=DIRECTION('ref_axis',(0.,0.,-1.));
#3936=DIRECTION('',(-1.,-2.22044604925031E-16,0.));
#3937=DIRECTION('center_axis',(0.,0.,-1.));
#3938=DIRECTION('ref_axis',(2.22044604925031E-16,-1.,0.));
#3939=DIRECTION('',(-1.,-2.22044604925031E-16,0.));
#3940=DIRECTION('center_axis',(1.71546636136319E-16,-0.772577366580188,
0.634920634920635));
#3941=DIRECTION('ref_axis',(-1.40980701539702E-16,0.634920634920635,0.772577366580188));
#3942=DIRECTION('',(-1.,-2.22044604925031E-16,0.));
#3943=DIRECTION('center_axis',(2.22044604925031E-16,-1.,0.));
#3944=DIRECTION('ref_axis',(0.,0.,1.));
#3945=DIRECTION('center_axis',(0.,0.,-1.));
#3946=DIRECTION('ref_axis',(-1.,0.,0.));
#3947=DIRECTION('',(1.,0.,0.));
#3948=DIRECTION('',(-1.,0.,0.));
#3949=DIRECTION('center_axis',(0.,1.,0.));
#3950=DIRECTION('ref_axis',(0.,0.,1.));
#3951=DIRECTION('',(1.,0.,0.));
#3952=DIRECTION('center_axis',(0.,0.,1.));
#3953=DIRECTION('ref_axis',(1.,0.,0.));
#3954=DIRECTION('',(-1.,0.,0.));
#3955=DIRECTION('center_axis',(0.,1.,0.));
#3956=DIRECTION('ref_axis',(1.,0.,0.));
#3957=DIRECTION('center_axis',(0.,0.,-1.));
#3958=DIRECTION('ref_axis',(-1.,0.,0.));
#3959=DIRECTION('',(1.,0.,0.));
#3960=DIRECTION('',(-1.,0.,0.));
#3961=DIRECTION('center_axis',(0.,1.,0.));
#3962=DIRECTION('ref_axis',(0.,0.,1.));
#3963=DIRECTION('',(1.,0.,0.));
#3964=DIRECTION('center_axis',(0.,0.,1.));
#3965=DIRECTION('ref_axis',(1.,0.,0.));
#3966=DIRECTION('',(-1.,0.,0.));
#3967=DIRECTION('center_axis',(0.,1.,0.));
#3968=DIRECTION('ref_axis',(1.,0.,0.));
#3969=DIRECTION('center_axis',(0.,0.,-1.));
#3970=DIRECTION('ref_axis',(-1.,0.,0.));
#3971=DIRECTION('',(1.,0.,0.));
#3972=DIRECTION('',(-1.,0.,0.));
#3973=DIRECTION('center_axis',(0.,1.,0.));
#3974=DIRECTION('ref_axis',(0.,0.,1.));
#3975=DIRECTION('',(1.,0.,0.));
#3976=DIRECTION('center_axis',(0.,0.,1.));
#3977=DIRECTION('ref_axis',(1.,0.,0.));
#3978=DIRECTION('',(-1.,0.,0.));
#3979=DIRECTION('center_axis',(0.,1.,0.));
#3980=DIRECTION('ref_axis',(1.,0.,0.));
#3981=DIRECTION('center_axis',(0.,0.,-1.));
#3982=DIRECTION('ref_axis',(-1.,0.,0.));
#3983=DIRECTION('',(1.,0.,0.));
#3984=DIRECTION('',(-1.,0.,0.));
#3985=DIRECTION('center_axis',(0.,1.,0.));
#3986=DIRECTION('ref_axis',(0.,0.,1.));
#3987=DIRECTION('',(1.,0.,0.));
#3988=DIRECTION('center_axis',(0.,0.,1.));
#3989=DIRECTION('ref_axis',(1.,0.,0.));
#3990=DIRECTION('',(-1.,0.,0.));
#3991=DIRECTION('center_axis',(0.,1.,0.));
#3992=DIRECTION('ref_axis',(1.,0.,0.));
#3993=CARTESIAN_POINT('',(0.,0.,0.));
#3994=CARTESIAN_POINT('Origin',(80.346753418157,-3.47482274839816,0.));
#3995=CARTESIAN_POINT('',(78.846753418157,-3.47482274839816,4.));
#3996=CARTESIAN_POINT('Origin',(80.346753418157,-3.47482274839816,4.));
#3997=CARTESIAN_POINT('',(78.846753418157,-3.47482274839816,0.));
#3998=CARTESIAN_POINT('',(78.846753418157,-3.47482274839816,0.));
#3999=CARTESIAN_POINT('Origin',(80.346753418157,-3.47482274839816,0.));
#4000=CARTESIAN_POINT('Origin',(77.9340251521328,-6.42684340817517,0.));
#4001=CARTESIAN_POINT('',(77.9340251521328,-6.42684340817517,0.));
#4002=CARTESIAN_POINT('',(82.7594816841812,-6.42684340817517,0.));
#4003=CARTESIAN_POINT('',(77.9340251521328,-6.42684340817517,0.));
#4004=CARTESIAN_POINT('',(82.7594816841812,-6.42684340817517,4.));
#4005=CARTESIAN_POINT('',(82.7594816841812,-6.42684340817517,0.));
#4006=CARTESIAN_POINT('',(77.9340251521328,-6.42684340817517,4.));
#4007=CARTESIAN_POINT('',(77.9340251521328,-6.42684340817517,4.));
#4008=CARTESIAN_POINT('',(77.9340251521328,-6.42684340817517,0.));
#4009=CARTESIAN_POINT('Origin',(77.9340251521328,-4.24023732531563,0.));
#4010=CARTESIAN_POINT('',(75.7474190692732,-4.24023732531563,0.));
#4011=CARTESIAN_POINT('Origin',(77.9340251521328,-4.24023732531563,0.));
#4012=CARTESIAN_POINT('',(75.7474190692732,-4.24023732531563,4.));
#4013=CARTESIAN_POINT('Origin',(77.9340251521328,-4.24023732531563,4.));
#4014=CARTESIAN_POINT('',(75.7474190692732,-4.24023732531563,0.));
#4015=CARTESIAN_POINT('Origin',(75.7474190692732,3.5527136788005E-14,0.));
#4016=CARTESIAN_POINT('',(75.7474190692732,3.5527136788005E-14,0.));
#4017=CARTESIAN_POINT('',(75.7474190692732,3.5527136788005E-14,0.));
#4018=CARTESIAN_POINT('',(75.7474190692732,3.5527136788005E-14,4.));
#4019=CARTESIAN_POINT('',(75.7474190692732,3.5527136788005E-14,4.));
#4020=CARTESIAN_POINT('',(75.7474190692732,0.,10.));
#4021=CARTESIAN_POINT('Origin',(84.9460877670408,-4.24023732531563,0.));
#4022=CARTESIAN_POINT('',(84.9460877670408,-4.24023732531563,0.));
#4023=CARTESIAN_POINT('',(84.9460877670408,3.5527136788005E-14,0.));
#4024=CARTESIAN_POINT('',(84.9460877670408,-4.24023732531563,0.));
#4025=CARTESIAN_POINT('',(84.9460877670408,3.5527136788005E-14,4.));
#4026=CARTESIAN_POINT('',(84.9460877670408,0.,10.));
#4027=CARTESIAN_POINT('',(84.9460877670408,-4.24023732531563,4.));
#4028=CARTESIAN_POINT('',(84.9460877670408,-4.24023732531563,4.));
#4029=CARTESIAN_POINT('',(84.9460877670408,-4.24023732531563,0.));
#4030=CARTESIAN_POINT('Origin',(82.7594816841812,-4.24023732531563,0.));
#4031=CARTESIAN_POINT('Origin',(82.7594816841812,-4.24023732531563,0.));
#4032=CARTESIAN_POINT('Origin',(82.7594816841812,-4.24023732531563,4.));
#4033=CARTESIAN_POINT('Origin',(80.346753418157,-3.21342170408757,4.));
#4034=CARTESIAN_POINT('',(35.1733767090785,0.,4.));
#4035=CARTESIAN_POINT('Origin',(80.346753418157,216.474822748398,0.));
#4036=CARTESIAN_POINT('',(78.846753418157,216.474822748398,4.));
#4037=CARTESIAN_POINT('Origin',(80.346753418157,216.474822748398,4.));
#4038=CARTESIAN_POINT('',(78.846753418157,216.474822748398,0.));
#4039=CARTESIAN_POINT('',(78.846753418157,216.474822748398,0.));
#4040=CARTESIAN_POINT('Origin',(80.346753418157,216.474822748398,0.));
#4041=CARTESIAN_POINT('Origin',(82.7594816841812,219.426843408175,0.));
#4042=CARTESIAN_POINT('',(77.9340251521327,219.426843408175,0.));
#4043=CARTESIAN_POINT('',(82.7594816841812,219.426843408175,0.));
#4044=CARTESIAN_POINT('',(77.9340251521327,219.426843408175,0.));
#4045=CARTESIAN_POINT('',(77.9340251521327,219.426843408175,4.));
#4046=CARTESIAN_POINT('',(77.9340251521327,219.426843408175,0.));
#4047=CARTESIAN_POINT('',(82.7594816841812,219.426843408175,4.));
#4048=CARTESIAN_POINT('',(77.9340251521327,219.426843408175,4.));
#4049=CARTESIAN_POINT('',(82.7594816841812,219.426843408175,0.));
#4050=CARTESIAN_POINT('Origin',(82.7594816841812,217.240237325316,0.));
#4051=CARTESIAN_POINT('',(84.9460877670407,217.240237325316,0.));
#4052=CARTESIAN_POINT('Origin',(82.7594816841812,217.240237325316,0.));
#4053=CARTESIAN_POINT('',(84.9460877670407,217.240237325316,4.));
#4054=CARTESIAN_POINT('Origin',(82.7594816841812,217.240237325316,4.));
#4055=CARTESIAN_POINT('',(84.9460877670407,217.240237325316,0.));
#4056=CARTESIAN_POINT('Origin',(84.9460877670407,213.,0.));
#4057=CARTESIAN_POINT('',(84.9460877670407,213.,0.));
#4058=CARTESIAN_POINT('',(84.9460877670407,217.240237325316,0.));
#4059=CARTESIAN_POINT('',(84.9460877670407,213.,4.));
#4060=CARTESIAN_POINT('',(84.9460877670407,217.240237325316,4.));
#4061=CARTESIAN_POINT('',(84.9460877670407,213.,10.));
#4062=CARTESIAN_POINT('Origin',(75.7474190692732,217.240237325316,0.));
#4063=CARTESIAN_POINT('',(75.7474190692732,213.,0.));
#4064=CARTESIAN_POINT('',(75.7474190692732,217.240237325316,0.));
#4065=CARTESIAN_POINT('',(75.7474190692732,213.,0.));
#4066=CARTESIAN_POINT('',(75.7474190692732,213.,4.));
#4067=CARTESIAN_POINT('',(75.7474190692732,213.,10.));
#4068=CARTESIAN_POINT('',(75.7474190692732,217.240237325316,4.));
#4069=CARTESIAN_POINT('',(75.7474190692732,213.,4.));
#4070=CARTESIAN_POINT('',(75.7474190692732,217.240237325316,0.));
#4071=CARTESIAN_POINT('Origin',(77.9340251521327,217.240237325316,0.));
#4072=CARTESIAN_POINT('Origin',(77.9340251521327,217.240237325316,0.));
#4073=CARTESIAN_POINT('Origin',(77.9340251521327,217.240237325316,4.));
#4074=CARTESIAN_POINT('Origin',(80.346753418157,216.213421704088,4.));
#4075=CARTESIAN_POINT('',(84.1733767090785,213.,4.));
#4076=CARTESIAN_POINT('Origin',(-2.34675341815691,-3.4748227483982,0.));
#4077=CARTESIAN_POINT('',(-3.84675341815691,-3.4748227483982,4.));
#4078=CARTESIAN_POINT('Origin',(-2.34675341815691,-3.4748227483982,4.));
#4079=CARTESIAN_POINT('',(-3.84675341815691,-3.4748227483982,0.));
#4080=CARTESIAN_POINT('',(-3.84675341815691,-3.4748227483982,0.));
#4081=CARTESIAN_POINT('Origin',(-2.34675341815691,-3.4748227483982,0.));
#4082=CARTESIAN_POINT('Origin',(0.0659748478673094,-4.24023732531566,0.));
#4083=CARTESIAN_POINT('',(2.25258093072686,-4.24023732531566,0.));
#4084=CARTESIAN_POINT('',(0.0659748478673096,-6.42684340817521,0.));
#4085=CARTESIAN_POINT('Origin',(0.0659748478673094,-4.24023732531566,0.));
#4086=CARTESIAN_POINT('',(2.25258093072686,-4.24023732531566,4.));
#4087=CARTESIAN_POINT('',(2.25258093072686,-4.24023732531566,0.));
#4088=CARTESIAN_POINT('',(0.0659748478673094,-6.42684340817521,4.));
#4089=CARTESIAN_POINT('Origin',(0.0659748478673094,-4.24023732531566,4.));
#4090=CARTESIAN_POINT('',(0.0659748478673096,-6.42684340817521,0.));
#4091=CARTESIAN_POINT('Origin',(-4.75948168418114,-6.42684340817521,0.));
#4092=CARTESIAN_POINT('',(-4.75948168418114,-6.42684340817521,0.));
#4093=CARTESIAN_POINT('',(0.0659748478673094,-6.42684340817521,0.));
#4094=CARTESIAN_POINT('',(-4.75948168418114,-6.42684340817521,4.));
#4095=CARTESIAN_POINT('',(0.0659748478673094,-6.42684340817521,4.));
#4096=CARTESIAN_POINT('',(-4.75948168418114,-6.42684340817521,0.));
#4097=CARTESIAN_POINT('Origin',(-4.75948168418114,-4.24023732531566,0.));
#4098=CARTESIAN_POINT('',(-6.94608776704069,-4.24023732531566,0.));
#4099=CARTESIAN_POINT('Origin',(-4.75948168418114,-4.24023732531566,0.));
#4100=CARTESIAN_POINT('',(-6.94608776704069,-4.24023732531566,4.));
#4101=CARTESIAN_POINT('Origin',(-4.75948168418114,-4.24023732531566,4.));
#4102=CARTESIAN_POINT('',(-6.94608776704069,-4.24023732531566,0.));
#4103=CARTESIAN_POINT('Origin',(-6.94608776704069,0.,0.));
#4104=CARTESIAN_POINT('',(-6.94608776704069,0.,0.));
#4105=CARTESIAN_POINT('',(-6.94608776704069,-4.24023732531566,0.));
#4106=CARTESIAN_POINT('',(-6.94608776704069,0.,4.));
#4107=CARTESIAN_POINT('',(-6.94608776704069,-4.24023732531566,4.));
#4108=CARTESIAN_POINT('',(-6.94608776704069,0.,10.));
#4109=CARTESIAN_POINT('Origin',(2.25258093072686,-4.24023732531566,0.));
#4110=CARTESIAN_POINT('',(2.25258093072686,0.,0.));
#4111=CARTESIAN_POINT('',(2.25258093072686,0.,0.));
#4112=CARTESIAN_POINT('',(2.25258093072686,0.,4.));
#4113=CARTESIAN_POINT('',(2.25258093072686,0.,10.));
#4114=CARTESIAN_POINT('',(2.25258093072686,0.,4.));
#4115=CARTESIAN_POINT('Origin',(-2.34675341815691,-3.2134217040876,4.));
#4116=CARTESIAN_POINT('',(-6.17337670907846,0.,4.));
#4117=CARTESIAN_POINT('Origin',(-2.34675341815695,216.474822748398,0.));
#4118=CARTESIAN_POINT('',(-3.84675341815695,216.474822748398,4.));
#4119=CARTESIAN_POINT('Origin',(-2.34675341815695,216.474822748398,4.));
#4120=CARTESIAN_POINT('',(-3.84675341815695,216.474822748398,0.));
#4121=CARTESIAN_POINT('',(-3.84675341815695,216.474822748398,0.));
#4122=CARTESIAN_POINT('Origin',(-2.34675341815695,216.474822748398,0.));
#4123=CARTESIAN_POINT('Origin',(-4.75948168418117,217.240237325316,0.));
#4124=CARTESIAN_POINT('',(-6.94608776704072,217.240237325316,0.));
#4125=CARTESIAN_POINT('',(-4.75948168418117,219.426843408175,0.));
#4126=CARTESIAN_POINT('Origin',(-4.75948168418117,217.240237325316,0.));
#4127=CARTESIAN_POINT('',(-6.94608776704072,217.240237325316,4.));
#4128=CARTESIAN_POINT('',(-6.94608776704072,217.240237325316,0.));
#4129=CARTESIAN_POINT('',(-4.75948168418117,219.426843408175,4.));
#4130=CARTESIAN_POINT('Origin',(-4.75948168418117,217.240237325316,4.));
#4131=CARTESIAN_POINT('',(-4.75948168418117,219.426843408175,0.));
#4132=CARTESIAN_POINT('Origin',(0.065974847867265,219.426843408175,0.));
#4133=CARTESIAN_POINT('',(0.065974847867265,219.426843408175,0.));
#4134=CARTESIAN_POINT('',(0.065974847867265,219.426843408175,0.));
#4135=CARTESIAN_POINT('',(0.065974847867265,219.426843408175,4.));
#4136=CARTESIAN_POINT('',(0.065974847867265,219.426843408175,4.));
#4137=CARTESIAN_POINT('',(0.065974847867265,219.426843408175,0.));
#4138=CARTESIAN_POINT('Origin',(0.065974847867265,217.240237325316,0.));
#4139=CARTESIAN_POINT('',(2.25258093072681,217.240237325316,0.));
#4140=CARTESIAN_POINT('Origin',(0.065974847867265,217.240237325316,0.));
#4141=CARTESIAN_POINT('',(2.25258093072681,217.240237325316,4.));
#4142=CARTESIAN_POINT('Origin',(0.065974847867265,217.240237325316,4.));
#4143=CARTESIAN_POINT('',(2.25258093072681,217.240237325316,0.));
#4144=CARTESIAN_POINT('Origin',(2.25258093072681,213.,0.));
#4145=CARTESIAN_POINT('',(2.25258093072681,213.,0.));
#4146=CARTESIAN_POINT('',(2.25258093072681,213.,0.));
#4147=CARTESIAN_POINT('',(2.25258093072681,213.,4.));
#4148=CARTESIAN_POINT('',(2.25258093072681,213.,4.));
#4149=CARTESIAN_POINT('',(2.25258093072682,213.,10.));
#4150=CARTESIAN_POINT('Origin',(-6.94608776704072,217.240237325316,0.));
#4151=CARTESIAN_POINT('',(-6.94608776704072,213.,0.));
#4152=CARTESIAN_POINT('',(-6.94608776704072,217.240237325316,0.));
#4153=CARTESIAN_POINT('',(-6.94608776704072,213.,4.));
#4154=CARTESIAN_POINT('',(-6.94608776704072,213.,10.));
#4155=CARTESIAN_POINT('',(-6.94608776704072,217.240237325316,4.));
#4156=CARTESIAN_POINT('Origin',(-2.34675341815695,216.213421704088,4.));
#4157=CARTESIAN_POINT('',(42.8266232909215,213.,4.));
#4158=CARTESIAN_POINT('Origin',(91.,6.99999999999999,20.));
#4159=CARTESIAN_POINT('',(91.,1.99999999999999,2.));
#4160=CARTESIAN_POINT('',(96.,6.99999999999999,2.));
#4161=CARTESIAN_POINT('Origin',(91.,6.99999999999999,2.));
#4162=CARTESIAN_POINT('',(91.,1.99999999999999,33.));
#4163=CARTESIAN_POINT('',(91.,1.99999999999999,20.));
#4164=CARTESIAN_POINT('',(96.,6.99999999999999,33.));
#4165=CARTESIAN_POINT('Origin',(91.,6.99999999999999,33.));
#4166=CARTESIAN_POINT('',(96.,6.99999999999999,20.));
#4167=CARTESIAN_POINT('Origin',(96.,196.,20.));
#4168=CARTESIAN_POINT('',(96.,206.,33.));
#4169=CARTESIAN_POINT('',(96.,64.5,33.));
#4170=CARTESIAN_POINT('',(96.,206.,2.));
#4171=CARTESIAN_POINT('',(96.,206.,20.));
#4172=CARTESIAN_POINT('',(96.,64.5,2.));
#4173=CARTESIAN_POINT('',(96.,31.24,26.6310960904523));
#4174=CARTESIAN_POINT('',(96.,15.328,26.6310960904523));
#4175=CARTESIAN_POINT('',(96.,115.664,26.6310960904523));
#4176=CARTESIAN_POINT('',(96.,15.328,18.6240960904523));
#4177=CARTESIAN_POINT('',(96.,15.328,21.3137980452262));
#4178=CARTESIAN_POINT('',(96.,31.24,18.6240960904523));
#4179=CARTESIAN_POINT('',(96.,115.664,18.6240960904523));
#4180=CARTESIAN_POINT('',(96.,31.24,21.3137980452262));
#4181=CARTESIAN_POINT('',(96.,54.36,26.6310960904523));
#4182=CARTESIAN_POINT('',(96.,38.448,26.6310960904523));
#4183=CARTESIAN_POINT('',(96.,127.224,26.6310960904523));
#4184=CARTESIAN_POINT('',(96.,38.448,18.6240960904523));
#4185=CARTESIAN_POINT('',(96.,38.448,21.3137980452262));
#4186=CARTESIAN_POINT('',(96.,54.36,18.6240960904523));
#4187=CARTESIAN_POINT('',(96.,127.224,18.6240960904523));
#4188=CARTESIAN_POINT('',(96.,54.36,21.3137980452262));
#4189=CARTESIAN_POINT('',(96.,77.48,26.6310960904523));
#4190=CARTESIAN_POINT('',(96.,61.568,26.6310960904523));
#4191=CARTESIAN_POINT('',(96.,138.784,26.6310960904523));
#4192=CARTESIAN_POINT('',(96.,61.568,18.6240960904523));
#4193=CARTESIAN_POINT('',(96.,61.568,21.3137980452262));
#4194=CARTESIAN_POINT('',(96.,77.48,18.6240960904523));
#4195=CARTESIAN_POINT('',(96.,138.784,18.6240960904523));
#4196=CARTESIAN_POINT('',(96.,77.48,21.3137980452262));
#4197=CARTESIAN_POINT('',(96.,100.6,26.6310960904523));
#4198=CARTESIAN_POINT('',(96.,84.688,26.6310960904523));
#4199=CARTESIAN_POINT('',(96.,150.344,26.6310960904523));
#4200=CARTESIAN_POINT('',(96.,84.688,18.6240960904523));
#4201=CARTESIAN_POINT('',(96.,84.688,21.3137980452262));
#4202=CARTESIAN_POINT('',(96.,100.6,18.6240960904523));
#4203=CARTESIAN_POINT('',(96.,150.344,18.6240960904523));
#4204=CARTESIAN_POINT('',(96.,100.6,21.3137980452262));
#4205=CARTESIAN_POINT('Origin',(-13.,6.99999999999999,20.));
#4206=CARTESIAN_POINT('',(-18.,6.99999999999999,2.));
#4207=CARTESIAN_POINT('',(-13.,1.99999999999999,2.));
#4208=CARTESIAN_POINT('Origin',(-13.,6.99999999999999,2.));
#4209=CARTESIAN_POINT('',(-18.,6.99999999999999,33.));
#4210=CARTESIAN_POINT('',(-18.,6.99999999999999,20.));
#4211=CARTESIAN_POINT('',(-13.,1.99999999999999,33.));
#4212=CARTESIAN_POINT('Origin',(-13.,6.99999999999999,33.));
#4213=CARTESIAN_POINT('',(-13.,1.99999999999999,20.));
#4214=CARTESIAN_POINT('Origin',(86.,1.99999999999999,20.));
#4215=CARTESIAN_POINT('',(14.5,1.99999999999999,2.));
#4216=CARTESIAN_POINT('',(14.5,1.99999999999999,33.));
#4217=CARTESIAN_POINT('',(8.47876024238761,1.99999999999999,18.1650120567515));
#4218=CARTESIAN_POINT('',(31.8797006823542,1.99999999999999,18.1650120567515));
#4219=CARTESIAN_POINT('',(53.9398503411771,1.99999999999999,18.1650120567515));
#4220=CARTESIAN_POINT('',(35.3797006823542,1.99999999999999,21.6650120567515));
#4221=CARTESIAN_POINT('Origin',(31.8797006823542,1.99999999999999,21.6650120567515));
#4222=CARTESIAN_POINT('',(35.3797006823542,1.99999999999999,24.5164611753403));
#4223=CARTESIAN_POINT('',(35.3797006823542,1.99999999999999,22.2582305876701));
#4224=CARTESIAN_POINT('',(31.8797006823542,1.99999999999999,28.0164611753403));
#4225=CARTESIAN_POINT('Origin',(31.8797006823542,1.99999999999999,24.5164611753403));
#4226=CARTESIAN_POINT('',(8.47876024238761,1.99999999999999,28.0164611753403));
#4227=CARTESIAN_POINT('',(42.2393801211938,1.99999999999999,28.0164611753403));
#4228=CARTESIAN_POINT('',(4.97876024238761,1.99999999999999,24.5164611753403));
#4229=CARTESIAN_POINT('Origin',(8.47876024238761,1.99999999999999,24.5164611753403));
#4230=CARTESIAN_POINT('',(4.97876024238761,1.99999999999999,21.6650120567515));
#4231=CARTESIAN_POINT('',(4.97876024238762,1.99999999999999,20.8325060283758));
#4232=CARTESIAN_POINT('Origin',(8.47876024238761,1.99999999999999,21.6650120567515));
#4233=CARTESIAN_POINT('Origin',(93.,5.,20.));
#4234=CARTESIAN_POINT('',(98.,5.,33.));
#4235=CARTESIAN_POINT('',(93.,0.,33.));
#4236=CARTESIAN_POINT('Origin',(93.,5.,33.));
#4237=CARTESIAN_POINT('',(93.,0.,0.));
#4238=CARTESIAN_POINT('',(93.,0.,20.));
#4239=CARTESIAN_POINT('',(98.,5.,0.));
#4240=CARTESIAN_POINT('Origin',(93.,5.,0.));
#4241=CARTESIAN_POINT('',(98.,5.,20.));
#4242=CARTESIAN_POINT('Origin',(-10.,0.,20.));
#4243=CARTESIAN_POINT('',(-10.,0.,0.));
#4244=CARTESIAN_POINT('',(-15.,0.,33.));
#4245=CARTESIAN_POINT('',(-10.,0.,33.));
#4246=CARTESIAN_POINT('',(-15.,0.,0.));
#4247=CARTESIAN_POINT('',(-15.,0.,20.));
#4248=CARTESIAN_POINT('',(-10.,0.,0.));
#4249=CARTESIAN_POINT('',(-10.,0.,0.));
#4250=CARTESIAN_POINT('',(31.8797006823542,0.,18.1650120567515));
#4251=CARTESIAN_POINT('',(8.47876024238761,0.,18.1650120567515));
#4252=CARTESIAN_POINT('',(5.93985034117709,0.,18.1650120567515));
#4253=CARTESIAN_POINT('',(4.97876024238761,0.,21.6650120567515));
#4254=CARTESIAN_POINT('Origin',(8.47876024238761,0.,21.6650120567515));
#4255=CARTESIAN_POINT('',(4.97876024238761,0.,24.5164611753403));
#4256=CARTESIAN_POINT('',(4.97876024238761,0.,20.8325060283758));
#4257=CARTESIAN_POINT('',(8.47876024238761,0.,28.0164611753403));
#4258=CARTESIAN_POINT('Origin',(8.47876024238761,0.,24.5164611753403));
#4259=CARTESIAN_POINT('',(31.8797006823542,0.,28.0164611753403));
#4260=CARTESIAN_POINT('',(-5.76061987880619,0.,28.0164611753403));
#4261=CARTESIAN_POINT('',(35.3797006823542,0.,24.5164611753403));
#4262=CARTESIAN_POINT('Origin',(31.8797006823542,0.,24.5164611753403));
#4263=CARTESIAN_POINT('',(35.3797006823542,0.,21.6650120567515));
#4264=CARTESIAN_POINT('',(35.3797006823542,0.,22.2582305876701));
#4265=CARTESIAN_POINT('Origin',(31.8797006823542,0.,21.6650120567515));
#4266=CARTESIAN_POINT('Origin',(49.,89.,33.));
#4267=CARTESIAN_POINT('',(98.,208.,33.));
#4268=CARTESIAN_POINT('',(98.,20.,33.));
#4269=CARTESIAN_POINT('',(93.,213.,33.));
#4270=CARTESIAN_POINT('Origin',(93.,208.,33.));
#4271=CARTESIAN_POINT('',(-15.,213.,33.));
#4272=CARTESIAN_POINT('',(88.,213.,33.));
#4273=CARTESIAN_POINT('',(-20.,208.,33.));
#4274=CARTESIAN_POINT('Origin',(-15.,208.,33.));
#4275=CARTESIAN_POINT('',(-20.,5.,33.));
#4276=CARTESIAN_POINT('',(-20.,198.,33.));
#4277=CARTESIAN_POINT('Origin',(-15.,5.,33.));
#4278=CARTESIAN_POINT('',(-18.,206.,33.));
#4279=CARTESIAN_POINT('',(-18.,153.5,33.));
#4280=CARTESIAN_POINT('',(-13.,211.,33.));
#4281=CARTESIAN_POINT('Origin',(-13.,206.,33.));
#4282=CARTESIAN_POINT('',(91.,211.,33.));
#4283=CARTESIAN_POINT('',(63.5,211.,33.));
#4284=CARTESIAN_POINT('Origin',(91.,206.,33.));
#4285=CARTESIAN_POINT('Origin',(-15.,5.,20.));
#4286=CARTESIAN_POINT('',(-20.,5.,0.));
#4287=CARTESIAN_POINT('Origin',(-15.,5.,0.));
#4288=CARTESIAN_POINT('',(-20.,5.,20.));
#4289=CARTESIAN_POINT('Origin',(-18.,22.,20.));
#4290=CARTESIAN_POINT('',(-18.,206.,2.));
#4291=CARTESIAN_POINT('',(-18.,153.5,2.));
#4292=CARTESIAN_POINT('',(-18.,206.,20.));
#4293=CARTESIAN_POINT('',(-18.,179.705367687912,26.7664611753403));
#4294=CARTESIAN_POINT('',(-18.,179.705367687912,21.0664611753403));
#4295=CARTESIAN_POINT('',(-18.,179.705367687912,20.5332305876696));
#4296=CARTESIAN_POINT('',(-18.,178.455367687912,19.8164611753403));
#4297=CARTESIAN_POINT('Origin',(-18.,178.455367687912,21.0664611753403));
#4298=CARTESIAN_POINT('',(-18.,164.005367687912,19.8164611753403));
#4299=CARTESIAN_POINT('',(-18.,103.002683843956,19.8164611753403));
#4300=CARTESIAN_POINT('',(-18.,164.005367687912,28.0164611753403));
#4301=CARTESIAN_POINT('',(-18.,164.005367687912,24.0082305876702));
#4302=CARTESIAN_POINT('',(-18.,178.455367687912,28.0164611753403));
#4303=CARTESIAN_POINT('',(-18.,110.227683843956,28.0164611753403));
#4304=CARTESIAN_POINT('Origin',(-18.,178.455367687912,26.7664611753403));
#4305=CARTESIAN_POINT('',(-18.,32.3348,17.5614611753403));
#4306=CARTESIAN_POINT('',(-18.,26.888,17.5614611753403));
#4307=CARTESIAN_POINT('',(-18.,37.1674,17.5614611753403));
#4308=CARTESIAN_POINT('',(-18.,26.888,26.527086528047));
#4309=CARTESIAN_POINT('',(-18.,26.888,18.7807305876701));
#4310=CARTESIAN_POINT('',(-18.,28.112,28.0164611753403));
#4311=CARTESIAN_POINT('',(-18.,20.270671719624,18.4750595888241));
#4312=CARTESIAN_POINT('',(-18.,31.1108,28.0164611753403));
#4313=CARTESIAN_POINT('',(-18.,35.056,28.0164611753403));
#4314=CARTESIAN_POINT('',(-18.,32.3348,26.527086528047));
#4315=CARTESIAN_POINT('',(-18.,27.2093043952664,32.7638375153864));
#4316=CARTESIAN_POINT('',(-18.,32.3348,23.2635432640235));
#4317=CARTESIAN_POINT('',(-18.,119.7148,17.5614611753403));
#4318=CARTESIAN_POINT('',(-18.,114.268,17.5614611753403));
#4319=CARTESIAN_POINT('',(-18.,80.8574,17.5614611753403));
#4320=CARTESIAN_POINT('',(-18.,114.268,26.527086528047));
#4321=CARTESIAN_POINT('',(-18.,114.268,18.7807305876701));
#4322=CARTESIAN_POINT('',(-18.,115.492,28.0164611753403));
#4323=CARTESIAN_POINT('',(-18.,90.0381748690319,-2.95599129745427));
#4324=CARTESIAN_POINT('',(-18.,118.4908,28.0164611753403));
#4325=CARTESIAN_POINT('',(-18.,78.746,28.0164611753403));
#4326=CARTESIAN_POINT('',(-18.,119.7148,26.527086528047));
#4327=CARTESIAN_POINT('',(-18.,96.9768075446743,54.1948884016648));
#4328=CARTESIAN_POINT('',(-18.,119.7148,23.2635432640235));
#4329=CARTESIAN_POINT('',(-18.,107.2198,17.5614611753403));
#4330=CARTESIAN_POINT('',(-18.,101.773,17.5614611753403));
#4331=CARTESIAN_POINT('',(-18.,74.6099,17.5614611753403));
#4332=CARTESIAN_POINT('',(-18.,101.773,26.527086528047));
#4333=CARTESIAN_POINT('',(-18.,101.773,18.7807305876701));
#4334=CARTESIAN_POINT('',(-18.,102.997,28.0164611753403));
#4335=CARTESIAN_POINT('',(-18.,80.0616933875505,0.108565589980474));
#4336=CARTESIAN_POINT('',(-18.,105.9958,28.0164611753403));
#4337=CARTESIAN_POINT('',(-18.,72.4985,28.0164611753403));
#4338=CARTESIAN_POINT('',(-18.,107.2198,26.527086528047));
#4339=CARTESIAN_POINT('',(-18.,87.0003260631928,51.13033151423));
#4340=CARTESIAN_POINT('',(-18.,107.2198,23.2635432640235));
#4341=CARTESIAN_POINT('',(-18.,94.7248,17.5614611753403));
#4342=CARTESIAN_POINT('',(-18.,89.278,17.5614611753403));
#4343=CARTESIAN_POINT('',(-18.,68.3624,17.5614611753403));
#4344=CARTESIAN_POINT('',(-18.,89.278,26.527086528047));
#4345=CARTESIAN_POINT('',(-18.,89.278,18.7807305876701));
#4346=CARTESIAN_POINT('',(-18.,90.502,28.0164611753403));
#4347=CARTESIAN_POINT('',(-18.,70.085211906069,3.17312247741522));
#4348=CARTESIAN_POINT('',(-18.,93.5008,28.0164611753403));
#4349=CARTESIAN_POINT('',(-18.,66.251,28.0164611753403));
#4350=CARTESIAN_POINT('',(-18.,94.7248,26.527086528047));
#4351=CARTESIAN_POINT('',(-18.,77.0238445817113,48.0657746267953));
#4352=CARTESIAN_POINT('',(-18.,94.7248,23.2635432640235));
#4353=CARTESIAN_POINT('',(-18.,82.2298,17.5614611753403));
#4354=CARTESIAN_POINT('',(-18.,76.783,17.5614611753403));
#4355=CARTESIAN_POINT('',(-18.,62.1149,17.5614611753403));
#4356=CARTESIAN_POINT('',(-18.,76.783,26.527086528047));
#4357=CARTESIAN_POINT('',(-18.,76.783,18.7807305876701));
#4358=CARTESIAN_POINT('',(-18.,78.007,28.0164611753403));
#4359=CARTESIAN_POINT('',(-18.,60.1087304245875,6.23767936484996));
#4360=CARTESIAN_POINT('',(-18.,81.0058,28.0164611753403));
#4361=CARTESIAN_POINT('',(-18.,60.0035,28.0164611753403));
#4362=CARTESIAN_POINT('',(-18.,82.2298,26.527086528047));
#4363=CARTESIAN_POINT('',(-18.,67.0473631002299,45.0012177393605));
#4364=CARTESIAN_POINT('',(-18.,82.2298,23.2635432640235));
#4365=CARTESIAN_POINT('',(-18.,69.7348,17.5614611753403));
#4366=CARTESIAN_POINT('',(-18.,64.288,17.5614611753403));
#4367=CARTESIAN_POINT('',(-18.,55.8674,17.5614611753403));
#4368=CARTESIAN_POINT('',(-18.,64.288,26.527086528047));
#4369=CARTESIAN_POINT('',(-18.,64.288,18.7807305876701));
#4370=CARTESIAN_POINT('',(-18.,65.512,28.0164611753403));
#4371=CARTESIAN_POINT('',(-18.,50.132248943106,9.30223625228471));
#4372=CARTESIAN_POINT('',(-18.,68.5108,28.0164611753403));
#4373=CARTESIAN_POINT('',(-18.,53.756,28.0164611753403));
#4374=CARTESIAN_POINT('',(-18.,69.7348,26.527086528047));
#4375=CARTESIAN_POINT('',(-18.,57.0708816187484,41.9366608519258));
#4376=CARTESIAN_POINT('',(-18.,69.7348,23.2635432640235));
#4377=CARTESIAN_POINT('',(-18.,51.0348,17.5614611753403));
#4378=CARTESIAN_POINT('',(-18.,45.588,17.5614611753403));
#4379=CARTESIAN_POINT('',(-18.,46.5174,17.5614611753403));
#4380=CARTESIAN_POINT('',(-18.,45.588,26.527086528047));
#4381=CARTESIAN_POINT('',(-18.,45.588,18.7807305876701));
#4382=CARTESIAN_POINT('',(-18.,46.812,28.0164611753403));
#4383=CARTESIAN_POINT('',(-18.,35.201460331365,13.8886479205544));
#4384=CARTESIAN_POINT('',(-18.,49.8108,28.0164611753403));
#4385=CARTESIAN_POINT('',(-18.,44.406,28.0164611753403));
#4386=CARTESIAN_POINT('',(-18.,51.0348,26.527086528047));
#4387=CARTESIAN_POINT('',(-18.,42.1400930070074,37.3502491836561));
#4388=CARTESIAN_POINT('',(-18.,51.0348,23.2635432640235));
#4389=CARTESIAN_POINT('',(-18.,13.6348,17.5614611753403));
#4390=CARTESIAN_POINT('',(-18.,8.18800000000001,17.5614611753403));
#4391=CARTESIAN_POINT('',(-18.,27.8174,17.5614611753403));
#4392=CARTESIAN_POINT('',(-18.,8.18800000000002,26.527086528047));
#4393=CARTESIAN_POINT('',(-18.,8.18800000000002,18.7807305876701));
#4394=CARTESIAN_POINT('',(-18.,9.41200000000002,28.0164611753403));
#4395=CARTESIAN_POINT('',(-18.,5.33988310788304,23.0614712570938));
#4396=CARTESIAN_POINT('',(-18.,12.4108,28.0164611753403));
#4397=CARTESIAN_POINT('',(-18.,25.706,28.0164611753403));
#4398=CARTESIAN_POINT('',(-18.,13.6348,26.527086528047));
#4399=CARTESIAN_POINT('',(-18.,12.2785157835254,28.1774258471167));
#4400=CARTESIAN_POINT('',(-18.,13.6348,23.2635432640235));
#4401=CARTESIAN_POINT('',(-18.,129.537792756248,28.0164611753403));
#4402=CARTESIAN_POINT('',(-18.,139.537792756248,28.0164611753403));
#4403=CARTESIAN_POINT('',(-18.,90.768896378124,28.0164611753403));
#4404=CARTESIAN_POINT('',(-18.,139.537792756248,22.2164611753403));
#4405=CARTESIAN_POINT('',(-18.,139.537792756248,21.1082305876701));
#4406=CARTESIAN_POINT('',(-18.,129.537792756248,22.2164611753403));
#4407=CARTESIAN_POINT('',(-18.,85.768896378124,22.2164611753403));
#4408=CARTESIAN_POINT('',(-18.,129.537792756248,24.0082305876702));
#4409=CARTESIAN_POINT('',(-18.,142.537792756248,22.2164611753403));
#4410=CARTESIAN_POINT('',(-18.,142.537792756248,28.0164611753403));
#4411=CARTESIAN_POINT('',(-18.,142.537792756248,24.0082305876702));
#4412=CARTESIAN_POINT('',(-18.,152.537792756248,28.0164611753403));
#4413=CARTESIAN_POINT('',(-18.,97.268896378124,28.0164611753403));
#4414=CARTESIAN_POINT('',(-18.,152.537792756248,22.2164611753403));
#4415=CARTESIAN_POINT('',(-18.,152.537792756248,21.1082305876701));
#4416=CARTESIAN_POINT('',(-18.,92.268896378124,22.2164611753403));
#4417=CARTESIAN_POINT('Origin',(49.,89.,2.));
#4418=CARTESIAN_POINT('',(91.,211.,2.));
#4419=CARTESIAN_POINT('Origin',(91.,206.,2.));
#4420=CARTESIAN_POINT('',(-13.,211.,2.));
#4421=CARTESIAN_POINT('',(63.5,211.,2.));
#4422=CARTESIAN_POINT('Origin',(-13.,206.,2.));
#4423=CARTESIAN_POINT('',(41.9980290822523,196.391604670144,2.));
#4424=CARTESIAN_POINT('Origin',(39.8880290822523,196.391604670144,2.));
#4425=CARTESIAN_POINT('',(89.3699616952639,134.711242010433,2.));
#4426=CARTESIAN_POINT('Origin',(87.2599616952639,134.711242010433,2.));
#4427=CARTESIAN_POINT('',(89.369961695264,182.111242010433,2.));
#4428=CARTESIAN_POINT('Origin',(87.259961695264,182.111242010433,2.));
#4429=CARTESIAN_POINT('',(-5.40197091774772,188.511604670144,2.));
#4430=CARTESIAN_POINT('Origin',(-7.51197091774772,188.511604670144,2.));
#4431=CARTESIAN_POINT('',(41.9980290822522,188.511604670144,2.));
#4432=CARTESIAN_POINT('Origin',(39.8880290822522,188.511604670144,2.));
#4433=CARTESIAN_POINT('',(81.489961695264,134.711242010433,2.));
#4434=CARTESIAN_POINT('Origin',(79.3799616952639,134.711242010433,2.));
#4435=CARTESIAN_POINT('',(81.4899616952639,182.111242010433,2.));
#4436=CARTESIAN_POINT('Origin',(79.3799616952639,182.111242010433,2.));
#4437=CARTESIAN_POINT('',(-5.40197091774772,196.391604670144,2.));
#4438=CARTESIAN_POINT('Origin',(-7.51197091774772,196.391604670144,2.));
#4439=CARTESIAN_POINT('Origin',(-20.,198.,20.));
#4440=CARTESIAN_POINT('',(-20.,208.,0.));
#4441=CARTESIAN_POINT('',(-20.,208.,20.));
#4442=CARTESIAN_POINT('',(-20.,198.,0.));
#4443=CARTESIAN_POINT('',(-20.,179.705367687912,21.0664611753403));
#4444=CARTESIAN_POINT('',(-20.,179.705367687912,26.7664611753403));
#4445=CARTESIAN_POINT('',(-20.,179.705367687912,20.5332305876701));
#4446=CARTESIAN_POINT('',(-20.,178.455367687912,28.0164611753403));
#4447=CARTESIAN_POINT('Origin',(-20.,178.455367687912,26.7664611753403));
#4448=CARTESIAN_POINT('',(-20.,164.005367687912,28.0164611753403));
#4449=CARTESIAN_POINT('',(-20.,198.227683843956,28.0164611753403));
#4450=CARTESIAN_POINT('',(-20.,164.005367687912,19.8164611753403));
#4451=CARTESIAN_POINT('',(-20.,164.005367687912,24.0082305876702));
#4452=CARTESIAN_POINT('',(-20.,178.455367687912,19.8164611753403));
#4453=CARTESIAN_POINT('',(-20.,191.002683843956,19.8164611753403));
#4454=CARTESIAN_POINT('Origin',(-20.,178.455367687912,21.0664611753403));
#4455=CARTESIAN_POINT('',(-20.,26.888,17.5614611753403));
#4456=CARTESIAN_POINT('',(-20.,32.3348,17.5614611753403));
#4457=CARTESIAN_POINT('',(-20.,125.1674,17.5614611753403));
#4458=CARTESIAN_POINT('',(-20.,32.3348,26.527086528047));
#4459=CARTESIAN_POINT('',(-20.,32.3348,23.2635432640235));
#4460=CARTESIAN_POINT('',(-20.,31.1108,28.0164611753403));
#4461=CARTESIAN_POINT('',(-20.,62.6842351082923,-10.4023899506812));
#4462=CARTESIAN_POINT('',(-20.,28.112,28.0164611753403));
#4463=CARTESIAN_POINT('',(-20.,123.056,28.0164611753403));
#4464=CARTESIAN_POINT('',(-20.,26.888,26.527086528047));
#4465=CARTESIAN_POINT('',(-20.,55.74560243265,61.6412870548917));
#4466=CARTESIAN_POINT('',(-20.,26.888,18.7807305876701));
#4467=CARTESIAN_POINT('',(-20.,114.268,17.5614611753403));
#4468=CARTESIAN_POINT('',(-20.,119.7148,17.5614611753403));
#4469=CARTESIAN_POINT('',(-20.,168.8574,17.5614611753403));
#4470=CARTESIAN_POINT('',(-20.,119.7148,26.527086528047));
#4471=CARTESIAN_POINT('',(-20.,119.7148,23.2635432640235));
#4472=CARTESIAN_POINT('',(-20.,118.4908,28.0164611753403));
#4473=CARTESIAN_POINT('',(-20.,132.4517382577,11.0286609355971));
#4474=CARTESIAN_POINT('',(-20.,115.492,28.0164611753403));
#4475=CARTESIAN_POINT('',(-20.,166.746,28.0164611753403));
#4476=CARTESIAN_POINT('',(-20.,114.268,26.527086528047));
#4477=CARTESIAN_POINT('',(-20.,125.513105582058,40.2102361686134));
#4478=CARTESIAN_POINT('',(-20.,114.268,18.7807305876701));
#4479=CARTESIAN_POINT('',(-20.,101.773,17.5614611753403));
#4480=CARTESIAN_POINT('',(-20.,107.2198,17.5614611753403));
#4481=CARTESIAN_POINT('',(-20.,162.6099,17.5614611753403));
#4482=CARTESIAN_POINT('',(-20.,107.2198,26.527086528047));
#4483=CARTESIAN_POINT('',(-20.,107.2198,23.2635432640235));
#4484=CARTESIAN_POINT('',(-20.,105.9958,28.0164611753403));
#4485=CARTESIAN_POINT('',(-20.,122.475256776219,7.96410404816239));
#4486=CARTESIAN_POINT('',(-20.,102.997,28.0164611753403));
#4487=CARTESIAN_POINT('',(-20.,160.4985,28.0164611753403));
#4488=CARTESIAN_POINT('',(-20.,101.773,26.527086528047));
#4489=CARTESIAN_POINT('',(-20.,115.536624100576,43.2747930560481));
#4490=CARTESIAN_POINT('',(-20.,101.773,18.7807305876701));
#4491=CARTESIAN_POINT('',(-20.,89.278,17.5614611753403));
#4492=CARTESIAN_POINT('',(-20.,94.7248,17.5614611753403));
#4493=CARTESIAN_POINT('',(-20.,156.3624,17.5614611753403));
#4494=CARTESIAN_POINT('',(-20.,94.7248,26.527086528047));
#4495=CARTESIAN_POINT('',(-20.,94.7248,23.2635432640235));
#4496=CARTESIAN_POINT('',(-20.,93.5008,28.0164611753403));
#4497=CARTESIAN_POINT('',(-20.,112.498775294737,4.89954716072764));
#4498=CARTESIAN_POINT('',(-20.,90.502,28.0164611753403));
#4499=CARTESIAN_POINT('',(-20.,154.251,28.0164611753403));
#4500=CARTESIAN_POINT('',(-20.,89.278,26.527086528047));
#4501=CARTESIAN_POINT('',(-20.,105.560142619095,46.3393499434828));
#4502=CARTESIAN_POINT('',(-20.,89.278,18.7807305876701));
#4503=CARTESIAN_POINT('',(-20.,76.783,17.5614611753403));
#4504=CARTESIAN_POINT('',(-20.,82.2298,17.5614611753403));
#4505=CARTESIAN_POINT('',(-20.,150.1149,17.5614611753403));
#4506=CARTESIAN_POINT('',(-20.,82.2298,26.527086528047));
#4507=CARTESIAN_POINT('',(-20.,82.2298,23.2635432640235));
#4508=CARTESIAN_POINT('',(-20.,81.0058,28.0164611753403));
#4509=CARTESIAN_POINT('',(-20.,102.522293813256,1.8349902732929));
#4510=CARTESIAN_POINT('',(-20.,78.007,28.0164611753403));
#4511=CARTESIAN_POINT('',(-20.,148.0035,28.0164611753403));
#4512=CARTESIAN_POINT('',(-20.,76.783,26.527086528047));
#4513=CARTESIAN_POINT('',(-20.,95.5836611376134,49.4039068309176));
#4514=CARTESIAN_POINT('',(-20.,76.783,18.7807305876701));
#4515=CARTESIAN_POINT('',(-20.,64.288,17.5614611753403));
#4516=CARTESIAN_POINT('',(-20.,69.7348,17.5614611753403));
#4517=CARTESIAN_POINT('',(-20.,143.8674,17.5614611753403));
#4518=CARTESIAN_POINT('',(-20.,69.7348,26.527086528047));
#4519=CARTESIAN_POINT('',(-20.,69.7348,23.2635432640235));
#4520=CARTESIAN_POINT('',(-20.,68.5108,28.0164611753403));
#4521=CARTESIAN_POINT('',(-20.,92.5458123317743,-1.22956661414185));
#4522=CARTESIAN_POINT('',(-20.,65.512,28.0164611753403));
#4523=CARTESIAN_POINT('',(-20.,141.756,28.0164611753403));
#4524=CARTESIAN_POINT('',(-20.,64.288,26.527086528047));
#4525=CARTESIAN_POINT('',(-20.,85.607179656132,52.4684637183523));
#4526=CARTESIAN_POINT('',(-20.,64.288,18.7807305876701));
#4527=CARTESIAN_POINT('',(-20.,45.588,17.5614611753403));
#4528=CARTESIAN_POINT('',(-20.,51.0348,17.5614611753403));
#4529=CARTESIAN_POINT('',(-20.,134.5174,17.5614611753403));
#4530=CARTESIAN_POINT('',(-20.,51.0348,26.527086528047));
#4531=CARTESIAN_POINT('',(-20.,51.0348,23.2635432640235));
#4532=CARTESIAN_POINT('',(-20.,49.8108,28.0164611753403));
#4533=CARTESIAN_POINT('',(-20.,77.6150237200333,-5.81597828241153));
#4534=CARTESIAN_POINT('',(-20.,46.812,28.0164611753403));
#4535=CARTESIAN_POINT('',(-20.,132.406,28.0164611753403));
#4536=CARTESIAN_POINT('',(-20.,45.588,26.527086528047));
#4537=CARTESIAN_POINT('',(-20.,70.676391044391,57.054875386622));
#4538=CARTESIAN_POINT('',(-20.,45.588,18.7807305876701));
#4539=CARTESIAN_POINT('',(-20.,8.18800000000003,17.5614611753403));
#4540=CARTESIAN_POINT('',(-20.,13.6348,17.5614611753403));
#4541=CARTESIAN_POINT('',(-20.,115.8174,17.5614611753403));
#4542=CARTESIAN_POINT('',(-20.,13.6348,26.527086528047));
#4543=CARTESIAN_POINT('',(-20.,13.6348,23.2635432640235));
#4544=CARTESIAN_POINT('',(-20.,12.4108,28.0164611753403));
#4545=CARTESIAN_POINT('',(-20.,47.7534464965513,-14.9888016189509));
#4546=CARTESIAN_POINT('',(-20.,9.41200000000001,28.0164611753403));
#4547=CARTESIAN_POINT('',(-20.,113.706,28.0164611753403));
#4548=CARTESIAN_POINT('',(-20.,8.18800000000001,26.527086528047));
#4549=CARTESIAN_POINT('',(-20.,40.814813820909,66.2276987231614));
#4550=CARTESIAN_POINT('',(-20.,8.18800000000003,18.7807305876701));
#4551=CARTESIAN_POINT('',(-20.,139.537792756248,28.0164611753403));
#4552=CARTESIAN_POINT('',(-20.,129.537792756248,28.0164611753403));
#4553=CARTESIAN_POINT('',(-20.,178.768896378124,28.0164611753403));
#4554=CARTESIAN_POINT('',(-20.,129.537792756248,22.2164611753403));
#4555=CARTESIAN_POINT('',(-20.,129.537792756248,24.0082305876702));
#4556=CARTESIAN_POINT('',(-20.,139.537792756248,22.2164611753403));
#4557=CARTESIAN_POINT('',(-20.,173.768896378124,22.2164611753403));
#4558=CARTESIAN_POINT('',(-20.,139.537792756248,21.1082305876701));
#4559=CARTESIAN_POINT('',(-20.,142.537792756248,28.0164611753403));
#4560=CARTESIAN_POINT('',(-20.,142.537792756248,22.2164611753403));
#4561=CARTESIAN_POINT('',(-20.,142.537792756248,24.0082305876702));
#4562=CARTESIAN_POINT('',(-20.,152.537792756248,22.2164611753403));
#4563=CARTESIAN_POINT('',(-20.,180.268896378124,22.2164611753403));
#4564=CARTESIAN_POINT('',(-20.,152.537792756248,28.0164611753403));
#4565=CARTESIAN_POINT('',(-20.,152.537792756248,21.1082305876701));
#4566=CARTESIAN_POINT('',(-20.,185.268896378124,28.0164611753403));
#4567=CARTESIAN_POINT('Origin',(98.,20.,20.));
#4568=CARTESIAN_POINT('',(98.,208.,0.));
#4569=CARTESIAN_POINT('',(98.,20.,0.));
#4570=CARTESIAN_POINT('',(98.,208.,20.));
#4571=CARTESIAN_POINT('',(98.,84.688,26.6310960904523));
#4572=CARTESIAN_POINT('',(98.,100.6,26.6310960904523));
#4573=CARTESIAN_POINT('',(98.,62.344,26.6310960904523));
#4574=CARTESIAN_POINT('',(98.,100.6,18.6240960904523));
#4575=CARTESIAN_POINT('',(98.,100.6,21.3137980452262));
#4576=CARTESIAN_POINT('',(98.,84.688,18.6240960904523));
#4577=CARTESIAN_POINT('',(98.,62.344,18.6240960904523));
#4578=CARTESIAN_POINT('',(98.,84.688,21.3137980452262));
#4579=CARTESIAN_POINT('',(98.,61.568,26.6310960904523));
#4580=CARTESIAN_POINT('',(98.,77.48,26.6310960904523));
#4581=CARTESIAN_POINT('',(98.,50.784,26.6310960904523));
#4582=CARTESIAN_POINT('',(98.,77.48,18.6240960904523));
#4583=CARTESIAN_POINT('',(98.,77.48,21.3137980452262));
#4584=CARTESIAN_POINT('',(98.,61.568,18.6240960904523));
#4585=CARTESIAN_POINT('',(98.,50.784,18.6240960904523));
#4586=CARTESIAN_POINT('',(98.,61.568,21.3137980452262));
#4587=CARTESIAN_POINT('',(98.,38.448,26.6310960904523));
#4588=CARTESIAN_POINT('',(98.,54.36,26.6310960904523));
#4589=CARTESIAN_POINT('',(98.,39.224,26.6310960904523));
#4590=CARTESIAN_POINT('',(98.,54.36,18.6240960904523));
#4591=CARTESIAN_POINT('',(98.,54.36,21.3137980452262));
#4592=CARTESIAN_POINT('',(98.,38.448,18.6240960904523));
#4593=CARTESIAN_POINT('',(98.,39.224,18.6240960904523));
#4594=CARTESIAN_POINT('',(98.,38.448,21.3137980452262));
#4595=CARTESIAN_POINT('',(98.,15.328,26.6310960904523));
#4596=CARTESIAN_POINT('',(98.,31.24,26.6310960904523));
#4597=CARTESIAN_POINT('',(98.,27.664,26.6310960904523));
#4598=CARTESIAN_POINT('',(98.,31.24,18.6240960904523));
#4599=CARTESIAN_POINT('',(98.,31.24,21.3137980452262));
#4600=CARTESIAN_POINT('',(98.,15.328,18.6240960904523));
#4601=CARTESIAN_POINT('',(98.,27.664,18.6240960904523));
#4602=CARTESIAN_POINT('',(98.,15.328,21.3137980452262));
#4603=CARTESIAN_POINT('Origin',(93.,208.,20.));
#4604=CARTESIAN_POINT('',(93.,213.,0.));
#4605=CARTESIAN_POINT('Origin',(93.,208.,0.));
#4606=CARTESIAN_POINT('',(93.,213.,20.));
#4607=CARTESIAN_POINT('Origin',(88.,213.,20.));
#4608=CARTESIAN_POINT('',(88.,213.,0.));
#4609=CARTESIAN_POINT('',(-15.,213.,0.));
#4610=CARTESIAN_POINT('',(88.,213.,0.));
#4611=CARTESIAN_POINT('',(-15.,213.,20.));
#4612=CARTESIAN_POINT('',(88.,213.,0.));
#4613=CARTESIAN_POINT('',(28.0943087804791,213.,23.1069523643861));
#4614=CARTESIAN_POINT('Origin',(31.8797006823542,213.,23.1069523643861));
#4615=CARTESIAN_POINT('Origin',(49.,89.,0.));
#4616=CARTESIAN_POINT('Origin',(-15.,208.,0.));
#4617=CARTESIAN_POINT('',(-5.40197091774772,196.391604670144,0.));
#4618=CARTESIAN_POINT('Origin',(-7.51197091774772,196.391604670144,0.));
#4619=CARTESIAN_POINT('',(81.4899616952639,182.111242010433,0.));
#4620=CARTESIAN_POINT('Origin',(79.3799616952639,182.111242010433,0.));
#4621=CARTESIAN_POINT('',(81.489961695264,134.711242010433,0.));
#4622=CARTESIAN_POINT('Origin',(79.3799616952639,134.711242010433,0.));
#4623=CARTESIAN_POINT('',(41.9980290822522,188.511604670144,0.));
#4624=CARTESIAN_POINT('Origin',(39.8880290822522,188.511604670144,0.));
#4625=CARTESIAN_POINT('',(-5.40197091774772,188.511604670144,0.));
#4626=CARTESIAN_POINT('Origin',(-7.51197091774772,188.511604670144,0.));
#4627=CARTESIAN_POINT('',(89.369961695264,182.111242010433,0.));
#4628=CARTESIAN_POINT('Origin',(87.259961695264,182.111242010433,0.));
#4629=CARTESIAN_POINT('',(89.3699616952639,134.711242010433,0.));
#4630=CARTESIAN_POINT('Origin',(87.2599616952639,134.711242010433,0.));
#4631=CARTESIAN_POINT('',(41.9980290822523,196.391604670144,0.));
#4632=CARTESIAN_POINT('Origin',(39.8880290822523,196.391604670144,0.));
#4633=CARTESIAN_POINT('Origin',(91.,206.,20.));
#4634=CARTESIAN_POINT('',(91.,211.,20.));
#4635=CARTESIAN_POINT('Origin',(-8.,211.,20.));
#4636=CARTESIAN_POINT('',(-13.,211.,20.));
#4637=CARTESIAN_POINT('',(28.0943087804791,211.,23.1069523643861));
#4638=CARTESIAN_POINT('Origin',(31.8797006823542,211.,23.1069523643861));
#4639=CARTESIAN_POINT('Origin',(31.8797006823542,206.,23.1069523643861));
#4640=CARTESIAN_POINT('',(28.0943087804791,206.,23.1069523643861));
#4641=CARTESIAN_POINT('Origin',(39.8880290822523,196.391604670144,2.));
#4642=CARTESIAN_POINT('',(41.9980290822523,196.391604670144,2.));
#4643=CARTESIAN_POINT('Origin',(87.2599616952639,134.711242010433,2.));
#4644=CARTESIAN_POINT('',(89.3699616952639,134.711242010433,2.));
#4645=CARTESIAN_POINT('Origin',(87.259961695264,182.111242010433,2.));
#4646=CARTESIAN_POINT('',(89.369961695264,182.111242010433,2.));
#4647=CARTESIAN_POINT('Origin',(-7.51197091774772,188.511604670144,2.));
#4648=CARTESIAN_POINT('',(-5.40197091774772,188.511604670144,2.));
#4649=CARTESIAN_POINT('Origin',(39.8880290822522,188.511604670144,2.));
#4650=CARTESIAN_POINT('',(41.9980290822522,188.511604670144,2.));
#4651=CARTESIAN_POINT('Origin',(79.3799616952639,134.711242010433,2.));
#4652=CARTESIAN_POINT('',(81.489961695264,134.711242010433,2.));
#4653=CARTESIAN_POINT('Origin',(79.3799616952639,182.111242010433,2.));
#4654=CARTESIAN_POINT('',(81.4899616952639,182.111242010433,2.));
#4655=CARTESIAN_POINT('Origin',(-7.51197091774772,196.391604670144,2.));
#4656=CARTESIAN_POINT('',(-5.40197091774772,196.391604670144,2.));
#4657=CARTESIAN_POINT('Origin',(8.47876024238761,0.,28.0164611753403));
#4658=CARTESIAN_POINT('',(31.8797006823542,0.,28.0164611753403));
#4659=CARTESIAN_POINT('',(8.47876024238761,0.,28.0164611753403));
#4660=CARTESIAN_POINT('Origin',(8.47876024238761,0.,24.5164611753403));
#4661=CARTESIAN_POINT('',(4.97876024238761,0.,24.5164611753403));
#4662=CARTESIAN_POINT('Origin',(4.97876024238761,0.,21.6650120567515));
#4663=CARTESIAN_POINT('',(4.97876024238761,0.,21.6650120567515));
#4664=CARTESIAN_POINT('Origin',(8.47876024238761,0.,21.6650120567515));
#4665=CARTESIAN_POINT('',(8.47876024238761,0.,18.1650120567515));
#4666=CARTESIAN_POINT('Origin',(31.8797006823542,0.,18.1650120567515));
#4667=CARTESIAN_POINT('',(31.8797006823542,0.,18.1650120567515));
#4668=CARTESIAN_POINT('Origin',(31.8797006823542,0.,21.6650120567515));
#4669=CARTESIAN_POINT('',(35.3797006823542,0.,21.6650120567515));
#4670=CARTESIAN_POINT('Origin',(35.3797006823542,0.,24.5164611753403));
#4671=CARTESIAN_POINT('',(35.3797006823542,0.,24.5164611753403));
#4672=CARTESIAN_POINT('Origin',(31.8797006823542,0.,24.5164611753403));
#4673=CARTESIAN_POINT('Origin',(-13.,206.,20.));
#4674=CARTESIAN_POINT('Origin',(-15.,208.,20.));
#4675=CARTESIAN_POINT('Origin',(-10.,164.005367687912,28.0164611753403));
#4676=CARTESIAN_POINT('',(-10.,164.005367687912,19.8164611753403));
#4677=CARTESIAN_POINT('',(-10.,164.005367687912,28.0164611753403));
#4678=CARTESIAN_POINT('Origin',(-10.,178.455367687912,28.0164611753403));
#4679=CARTESIAN_POINT('',(-10.,178.455367687912,28.0164611753403));
#4680=CARTESIAN_POINT('Origin',(-10.,178.455367687912,26.7664611753403));
#4681=CARTESIAN_POINT('',(-10.,179.705367687912,26.7664611753403));
#4682=CARTESIAN_POINT('Origin',(-10.,179.705367687912,21.0664611753403));
#4683=CARTESIAN_POINT('',(-10.,179.705367687912,21.0664611753403));
#4684=CARTESIAN_POINT('Origin',(-10.,178.455367687912,21.0664611753403));
#4685=CARTESIAN_POINT('',(-10.,178.455367687912,19.8164611753403));
#4686=CARTESIAN_POINT('Origin',(-10.,164.005367687912,19.8164611753403));
#4687=CARTESIAN_POINT('Origin',(0.,152.537792756248,22.2164611753403));
#4688=CARTESIAN_POINT('',(0.,152.537792756248,28.0164611753403));
#4689=CARTESIAN_POINT('',(0.,152.537792756248,22.2164611753403));
#4690=CARTESIAN_POINT('Origin',(0.,142.537792756248,22.2164611753403));
#4691=CARTESIAN_POINT('',(0.,142.537792756248,22.2164611753403));
#4692=CARTESIAN_POINT('Origin',(0.,142.537792756248,28.0164611753403));
#4693=CARTESIAN_POINT('',(0.,142.537792756248,28.0164611753403));
#4694=CARTESIAN_POINT('Origin',(0.,152.537792756248,28.0164611753403));
#4695=CARTESIAN_POINT('Origin',(0.,129.537792756248,22.2164611753403));
#4696=CARTESIAN_POINT('',(0.,139.537792756248,22.2164611753403));
#4697=CARTESIAN_POINT('',(0.,129.537792756248,22.2164611753403));
#4698=CARTESIAN_POINT('Origin',(0.,129.537792756248,28.0164611753403));
#4699=CARTESIAN_POINT('',(0.,129.537792756248,28.0164611753403));
#4700=CARTESIAN_POINT('Origin',(0.,139.537792756248,28.0164611753403));
#4701=CARTESIAN_POINT('',(0.,139.537792756248,28.0164611753403));
#4702=CARTESIAN_POINT('Origin',(0.,139.537792756248,22.2164611753403));
#4703=CARTESIAN_POINT('Origin',(2.44148025167959,28.112,28.0164611753403));
#4704=CARTESIAN_POINT('',(2.44148025167959,28.112,28.0164611753403));
#4705=CARTESIAN_POINT('',(2.44148025167959,31.1108,28.0164611753403));
#4706=CARTESIAN_POINT('Origin',(2.44148025167959,31.1108,28.0164611753403));
#4707=CARTESIAN_POINT('',(2.44148025167959,32.3348,26.527086528047));
#4708=CARTESIAN_POINT('Origin',(2.44148025167959,32.3348,26.527086528047));
#4709=CARTESIAN_POINT('',(2.44148025167959,32.3348,17.5614611753403));
#4710=CARTESIAN_POINT('Origin',(2.44148025167959,32.3348,17.5614611753403));
#4711=CARTESIAN_POINT('',(2.44148025167959,26.888,17.5614611753403));
#4712=CARTESIAN_POINT('Origin',(2.44148025167959,26.888,26.527086528047));
#4713=CARTESIAN_POINT('',(2.44148025167959,26.888,26.527086528047));
#4714=CARTESIAN_POINT('Origin',(2.44148025167959,26.888,17.5614611753403));
#4715=CARTESIAN_POINT('Origin',(2.44148025167959,115.492,28.0164611753403));
#4716=CARTESIAN_POINT('',(2.44148025167959,115.492,28.0164611753403));
#4717=CARTESIAN_POINT('',(2.44148025167959,118.4908,28.0164611753403));
#4718=CARTESIAN_POINT('Origin',(2.44148025167959,118.4908,28.0164611753403));
#4719=CARTESIAN_POINT('',(2.44148025167959,119.7148,26.527086528047));
#4720=CARTESIAN_POINT('Origin',(2.44148025167959,119.7148,26.527086528047));
#4721=CARTESIAN_POINT('',(2.44148025167959,119.7148,17.5614611753403));
#4722=CARTESIAN_POINT('Origin',(2.44148025167959,119.7148,17.5614611753403));
#4723=CARTESIAN_POINT('',(2.44148025167959,114.268,17.5614611753403));
#4724=CARTESIAN_POINT('Origin',(2.44148025167959,114.268,26.527086528047));
#4725=CARTESIAN_POINT('',(2.44148025167959,114.268,26.527086528047));
#4726=CARTESIAN_POINT('Origin',(2.44148025167959,114.268,17.5614611753403));
#4727=CARTESIAN_POINT('Origin',(2.44148025167959,102.997,28.0164611753403));
#4728=CARTESIAN_POINT('',(2.44148025167959,102.997,28.0164611753403));
#4729=CARTESIAN_POINT('',(2.44148025167959,105.9958,28.0164611753403));
#4730=CARTESIAN_POINT('Origin',(2.44148025167959,105.9958,28.0164611753403));
#4731=CARTESIAN_POINT('',(2.44148025167959,107.2198,26.527086528047));
#4732=CARTESIAN_POINT('Origin',(2.44148025167959,107.2198,26.527086528047));
#4733=CARTESIAN_POINT('',(2.44148025167959,107.2198,17.5614611753403));
#4734=CARTESIAN_POINT('Origin',(2.44148025167959,107.2198,17.5614611753403));
#4735=CARTESIAN_POINT('',(2.44148025167959,101.773,17.5614611753403));
#4736=CARTESIAN_POINT('Origin',(2.44148025167959,101.773,26.527086528047));
#4737=CARTESIAN_POINT('',(2.44148025167959,101.773,26.527086528047));
#4738=CARTESIAN_POINT('Origin',(2.44148025167959,101.773,17.5614611753403));
#4739=CARTESIAN_POINT('Origin',(2.44148025167959,90.502,28.0164611753403));
#4740=CARTESIAN_POINT('',(2.44148025167959,90.502,28.0164611753403));
#4741=CARTESIAN_POINT('',(2.44148025167959,93.5008,28.0164611753403));
#4742=CARTESIAN_POINT('Origin',(2.44148025167959,93.5008,28.0164611753403));
#4743=CARTESIAN_POINT('',(2.44148025167959,94.7248,26.527086528047));
#4744=CARTESIAN_POINT('Origin',(2.44148025167959,94.7248,26.527086528047));
#4745=CARTESIAN_POINT('',(2.44148025167959,94.7248,17.5614611753403));
#4746=CARTESIAN_POINT('Origin',(2.44148025167959,94.7248,17.5614611753403));
#4747=CARTESIAN_POINT('',(2.44148025167959,89.278,17.5614611753403));
#4748=CARTESIAN_POINT('Origin',(2.44148025167959,89.278,26.527086528047));
#4749=CARTESIAN_POINT('',(2.44148025167959,89.278,26.527086528047));
#4750=CARTESIAN_POINT('Origin',(2.44148025167959,89.278,17.5614611753403));
#4751=CARTESIAN_POINT('Origin',(2.44148025167959,78.007,28.0164611753403));
#4752=CARTESIAN_POINT('',(2.44148025167959,78.007,28.0164611753403));
#4753=CARTESIAN_POINT('',(2.44148025167959,81.0058,28.0164611753403));
#4754=CARTESIAN_POINT('Origin',(2.44148025167959,81.0058,28.0164611753403));
#4755=CARTESIAN_POINT('',(2.44148025167959,82.2298,26.527086528047));
#4756=CARTESIAN_POINT('Origin',(2.44148025167959,82.2298,26.527086528047));
#4757=CARTESIAN_POINT('',(2.44148025167959,82.2298,17.5614611753403));
#4758=CARTESIAN_POINT('Origin',(2.44148025167959,82.2298,17.5614611753403));
#4759=CARTESIAN_POINT('',(2.44148025167959,76.783,17.5614611753403));
#4760=CARTESIAN_POINT('Origin',(2.44148025167959,76.783,26.527086528047));
#4761=CARTESIAN_POINT('',(2.44148025167959,76.783,26.527086528047));
#4762=CARTESIAN_POINT('Origin',(2.44148025167959,76.783,17.5614611753403));
#4763=CARTESIAN_POINT('Origin',(2.44148025167959,65.512,28.0164611753403));
#4764=CARTESIAN_POINT('',(2.44148025167959,65.512,28.0164611753403));
#4765=CARTESIAN_POINT('',(2.44148025167959,68.5108,28.0164611753403));
#4766=CARTESIAN_POINT('Origin',(2.44148025167959,68.5108,28.0164611753403));
#4767=CARTESIAN_POINT('',(2.44148025167959,69.7348,26.527086528047));
#4768=CARTESIAN_POINT('Origin',(2.44148025167959,69.7348,26.527086528047));
#4769=CARTESIAN_POINT('',(2.44148025167959,69.7348,17.5614611753403));
#4770=CARTESIAN_POINT('Origin',(2.44148025167959,69.7348,17.5614611753403));
#4771=CARTESIAN_POINT('',(2.44148025167959,64.288,17.5614611753403));
#4772=CARTESIAN_POINT('Origin',(2.44148025167959,64.288,26.527086528047));
#4773=CARTESIAN_POINT('',(2.44148025167959,64.288,26.527086528047));
#4774=CARTESIAN_POINT('Origin',(2.44148025167959,64.288,17.5614611753403));
#4775=CARTESIAN_POINT('Origin',(2.44148025167959,46.812,28.0164611753403));
#4776=CARTESIAN_POINT('',(2.44148025167959,46.812,28.0164611753403));
#4777=CARTESIAN_POINT('',(2.44148025167959,49.8108,28.0164611753403));
#4778=CARTESIAN_POINT('Origin',(2.44148025167959,49.8108,28.0164611753403));
#4779=CARTESIAN_POINT('',(2.44148025167959,51.0348,26.527086528047));
#4780=CARTESIAN_POINT('Origin',(2.44148025167959,51.0348,26.527086528047));
#4781=CARTESIAN_POINT('',(2.44148025167959,51.0348,17.5614611753403));
#4782=CARTESIAN_POINT('Origin',(2.44148025167959,51.0348,17.5614611753403));
#4783=CARTESIAN_POINT('',(2.44148025167959,45.588,17.5614611753403));
#4784=CARTESIAN_POINT('Origin',(2.44148025167959,45.588,26.527086528047));
#4785=CARTESIAN_POINT('',(2.44148025167959,45.588,26.527086528047));
#4786=CARTESIAN_POINT('Origin',(2.44148025167959,45.588,17.5614611753403));
#4787=CARTESIAN_POINT('Origin',(2.44148025167959,9.41200000000002,28.0164611753403));
#4788=CARTESIAN_POINT('',(2.44148025167959,9.41200000000002,28.0164611753403));
#4789=CARTESIAN_POINT('',(2.44148025167959,12.4108,28.0164611753403));
#4790=CARTESIAN_POINT('Origin',(2.44148025167959,12.4108,28.0164611753403));
#4791=CARTESIAN_POINT('',(2.44148025167959,13.6348,26.527086528047));
#4792=CARTESIAN_POINT('Origin',(2.44148025167959,13.6348,26.527086528047));
#4793=CARTESIAN_POINT('',(2.44148025167959,13.6348,17.5614611753403));
#4794=CARTESIAN_POINT('Origin',(2.44148025167959,13.6348,17.5614611753403));
#4795=CARTESIAN_POINT('',(2.44148025167959,8.18800000000002,17.5614611753403));
#4796=CARTESIAN_POINT('Origin',(2.44148025167959,8.18800000000002,26.527086528047));
#4797=CARTESIAN_POINT('',(2.44148025167959,8.18800000000002,26.527086528047));
#4798=CARTESIAN_POINT('Origin',(2.44148025167959,8.18800000000002,17.5614611753403));
#4799=CARTESIAN_POINT('Origin',(102.286879641067,15.328,18.6240960904523));
#4800=CARTESIAN_POINT('',(76.2768796410674,15.328,18.6240960904523));
#4801=CARTESIAN_POINT('',(76.2768796410674,31.24,18.6240960904523));
#4802=CARTESIAN_POINT('Origin',(89.2818796410673,31.24,22.6275960904523));
#4803=CARTESIAN_POINT('',(102.286879641067,31.24,26.6310960904523));
#4804=CARTESIAN_POINT('Origin',(76.2768796410674,15.328,26.6310960904523));
#4805=CARTESIAN_POINT('',(102.286879641067,15.328,26.6310960904523));
#4806=CARTESIAN_POINT('Origin',(89.2818796410673,15.328,22.6275960904523));
#4807=CARTESIAN_POINT('Origin',(102.286879641067,38.448,18.6240960904523));
#4808=CARTESIAN_POINT('',(76.2768796410674,38.448,18.6240960904523));
#4809=CARTESIAN_POINT('',(76.2768796410674,54.36,18.6240960904523));
#4810=CARTESIAN_POINT('Origin',(89.2818796410673,54.36,22.6275960904523));
#4811=CARTESIAN_POINT('',(102.286879641067,54.36,26.6310960904523));
#4812=CARTESIAN_POINT('Origin',(76.2768796410674,38.448,26.6310960904523));
#4813=CARTESIAN_POINT('',(102.286879641067,38.448,26.6310960904523));
#4814=CARTESIAN_POINT('Origin',(89.2818796410673,38.448,22.6275960904523));
#4815=CARTESIAN_POINT('Origin',(102.286879641067,61.568,18.6240960904523));
#4816=CARTESIAN_POINT('',(76.2768796410674,61.568,18.6240960904523));
#4817=CARTESIAN_POINT('',(76.2768796410674,77.48,18.6240960904523));
#4818=CARTESIAN_POINT('Origin',(89.2818796410673,77.48,22.6275960904523));
#4819=CARTESIAN_POINT('',(102.286879641067,77.48,26.6310960904523));
#4820=CARTESIAN_POINT('Origin',(76.2768796410674,61.568,26.6310960904523));
#4821=CARTESIAN_POINT('',(102.286879641067,61.568,26.6310960904523));
#4822=CARTESIAN_POINT('Origin',(89.2818796410673,61.568,22.6275960904523));
#4823=CARTESIAN_POINT('Origin',(102.286879641067,84.688,18.6240960904523));
#4824=CARTESIAN_POINT('',(76.2768796410674,84.688,18.6240960904523));
#4825=CARTESIAN_POINT('',(76.2768796410674,100.6,18.6240960904523));
#4826=CARTESIAN_POINT('Origin',(89.2818796410673,100.6,22.6275960904523));
#4827=CARTESIAN_POINT('',(102.286879641067,100.6,26.6310960904523));
#4828=CARTESIAN_POINT('Origin',(76.2768796410674,84.688,26.6310960904523));
#4829=CARTESIAN_POINT('',(102.286879641067,84.688,26.6310960904523));
#4830=CARTESIAN_POINT('Origin',(89.2818796410673,84.688,22.6275960904523));
#4831=UNCERTAINTY_MEASURE_WITH_UNIT(LENGTH_MEASURE(0.01),#4835,
'DISTANCE_ACCURACY_VALUE',
'Maximum model space distance between geometric entities at asserted c
onnectivities');
#4832=UNCERTAINTY_MEASURE_WITH_UNIT(LENGTH_MEASURE(0.01),#4835,
'DISTANCE_ACCURACY_VALUE',
'Maximum model space distance between geometric entities at asserted c
onnectivities');
#4833=(
GEOMETRIC_REPRESENTATION_CONTEXT(3)
GLOBAL_UNCERTAINTY_ASSIGNED_CONTEXT((#4831))
GLOBAL_UNIT_ASSIGNED_CONTEXT((#4835,#4837,#4838))
REPRESENTATION_CONTEXT('','3D')
);
#4834=(
GEOMETRIC_REPRESENTATION_CONTEXT(3)
GLOBAL_UNCERTAINTY_ASSIGNED_CONTEXT((#4832))
GLOBAL_UNIT_ASSIGNED_CONTEXT((#4835,#4837,#4838))
REPRESENTATION_CONTEXT('','3D')
);
#4835=(
LENGTH_UNIT()
NAMED_UNIT(*)
SI_UNIT(.MILLI.,.METRE.)
);
#4836=(
LENGTH_UNIT()
NAMED_UNIT(*)
SI_UNIT($,.METRE.)
);
#4837=(
NAMED_UNIT(*)
PLANE_ANGLE_UNIT()
SI_UNIT($,.RADIAN.)
);
#4838=(
NAMED_UNIT(*)
SI_UNIT($,.STERADIAN.)
SOLID_ANGLE_UNIT()
);
#4839=SHAPE_DEFINITION_REPRESENTATION(#4840,#4841);
#4840=PRODUCT_DEFINITION_SHAPE('',$,#4843);
#4841=SHAPE_REPRESENTATION('',(#3007),#4833);
#4842=PRODUCT_DEFINITION_CONTEXT('part definition',#4847,'design');
#4843=PRODUCT_DEFINITION('FusionComponent','FusionComponent',#4844,#4842);
#4844=PRODUCT_DEFINITION_FORMATION('',$,#4849);
#4845=PRODUCT_RELATED_PRODUCT_CATEGORY('FusionComponent',
'FusionComponent',(#4849));
#4846=APPLICATION_PROTOCOL_DEFINITION('international standard',
'automotive_design',2009,#4847);
#4847=APPLICATION_CONTEXT(
'Core Data for Automotive Mechanical Design Process');
#4848=PRODUCT_CONTEXT('part definition',#4847,'mechanical');
#4849=PRODUCT('FusionComponent','FusionComponent',$,(#4848));
#4850=PRESENTATION_STYLE_ASSIGNMENT((#4851));
#4851=SURFACE_STYLE_USAGE(.BOTH.,#4852);
#4852=SURFACE_SIDE_STYLE('',(#4853));
#4853=SURFACE_STYLE_FILL_AREA(#4854);
#4854=FILL_AREA_STYLE('Steel - Satin',(#4855));
#4855=FILL_AREA_STYLE_COLOUR('Steel - Satin',#4856);
#4856=COLOUR_RGB('Steel - Satin',0.627450980392157,0.627450980392157,0.627450980392157);
ENDSEC;
END-ISO-10303-21;
