                                                                        S      1
,,15HFusionComponent,10HBoxtopIGES,7Hunknown,7Hunknown,32,38,7,99,15,,  G      1
1.,2,2HMM,1,0.08,15H20260712.103315,0.01,10000.,7Hunknown,7Hunknown,11, G      2
0,;                                                                     G      3
     186       1                                                00000000D      1
     186           -1219       1       0                               0D      2
     514       2                                                00010000D      3
     514                      10       1                               0D      4
     510      12                                                00010000D      5
     510           -1219       1       1                               0D      6
     510      13                                                00010000D      7
     510           -1219       1       1                               0D      8
     510      14                                                00010000D      9
     510           -1219       1       1                               0D     10
     510      15                                                00010000D     11
     510           -1219       1       1                               0D     12
     510      16                                                00010000D     13
     510           -1219       1       1                               0D     14
     510      17                                                00010000D     15
     510           -1219       1       1                               0D     16
     510      18                                                00010000D     17
     510           -1219       1       1                               0D     18
     510      19                                                00010000D     19
     510           -1219       1       1                               0D     20
     510      20                                                00010000D     21
     510           -1219       1       1                               0D     22
     510      21                                                00010000D     23
     510           -1219       1       1                               0D     24
     510      22                                                00010000D     25
     510           -1219       1       1                               0D     26
     510      23                                                00010000D     27
     510           -1219       1       1                               0D     28
     510      24                                                00010000D     29
     510           -1219       1       1                               0D     30
     510      25                                                00010000D     31
     510           -1219       1       1                               0D     32
     510      26                                                00010000D     33
     510           -1219       1       1                               0D     34
     510      27                                                00010000D     35
     510           -1219       1       1                               0D     36
     510      28                                                00010000D     37
     510           -1219       1       1                               0D     38
     510      29                                                00010000D     39
     510           -1219       1       1                               0D     40
     510      30                                                00010000D     41
     510           -1219       1       1                               0D     42
     510      31                                                00010000D     43
     510           -1219       1       1                               0D     44
     510      32                                                00010000D     45
     510           -1219       1       1                               0D     46
     510      33                                                00010000D     47
     510           -1219       1       1                               0D     48
     510      34                                                00010000D     49
     510           -1219       1       1                               0D     50
     510      35                                                00010000D     51
     510           -1219       1       1                               0D     52
     510      36                                                00010000D     53
     510           -1219       1       1                               0D     54
     510      37                                                00010000D     55
     510           -1219       1       1                               0D     56
     510      38                                                00010000D     57
     510           -1219       1       1                               0D     58
     510      39                                                00010000D     59
     510           -1219       1       1                               0D     60
     510      40                                                00010000D     61
     510           -1219       1       1                               0D     62
     510      41                                                00010000D     63
     510           -1219       1       1                               0D     64
     510      42                                                00010000D     65
     510           -1219       1       1                               0D     66
     510      43                                                00010000D     67
     510           -1219       1       1                               0D     68
     510      44                                                00010000D     69
     510           -1219       1       1                               0D     70
     510      45                                                00010000D     71
     510           -1219       1       1                               0D     72
     510      46                                                00010000D     73
     510           -1219       1       1                               0D     74
     510      47                                                00010000D     75
     510           -1219       1       1                               0D     76
     510      48                                                00010000D     77
     510           -1219       1       1                               0D     78
     510      49                                                00010000D     79
     510           -1219       1       1                               0D     80
     510      50                                                00010000D     81
     510           -1219       1       1                               0D     82
     510      51                                                00010000D     83
     510           -1219       1       1                               0D     84
     510      52                                                00010000D     85
     510           -1219       1       1                               0D     86
     510      53                                                00010000D     87
     510           -1219       1       1                               0D     88
     510      54                                                00010000D     89
     510           -1219       1       1                               0D     90
     510      55                                                00010000D     91
     510           -1219       1       1                               0D     92
     510      56                                                00010000D     93
     510           -1219       1       1                               0D     94
     510      57                                                00010000D     95
     510           -1219       1       1                               0D     96
     510      58                                                00010000D     97
     510           -1219       1       1                               0D     98
     510      59                                                00010000D     99
     510           -1219       1       1                               0D    100
     510      60                                                00010000D    101
     510           -1219       1       1                               0D    102
     510      61                                                00010000D    103
     510           -1219       1       1                               0D    104
     510      62                                                00010000D    105
     510           -1219       1       1                               0D    106
     510      63                                                00010000D    107
     510           -1219       1       1                               0D    108
     510      64                                                00010000D    109
     510           -1219       1       1                               0D    110
     510      65                                                00010000D    111
     510           -1219       2       1                               0D    112
     510      67                                                00010000D    113
     510           -1219       1       1                               0D    114
     510      68                                                00010000D    115
     510           -1219       1       1                               0D    116
     510      69                                                00010000D    117
     510           -1219       1       1                               0D    118
     510      70                                                00010000D    119
     510           -1219       1       1                               0D    120
     510      71                                                00010000D    121
     510           -1219       1       1                               0D    122
     510      72                                                00010000D    123
     510           -1219       1       1                               0D    124
     510      73                                                00010000D    125
     510           -1219       1       1                               0D    126
     510      74                                                00010000D    127
     510           -1219       1       1                               0D    128
     510      75                                                00010000D    129
     510           -1219       1       1                               0D    130
     510      76                                                00010000D    131
     510           -1219       1       1                               0D    132
     510      77                                                00010000D    133
     510           -1219       1       1                               0D    134
     510      78                                                00010000D    135
     510           -1219       1       1                               0D    136
     510      79                                                00010000D    137
     510           -1219       1       1                               0D    138
     510      80                                                00010000D    139
     510           -1219       1       1                               0D    140
     510      81                                                00010000D    141
     510           -1219       1       1                               0D    142
     510      82                                                00010000D    143
     510           -1219       1       1                               0D    144
     510      83                                                00010000D    145
     510           -1219       1       1                               0D    146
     510      84                                                00010000D    147
     510           -1219       1       1                               0D    148
     510      85                                                00010000D    149
     510           -1219       1       1                               0D    150
     510      86                                                00010000D    151
     510           -1219       1       1                               0D    152
     510      87                                                00010000D    153
     510           -1219       1       1                               0D    154
     510      88                                                00010000D    155
     510           -1219       1       1                               0D    156
     510      89                                                00010000D    157
     510           -1219       1       1                               0D    158
     510      90                                                00010000D    159
     510           -1219       1       1                               0D    160
     510      91                                                00010000D    161
     510           -1219       1       1                               0D    162
     510      92                                                00010000D    163
     510           -1219       1       1                               0D    164
     510      93                                                00010000D    165
     510           -1219       1       1                               0D    166
     510      94                                                00010000D    167
     510           -1219       1       1                               0D    168
     510      95                                                00010000D    169
     510           -1219       1       1                               0D    170
     510      96                                                00010000D    171
     510           -1219       1       1                               0D    172
     510      97                                                00010000D    173
     510           -1219       1       1                               0D    174
     510      98                                                00010000D    175
     510           -1219       1       1                               0D    176
     510      99                                                00010000D    177
     510           -1219       1       1                               0D    178
     510     100                                                00010000D    179
     510           -1219       1       1                               0D    180
     510     101                                                00010000D    181
     510           -1219       1       1                               0D    182
     510     102                                                00010000D    183
     510           -1219       1       1                               0D    184
     510     103                                                00010000D    185
     510           -1219       1       1                               0D    186
     510     104                                                00010000D    187
     510           -1219       1       1                               0D    188
     510     105                                                00010000D    189
     510           -1219       1       1                               0D    190
     510     106                                                00010000D    191
     510           -1219       1       1                               0D    192
     510     107                                                00010000D    193
     510           -1219       1       1                               0D    194
     510     108                                                00010000D    195
     510           -1219       1       1                               0D    196
     510     109                                                00010000D    197
     510           -1219       1       1                               0D    198
     510     110                                                00010000D    199
     510           -1219       1       1                               0D    200
     510     111                                                00010000D    201
     510           -1219       1       1                               0D    202
     510     112                                                00010000D    203
     510           -1219       1       1                               0D    204
     510     113                                                00010000D    205
     510           -1219       1       1                               0D    206
     510     114                                                00010000D    207
     510           -1219       1       1                               0D    208
     508     115                                                00010000D    209
     508                       1       1                               0D    210
     508     116                                                00010000D    211
     508                       1       1                               0D    212
     508     117                                                00010000D    213
     508                       2       1                               0D    214
     508     119                                                00010000D    215
     508                       1       1                               0D    216
     508     120                                                00010000D    217
     508                       2       1                               0D    218
     508     122                                                00010000D    219
     508                       2       1                               0D    220
     508     124                                                00010000D    221
     508                       2       1                               0D    222
     508     126                                                00010000D    223
     508                       2       1                               0D    224
     508     128                                                00010000D    225
     508                       2       1                               0D    226
     508     130                                                00010000D    227
     508                       2       1                               0D    228
     508     132                                                00010000D    229
     508                       1       1                               0D    230
     508     133                                                00010000D    231
     508                       1       1                               0D    232
     508     134                                                00010000D    233
     508                       1       1                               0D    234
     508     135                                                00010000D    235
     508                       1       1                               0D    236
     508     136                                                00010000D    237
     508                       1       1                               0D    238
     508     137                                                00010000D    239
     508                       1       1                               0D    240
     508     138                                                00010000D    241
     508                       1       1                               0D    242
     508     139                                                00010000D    243
     508                       1       1                               0D    244
     508     140                                                00010000D    245
     508                       1       1                               0D    246
     508     141                                                00010000D    247
     508                       1       1                               0D    248
     508     142                                                00010000D    249
     508                       1       1                               0D    250
     508     143                                                00010000D    251
     508                       1       1                               0D    252
     508     144                                                00010000D    253
     508                       1       1                               0D    254
     508     145                                                00010000D    255
     508                       1       1                               0D    256
     508     146                                                00010000D    257
     508                       1       1                               0D    258
     508     147                                                00010000D    259
     508                       1       1                               0D    260
     508     148                                                00010000D    261
     508                       2       1                               0D    262
     508     150                                                00010000D    263
     508                       2       1                               0D    264
     508     152                                                00010000D    265
     508                       2       1                               0D    266
     508     154                                                00010000D    267
     508                       2       1                               0D    268
     508     156                                                00010000D    269
     508                       2       1                               0D    270
     508     158                                                00010000D    271
     508                       2       1                               0D    272
     508     160                                                00010000D    273
     508                       2       1                               0D    274
     508     162                                                00010000D    275
     508                       2       1                               0D    276
     508     164                                                00010000D    277
     508                       2       1                               0D    278
     508     166                                                00010000D    279
     508                       2       1                               0D    280
     508     168                                                00010000D    281
     508                       2       1                               0D    282
     508     170                                                00010000D    283
     508                       2       1                               0D    284
     508     172                                                00010000D    285
     508                       2       1                               0D    286
     508     174                                                00010000D    287
     508                       2       1                               0D    288
     508     176                                                00010000D    289
     508                       2       1                               0D    290
     508     178                                                00010000D    291
     508                       2       1                               0D    292
     508     180                                                00010000D    293
     508                       2       1                               0D    294
     508     182                                                00010000D    295
     508                       2       1                               0D    296
     508     184                                                00010000D    297
     508                       2       1                               0D    298
     508     186                                                00010000D    299
     508                       2       1                               0D    300
     508     188                                                00010000D    301
     508                       2       1                               0D    302
     508     190                                                00010000D    303
     508                       2       1                               0D    304
     508     192                                                00010000D    305
     508                       2       1                               0D    306
     508     194                                                00010000D    307
     508                       2       1                               0D    308
     508     196                                                00010000D    309
     508                       2       1                               0D    310
     508     198                                                00010000D    311
     508                       2       1                               0D    312
     508     200                                                00010000D    313
     508                       2       1                               0D    314
     508     202                                                00010000D    315
     508                       2       1                               0D    316
     508     204                                                00010000D    317
     508                       2       1                               0D    318
     508     206                                                00010000D    319
     508                       2       1                               0D    320
     508     208                                                00010000D    321
     508                       2       1                               0D    322
     508     210                                                00010000D    323
     508                       2       1                               0D    324
     508     212                                                00010000D    325
     508                       2       1                               0D    326
     508     214                                                00010000D    327
     508                       2       1                               0D    328
     508     216                                                00010000D    329
     508                       2       1                               0D    330
     508     218                                                00010000D    331
     508                       1       1                               0D    332
     508     219                                                00010000D    333
     508                       2       1                               0D    334
     508     221                                                00010000D    335
     508                       2       1                               0D    336
     508     223                                                00010000D    337
     508                       2       1                               0D    338
     508     225                                                00010000D    339
     508                       2       1                               0D    340
     508     227                                                00010000D    341
     508                       2       1                               0D    342
     508     229                                                00010000D    343
     508                       2       1                               0D    344
     508     231                                                00010000D    345
     508                       2       1                               0D    346
     508     233                                                00010000D    347
     508                       2       1                               0D    348
     508     235                                                00010000D    349
     508                       2       1                               0D    350
     508     237                                                00010000D    351
     508                       2       1                               0D    352
     508     239                                                00010000D    353
     508                       2       1                               0D    354
     508     241                                                00010000D    355
     508                       2       1                               0D    356
     508     243                                                00010000D    357
     508                       2       1                               0D    358
     508     245                                                00010000D    359
     508                       1       1                               0D    360
     508     246                                                00010000D    361
     508                       2       1                               0D    362
     508     248                                                00010000D    363
     508                       2       1                               0D    364
     508     250                                                00010000D    365
     508                       2       1                               0D    366
     508     252                                                00010000D    367
     508                       2       1                               0D    368
     508     254                                                00010000D    369
     508                       2       1                               0D    370
     508     256                                                00010000D    371
     508                       2       1                               0D    372
     508     258                                                00010000D    373
     508                       2       1                               0D    374
     508     260                                                00010000D    375
     508                       2       1                               0D    376
     508     262                                                00010000D    377
     508                       2       1                               0D    378
     508     264                                                00010000D    379
     508                       2       1                               0D    380
     508     266                                                00010000D    381
     508                       2       1                               0D    382
     508     268                                                00010000D    383
     508                       2       1                               0D    384
     508     270                                                00010000D    385
     508                       2       1                               0D    386
     508     272                                                00010000D    387
     508                       2       1                               0D    388
     508     274                                                00010000D    389
     508                       2       1                               0D    390
     508     276                                                00010000D    391
     508                       2       1                               0D    392
     508     278                                                00010000D    393
     508                       2       1                               0D    394
     508     280                                                00010000D    395
     508                       2       1                               0D    396
     508     282                                                00010000D    397
     508                       2       1                               0D    398
     508     284                                                00010000D    399
     508                       2       1                               0D    400
     508     286                                                00010000D    401
     508                       2       1                               0D    402
     508     288                                                00010000D    403
     508                       2       1                               0D    404
     508     290                                                00010000D    405
     508                       2       1                               0D    406
     508     292                                                00010000D    407
     508                       2       1                               0D    408
     508     294                                                00010000D    409
     508                       2       1                               0D    410
     508     296                                                00010000D    411
     508                       2       1                               0D    412
     508     298                                                00010000D    413
     508                       2       1                               0D    414
     508     300                                                00010000D    415
     508                       2       1                               0D    416
     508     302                                                00010000D    417
     508                       2       1                               0D    418
     508     304                                                00010000D    419
     508                       2       1                               0D    420
     508     306                                                00010000D    421
     508                       2       1                               0D    422
     508     308                                                00010000D    423
     508                       2       1                               0D    424
     508     310                                                00010000D    425
     508                       2       1                               0D    426
     508     312                                                00010000D    427
     508                       2       1                               0D    428
     508     314                                                00010000D    429
     508                       2       1                               0D    430
     508     316                                                00010000D    431
     508                       2       1                               0D    432
     508     318                                                00010000D    433
     508                       2       1                               0D    434
     508     320                                                00010000D    435
     508                       2       1                               0D    436
     508     322                                                00010000D    437
     508                       2       1                               0D    438
     508     324                                                00010000D    439
     508                       2       1                               0D    440
     508     326                                                00010000D    441
     508                       2       1                               0D    442
     508     328                                                00010000D    443
     508                       2       1                               0D    444
     508     330                                                00010000D    445
     508                       2       1                               0D    446
     508     332                                                00010000D    447
     508                       2       1                               0D    448
     508     334                                                00010000D    449
     508                       2       1                               0D    450
     508     336                                                00010000D    451
     508                       2       1                               0D    452
     508     338                                                00010000D    453
     508                       2       1                               0D    454
     508     340                                                00010000D    455
     508                       2       1                               0D    456
     126     342                                                00010000D    457
     126       0               7       0                               0D    458
     126     349                                                00010000D    459
     126       0               4       0                               0D    460
     126     353                                                00010000D    461
     126       0               7       0                               0D    462
     126     360                                                00010000D    463
     126       0               5       0                               0D    464
     126     365                                                00010000D    465
     126       0               4       0                               0D    466
     126     369                                                00010000D    467
     126       0               5       0                               0D    468
     126     374                                                00010000D    469
     126       0               4       0                               0D    470
     126     378                                                00010000D    471
     126       0               4       0                               0D    472
     126     382                                                00010000D    473
     126       0               7       0                               0D    474
     126     389                                                00010000D    475
     126       0               4       0                               0D    476
     126     393                                                00010000D    477
     126       0               7       0                               0D    478
     126     400                                                00010000D    479
     126       0               4       0                               0D    480
     126     404                                                00010000D    481
     126       0               7       0                               0D    482
     126     411                                                00010000D    483
     126       0               5       0                               0D    484
     126     416                                                00010000D    485
     126       0               5       0                               0D    486
     126     421                                                00010000D    487
     126       0               5       0                               0D    488
     126     426                                                00010000D    489
     126       0               5       0                               0D    490
     126     431                                                00010000D    491
     126       0               5       0                               0D    492
     126     436                                                00010000D    493
     126       0               6       0                               0D    494
     126     442                                                00010000D    495
     126       0               5       0                               0D    496
     126     447                                                00010000D    497
     126       0               6       0                               0D    498
     126     453                                                00010000D    499
     126       0               5       0                               0D    500
     126     458                                                00010000D    501
     126       0               9       0                               0D    502
     126     467                                                00010000D    503
     126       0               5       0                               0D    504
     126     472                                                00010000D    505
     126       0               6       0                               0D    506
     126     478                                                00010000D    507
     126       0               5       0                               0D    508
     126     483                                                00010000D    509
     126       0               8       0                               0D    510
     126     491                                                00010000D    511
     126       0               5       0                               0D    512
     126     496                                                00010000D    513
     126       0               6       0                               0D    514
     126     502                                                00010000D    515
     126       0               5       0                               0D    516
     126     507                                                00010000D    517
     126       0               6       0                               0D    518
     126     513                                                00010000D    519
     126       0               5       0                               0D    520
     126     518                                                00010000D    521
     126       0               6       0                               0D    522
     126     524                                                00010000D    523
     126       0               5       0                               0D    524
     126     529                                                00010000D    525
     126       0               6       0                               0D    526
     126     535                                                00010000D    527
     126       0               5       0                               0D    528
     126     540                                                00010000D    529
     126       0               9       0                               0D    530
     126     549                                                00010000D    531
     126       0               5       0                               0D    532
     126     554                                                00010000D    533
     126       0               6       0                               0D    534
     126     560                                                00010000D    535
     126       0               5       0                               0D    536
     126     565                                                00010000D    537
     126       0               6       0                               0D    538
     126     571                                                00010000D    539
     126       0               5       0                               0D    540
     126     576                                                00010000D    541
     126       0               6       0                               0D    542
     126     582                                                00010000D    543
     126       0               5       0                               0D    544
     126     587                                                00010000D    545
     126       0               9       0                               0D    546
     126     596                                                00010000D    547
     126       0               5       0                               0D    548
     126     601                                                00010000D    549
     126       0               6       0                               0D    550
     126     607                                                00010000D    551
     126       0               5       0                               0D    552
     126     612                                                00010000D    553
     126       0               6       0                               0D    554
     126     618                                                00010000D    555
     126       0               5       0                               0D    556
     126     623                                                00010000D    557
     126       0               6       0                               0D    558
     126     629                                                00010000D    559
     126       0               5       0                               0D    560
     126     634                                                00010000D    561
     126       0               9       0                               0D    562
     126     643                                                00010000D    563
     126       0               5       0                               0D    564
     126     648                                                00010000D    565
     126       0               6       0                               0D    566
     126     654                                                00010000D    567
     126       0               5       0                               0D    568
     126     659                                                00010000D    569
     126       0               6       0                               0D    570
     126     665                                                00010000D    571
     126       0               5       0                               0D    572
     126     670                                                00010000D    573
     126       0               6       0                               0D    574
     126     676                                                00010000D    575
     126       0               5       0                               0D    576
     126     681                                                00010000D    577
     126       0               9       0                               0D    578
     126     690                                                00010000D    579
     126       0               5       0                               0D    580
     126     695                                                00010000D    581
     126       0               6       0                               0D    582
     126     701                                                00010000D    583
     126       0               5       0                               0D    584
     126     706                                                00010000D    585
     126       0               6       0                               0D    586
     126     712                                                00010000D    587
     126       0               7       0                               0D    588
     126     719                                                00010000D    589
     126       0               3       0                               0D    590
     126     722                                                00010000D    591
     126       0               3       0                               0D    592
     126     725                                                00010000D    593
     126       0               4       0                               0D    594
     126     729                                                00010000D    595
     126       0               5       0                               0D    596
     126     734                                                00010000D    597
     126       0               4       0                               0D    598
     126     738                                                00010000D    599
     126       0               7       0                               0D    600
     126     745                                                00010000D    601
     126       0               5       0                               0D    602
     126     750                                                00010000D    603
     126       0               4       0                               0D    604
     126     754                                                00010000D    605
     126       0               5       0                               0D    606
     126     759                                                00010000D    607
     126       0               7       0                               0D    608
     126     766                                                00010000D    609
     126       0               3       0                               0D    610
     126     769                                                00010000D    611
     126       0               3       0                               0D    612
     126     772                                                00010000D    613
     126       0               4       0                               0D    614
     126     776                                                00010000D    615
     126       0               3       0                               0D    616
     126     779                                                00010000D    617
     126       0               4       0                               0D    618
     126     783                                                00010000D    619
     126       0               4       0                               0D    620
     126     787                                                00010000D    621
     126       0               3       0                               0D    622
     126     790                                                00010000D    623
     126       0               3       0                               0D    624
     126     793                                                00010000D    625
     126       0               4       0                               0D    626
     126     797                                                00010000D    627
     126       0               3       0                               0D    628
     126     800                                                00010000D    629
     126       0               3       0                               0D    630
     126     803                                                00010000D    631
     126       0               4       0                               0D    632
     126     807                                                00010000D    633
     126       0               4       0                               0D    634
     126     811                                                00010000D    635
     126       0               5       0                               0D    636
     126     816                                                00010000D    637
     126       0               3       0                               0D    638
     126     819                                                00010000D    639
     126       0               5       0                               0D    640
     126     824                                                00010000D    641
     126       0               3       0                               0D    642
     126     827                                                00010000D    643
     126       0               4       0                               0D    644
     126     831                                                00010000D    645
     126       0               5       0                               0D    646
     126     836                                                00010000D    647
     126       0               3       0                               0D    648
     126     839                                                00010000D    649
     126       0               3       0                               0D    650
     126     842                                                00010000D    651
     126       0               5       0                               0D    652
     126     847                                                00010000D    653
     126       0               3       0                               0D    654
     126     850                                                00010000D    655
     126       0               4       0                               0D    656
     126     854                                                00010000D    657
     126       0               4       0                               0D    658
     126     858                                                00010000D    659
     126       0               5       0                               0D    660
     126     863                                                00010000D    661
     126       0               4       0                               0D    662
     126     867                                                00010000D    663
     126       0               5       0                               0D    664
     126     872                                                00010000D    665
     126       0               3       0                               0D    666
     126     875                                                00010000D    667
     126       0               4       0                               0D    668
     126     879                                                00010000D    669
     126       0               5       0                               0D    670
     126     884                                                00010000D    671
     126       0               4       0                               0D    672
     126     888                                                00010000D    673
     126       0               4       0                               0D    674
     126     892                                                00010000D    675
     126       0               5       0                               0D    676
     126     897                                                00010000D    677
     126       0               3       0                               0D    678
     126     900                                                00010000D    679
     126       0               4       0                               0D    680
     126     904                                                00010000D    681
     126       0               3       0                               0D    682
     126     907                                                00010000D    683
     126       0               5       0                               0D    684
     126     912                                                00010000D    685
     126       0               4       0                               0D    686
     126     916                                                00010000D    687
     126       0               5       0                               0D    688
     126     921                                                00010000D    689
     126       0               4       0                               0D    690
     126     925                                                00010000D    691
     126       0               3       0                               0D    692
     126     928                                                00010000D    693
     126       0               5       0                               0D    694
     126     933                                                00010000D    695
     126       0               3       0                               0D    696
     126     936                                                00010000D    697
     126       0               4       0                               0D    698
     126     940                                                00010000D    699
     126       0               5       0                               0D    700
     126     945                                                00010000D    701
     126       0               3       0                               0D    702
     126     948                                                00010000D    703
     126       0               3       0                               0D    704
     126     951                                                00010000D    705
     126       0               3       0                               0D    706
     126     954                                                00010000D    707
     126       0               3       0                               0D    708
     126     957                                                00010000D    709
     126       0               3       0                               0D    710
     126     960                                                00010000D    711
     126       0               3       0                               0D    712
     126     963                                                00010000D    713
     126       0               4       0                               0D    714
     126     967                                                00010000D    715
     126       0               4       0                               0D    716
     126     971                                                00010000D    717
     126       0               3       0                               0D    718
     126     974                                                00010000D    719
     126       0               3       0                               0D    720
     126     977                                                00010000D    721
     126       0               3       0                               0D    722
     126     980                                                00010000D    723
     126       0               3       0                               0D    724
     126     983                                                00010000D    725
     126       0               3       0                               0D    726
     126     986                                                00010000D    727
     126       0               4       0                               0D    728
     126     990                                                00010000D    729
     126       0               3       0                               0D    730
     126     993                                                00010000D    731
     126       0               5       0                               0D    732
     126     998                                                00010000D    733
     126       0               4       0                               0D    734
     126    1002                                                00010000D    735
     126       0               5       0                               0D    736
     126    1007                                                00010000D    737
     126       0               3       0                               0D    738
     126    1010                                                00010000D    739
     126       0               4       0                               0D    740
     126    1014                                                00010000D    741
     126       0               5       0                               0D    742
     126    1019                                                00010000D    743
     126       0               3       0                               0D    744
     126    1022                                                00010000D    745
     126       0               4       0                               0D    746
     126    1026                                                00010000D    747
     126       0               5       0                               0D    748
     126    1031                                                00010000D    749
     126       0               4       0                               0D    750
     126    1035                                                00010000D    751
     126       0               4       0                               0D    752
     126    1039                                                00010000D    753
     126       0               4       0                               0D    754
     126    1043                                                00010000D    755
     126       0               3       0                               0D    756
     126    1046                                                00010000D    757
     126       0               4       0                               0D    758
     126    1050                                                00010000D    759
     126       0               3       0                               0D    760
     126    1053                                                00010000D    761
     126       0               3       0                               0D    762
     126    1056                                                00010000D    763
     126       0               3       0                               0D    764
     126    1059                                                00010000D    765
     126       0               3       0                               0D    766
     126    1062                                                00010000D    767
     126       0               3       0                               0D    768
     126    1065                                                00010000D    769
     126       0               4       0                               0D    770
     126    1069                                                00010000D    771
     126       0               3       0                               0D    772
     126    1072                                                00010000D    773
     126       0               3       0                               0D    774
     126    1075                                                00010000D    775
     126       0               3       0                               0D    776
     126    1078                                                00010000D    777
     126       0               4       0                               0D    778
     126    1082                                                00010000D    779
     126       0               3       0                               0D    780
     126    1085                                                00010000D    781
     126       0               4       0                               0D    782
     126    1089                                                00010000D    783
     126       0               3       0                               0D    784
     126    1092                                                00010000D    785
     126       0               3       0                               0D    786
     126    1095                                                00010000D    787
     126       0               4       0                               0D    788
     126    1099                                                00010000D    789
     126       0               3       0                               0D    790
     126    1102                                                00010000D    791
     126       0               3       0                               0D    792
     126    1105                                                00010000D    793
     126       0               4       0                               0D    794
     126    1109                                                00010000D    795
     126       0               3       0                               0D    796
     126    1112                                                00010000D    797
     126       0               3       0                               0D    798
     126    1115                                                00010000D    799
     126       0               4       0                               0D    800
     126    1119                                                00010000D    801
     126       0               5       0                               0D    802
     126    1124                                                00010000D    803
     126       0               5       0                               0D    804
     126    1129                                                00010000D    805
     126       0               5       0                               0D    806
     126    1134                                                00010000D    807
     126       0               5       0                               0D    808
     126    1139                                                00010000D    809
     126       0               5       0                               0D    810
     126    1144                                                00010000D    811
     126       0               5       0                               0D    812
     126    1149                                                00010000D    813
     126       0               5       0                               0D    814
     126    1154                                                00010000D    815
     126       0               5       0                               0D    816
     126    1159                                                00010000D    817
     126       0               5       0                               0D    818
     126    1164                                                00010000D    819
     126       0               5       0                               0D    820
     126    1169                                                00010000D    821
     126       0               5       0                               0D    822
     126    1174                                                00010000D    823
     126       0               5       0                               0D    824
     126    1179                                                00010000D    825
     126       0               5       0                               0D    826
     126    1184                                                00010000D    827
     126       0               5       0                               0D    828
     126    1189                                                00010000D    829
     126       0               5       0                               0D    830
     126    1194                                                00010000D    831
     126       0               8       0                               0D    832
     126    1202                                                00010000D    833
     126       0               5       0                               0D    834
     126    1207                                                00010000D    835
     126       0               5       0                               0D    836
     126    1212                                                00010000D    837
     126       0               5       0                               0D    838
     126    1217                                                00010000D    839
     126       0               8       0                               0D    840
     126    1225                                                00010000D    841
     126       0               5       0                               0D    842
     126    1230                                                00010000D    843
     126       0               5       0                               0D    844
     126    1235                                                00010000D    845
     126       0               5       0                               0D    846
     126    1240                                                00010000D    847
     126       0               5       0                               0D    848
     126    1245                                                00010000D    849
     126       0               5       0                               0D    850
     126    1250                                                00010000D    851
     126       0               5       0                               0D    852
     126    1255                                                00010000D    853
     126       0               5       0                               0D    854
     126    1260                                                00010000D    855
     126       0               5       0                               0D    856
     126    1265                                                00010000D    857
     126       0               5       0                               0D    858
     126    1270                                                00010000D    859
     126       0               8       0                               0D    860
     126    1278                                                00010000D    861
     126       0               5       0                               0D    862
     126    1283                                                00010000D    863
     126       0               5       0                               0D    864
     126    1288                                                00010000D    865
     126       0               5       0                               0D    866
     126    1293                                                00010000D    867
     126       0               5       0                               0D    868
     126    1298                                                00010000D    869
     126       0               5       0                               0D    870
     126    1303                                                00010000D    871
     126       0               5       0                               0D    872
     126    1308                                                00010000D    873
     126       0               5       0                               0D    874
     126    1313                                                00010000D    875
     126       0               8       0                               0D    876
     126    1321                                                00010000D    877
     126       0               5       0                               0D    878
     126    1326                                                00010000D    879
     126       0               5       0                               0D    880
     126    1331                                                00010000D    881
     126       0               5       0                               0D    882
     126    1336                                                00010000D    883
     126       0               5       0                               0D    884
     126    1341                                                00010000D    885
     126       0               5       0                               0D    886
     126    1346                                                00010000D    887
     126       0               5       0                               0D    888
     126    1351                                                00010000D    889
     126       0               5       0                               0D    890
     126    1356                                                00010000D    891
     126       0               8       0                               0D    892
     126    1364                                                00010000D    893
     126       0               5       0                               0D    894
     126    1369                                                00010000D    895
     126       0               5       0                               0D    896
     126    1374                                                00010000D    897
     126       0               5       0                               0D    898
     126    1379                                                00010000D    899
     126       0               5       0                               0D    900
     126    1384                                                00010000D    901
     126       0               5       0                               0D    902
     126    1389                                                00010000D    903
     126       0               5       0                               0D    904
     126    1394                                                00010000D    905
     126       0               5       0                               0D    906
     126    1399                                                00010000D    907
     126       0               8       0                               0D    908
     126    1407                                                00010000D    909
     126       0               5       0                               0D    910
     126    1412                                                00010000D    911
     126       0               5       0                               0D    912
     126    1417                                                00010000D    913
     126       0               3       0                               0D    914
     126    1420                                                00010000D    915
     126       0               3       0                               0D    916
     126    1423                                                00010000D    917
     126       0               3       0                               0D    918
     126    1426                                                00010000D    919
     126       0               3       0                               0D    920
     126    1429                                                00010000D    921
     126       0               3       0                               0D    922
     126    1432                                                00010000D    923
     126       0               3       0                               0D    924
     126    1435                                                00010000D    925
     126       0               3       0                               0D    926
     126    1438                                                00010000D    927
     126       0               3       0                               0D    928
     126    1441                                                00010000D    929
     126       0               3       0                               0D    930
     126    1444                                                00010000D    931
     126       0               3       0                               0D    932
     126    1447                                                00010000D    933
     126       0               3       0                               0D    934
     126    1450                                                00010000D    935
     126       0               3       0                               0D    936
     126    1453                                                00010000D    937
     126       0               3       0                               0D    938
     126    1456                                                00010000D    939
     126       0               3       0                               0D    940
     126    1459                                                00010000D    941
     126       0               3       0                               0D    942
     126    1462                                                00010000D    943
     126       0               3       0                               0D    944
     126    1465                                                00010000D    945
     126       0               3       0                               0D    946
     126    1468                                                00010000D    947
     126       0               3       0                               0D    948
     126    1471                                                00010000D    949
     126       0               3       0                               0D    950
     126    1474                                                00010000D    951
     126       0               3       0                               0D    952
     126    1477                                                00010000D    953
     126       0               3       0                               0D    954
     126    1480                                                00010000D    955
     126       0               3       0                               0D    956
     126    1483                                                00010000D    957
     126       0               3       0                               0D    958
     126    1486                                                00010000D    959
     126       0               3       0                               0D    960
     126    1489                                                00010000D    961
     126       0               3       0                               0D    962
     126    1492                                                00010000D    963
     126       0               3       0                               0D    964
     126    1495                                                00010000D    965
     126       0               3       0                               0D    966
     126    1498                                                00010000D    967
     126       0               3       0                               0D    968
     126    1501                                                00010000D    969
     126       0               3       0                               0D    970
     126    1504                                                00010000D    971
     126       0               3       0                               0D    972
     126    1507                                                00010000D    973
     126       0               3       0                               0D    974
     126    1510                                                00010000D    975
     126       0               3       0                               0D    976
     126    1513                                                00010000D    977
     126       0               3       0                               0D    978
     126    1516                                                00010000D    979
     126       0               3       0                               0D    980
     126    1519                                                00010000D    981
     126       0               3       0                               0D    982
     126    1522                                                00010000D    983
     126       0               3       0                               0D    984
     126    1525                                                00010000D    985
     126       0               3       0                               0D    986
     126    1528                                                00010000D    987
     126       0               3       0                               0D    988
     126    1531                                                00010000D    989
     126       0               3       0                               0D    990
     126    1534                                                00010000D    991
     126       0               3       0                               0D    992
     126    1537                                                00010000D    993
     126       0               3       0                               0D    994
     126    1540                                                00010000D    995
     126       0               3       0                               0D    996
     126    1543                                                00010000D    997
     126       0               3       0                               0D    998
     126    1546                                                00010000D    999
     126       0               3       0                               0D   1000
     126    1549                                                00010000D   1001
     126       0               3       0                               0D   1002
     126    1552                                                00010000D   1003
     126       0               3       0                               0D   1004
     126    1555                                                00010000D   1005
     126       0               3       0                               0D   1006
     126    1558                                                00010000D   1007
     126       0               3       0                               0D   1008
     128    1561                                                00010000D   1009
     128       0   -1219      12       0                               0D   1010
     128    1573                                                00010000D   1011
     128       0   -1219       8       0                               0D   1012
     128    1581                                                00010000D   1013
     128       0   -1219       6       0                               0D   1014
     128    1587                                                00010000D   1015
     128       0   -1219      10       0                               0D   1016
     128    1597                                                00010000D   1017
     128       0   -1219       8       0                               0D   1018
     128    1605                                                00010000D   1019
     128       0   -1219       7       0                               0D   1020
     128    1612                                                00010000D   1021
     128       0   -1219      12       0                               0D   1022
     128    1624                                                00010000D   1023
     128       0   -1219       8       0                               0D   1024
     128    1632                                                00010000D   1025
     128       0   -1219      12       0                               0D   1026
     128    1644                                                00010000D   1027
     128       0   -1219       7       0                               0D   1028
     128    1651                                                00010000D   1029
     128       0   -1219       7       0                               0D   1030
     128    1658                                                00010000D   1031
     128       0   -1219       6       0                               0D   1032
     128    1664                                                00010000D   1033
     128       0   -1219       6       0                               0D   1034
     128    1670                                                00010000D   1035
     128       0   -1219       7       0                               0D   1036
     128    1677                                                00010000D   1037
     128       0   -1219       7       0                               0D   1038
     128    1684                                                00010000D   1039
     128       0   -1219       7       0                               0D   1040
     128    1691                                                00010000D   1041
     128       0   -1219       7       0                               0D   1042
     128    1698                                                00010000D   1043
     128       0   -1219       7       0                               0D   1044
     128    1705                                                00010000D   1045
     128       0   -1219       8       0                               0D   1046
     128    1713                                                00010000D   1047
     128       0   -1219       7       0                               0D   1048
     128    1720                                                00010000D   1049
     128       0   -1219       8       0                               0D   1050
     128    1728                                                00010000D   1051
     128       0   -1219       7       0                               0D   1052
     128    1735                                                00010000D   1053
     128       0   -1219       8       0                               0D   1054
     128    1743                                                00010000D   1055
     128       0   -1219       8       0                               0D   1056
     128    1751                                                00010000D   1057
     128       0   -1219       7       0                               0D   1058
     128    1758                                                00010000D   1059
     128       0   -1219       7       0                               0D   1060
     128    1765                                                00010000D   1061
     128       0   -1219       7       0                               0D   1062
     128    1772                                                00010000D   1063
     128       0   -1219       7       0                               0D   1064
     128    1779                                                00010000D   1065
     128       0   -1219       7       0                               0D   1066
     128    1786                                                00010000D   1067
     128       0   -1219       6       0                               0D   1068
     128    1792                                                00010000D   1069
     128       0   -1219       7       0                               0D   1070
     128    1799                                                00010000D   1071
     128       0   -1219       7       0                               0D   1072
     128    1806                                                00010000D   1073
     128       0   -1219       7       0                               0D   1074
     128    1813                                                00010000D   1075
     128       0   -1219       7       0                               0D   1076
     128    1820                                                00010000D   1077
     128       0   -1219       8       0                               0D   1078
     128    1828                                                00010000D   1079
     128       0   -1219       7       0                               0D   1080
     128    1835                                                00010000D   1081
     128       0   -1219       8       0                               0D   1082
     128    1843                                                00010000D   1083
     128       0   -1219       7       0                               0D   1084
     128    1850                                                00010000D   1085
     128       0   -1219       8       0                               0D   1086
     128    1858                                                00010000D   1087
     128       0   -1219       7       0                               0D   1088
     128    1865                                                00010000D   1089
     128       0   -1219       6       0                               0D   1090
     128    1871                                                00010000D   1091
     128       0   -1219       7       0                               0D   1092
     128    1878                                                00010000D   1093
     128       0   -1219       6       0                               0D   1094
     128    1884                                                00010000D   1095
     128       0   -1219       8       0                               0D   1096
     128    1892                                                00010000D   1097
     128       0   -1219       6       0                               0D   1098
     128    1898                                                00010000D   1099
     128       0   -1219       7       0                               0D   1100
     128    1905                                                00010000D   1101
     128       0   -1219       7       0                               0D   1102
     128    1912                                                00010000D   1103
     128       0   -1219       6       0                               0D   1104
     128    1918                                                00010000D   1105
     128       0   -1219       7       0                               0D   1106
     128    1925                                                00010000D   1107
     128       0   -1219       8       0                               0D   1108
     128    1933                                                00010000D   1109
     128       0   -1219       8       0                               0D   1110
     128    1941                                                00010000D   1111
     128       0   -1219       8       0                               0D   1112
     128    1949                                                00010000D   1113
     128       0   -1219       8       0                               0D   1114
     128    1957                                                00010000D   1115
     128       0   -1219       6       0                               0D   1116
     128    1963                                                00010000D   1117
     128       0   -1219       7       0                               0D   1118
     128    1970                                                00010000D   1119
     128       0   -1219       7       0                               0D   1120
     128    1977                                                00010000D   1121
     128       0   -1219      15       0                               0D   1122
     128    1992                                                00010000D   1123
     128       0   -1219       7       0                               0D   1124
     128    1999                                                00010000D   1125
     128       0   -1219      10       0                               0D   1126
     128    2009                                                00010000D   1127
     128       0   -1219       7       0                               0D   1128
     128    2016                                                00010000D   1129
     128       0   -1219      10       0                               0D   1130
     128    2026                                                00010000D   1131
     128       0   -1219       7       0                               0D   1132
     128    2033                                                00010000D   1133
     128       0   -1219      10       0                               0D   1134
     128    2043                                                00010000D   1135
     128       0   -1219       7       0                               0D   1136
     128    2050                                                00010000D   1137
     128       0   -1219      15       0                               0D   1138
     128    2065                                                00010000D   1139
     128       0   -1219       7       0                               0D   1140
     128    2072                                                00010000D   1141
     128       0   -1219      10       0                               0D   1142
     128    2082                                                00010000D   1143
     128       0   -1219       7       0                               0D   1144
     128    2089                                                00010000D   1145
     128       0   -1219      10       0                               0D   1146
     128    2099                                                00010000D   1147
     128       0   -1219       7       0                               0D   1148
     128    2106                                                00010000D   1149
     128       0   -1219      10       0                               0D   1150
     128    2116                                                00010000D   1151
     128       0   -1219       7       0                               0D   1152
     128    2123                                                00010000D   1153
     128       0   -1219      15       0                               0D   1154
     128    2138                                                00010000D   1155
     128       0   -1219       7       0                               0D   1156
     128    2145                                                00010000D   1157
     128       0   -1219      10       0                               0D   1158
     128    2155                                                00010000D   1159
     128       0   -1219       7       0                               0D   1160
     128    2162                                                00010000D   1161
     128       0   -1219      10       0                               0D   1162
     128    2172                                                00010000D   1163
     128       0   -1219       7       0                               0D   1164
     128    2179                                                00010000D   1165
     128       0   -1219      10       0                               0D   1166
     128    2189                                                00010000D   1167
     128       0   -1219       7       0                               0D   1168
     128    2196                                                00010000D   1169
     128       0   -1219      17       0                               0D   1170
     128    2213                                                00010000D   1171
     128       0   -1219      10       0                               0D   1172
     128    2223                                                00010000D   1173
     128       0   -1219       7       0                               0D   1174
     128    2230                                                00010000D   1175
     128       0   -1219      10       0                               0D   1176
     128    2240                                                00010000D   1177
     128       0   -1219       7       0                               0D   1178
     128    2247                                                00010000D   1179
     128       0   -1219      10       0                               0D   1180
     128    2257                                                00010000D   1181
     128       0   -1219       7       0                               0D   1182
     128    2264                                                00010000D   1183
     128       0   -1219      15       0                               0D   1184
     128    2279                                                00010000D   1185
     128       0   -1219       7       0                               0D   1186
     128    2286                                                00010000D   1187
     128       0   -1219      10       0                               0D   1188
     128    2296                                                00010000D   1189
     128       0   -1219       7       0                               0D   1190
     128    2303                                                00010000D   1191
     128       0   -1219      10       0                               0D   1192
     128    2313                                                00010000D   1193
     128       0   -1219       7       0                               0D   1194
     128    2320                                                00010000D   1195
     128       0   -1219      10       0                               0D   1196
     128    2330                                                00010000D   1197
     128       0   -1219       7       0                               0D   1198
     128    2337                                                00010000D   1199
     128       0   -1219      15       0                               0D   1200
     128    2352                                                00010000D   1201
     128       0   -1219       7       0                               0D   1202
     128    2359                                                00010000D   1203
     128       0   -1219      10       0                               0D   1204
     128    2369                                                00010000D   1205
     128       0   -1219       7       0                               0D   1206
     128    2376                                                00010000D   1207
     128       0   -1219      10       0                               0D   1208
     128    2386                                                00010000D   1209
     128       0   -1219       7       0                               0D   1210
     128    2393                                                00010000D   1211
     128       0   -1219      10       0                               0D   1212
     502    2403                                                00010000D   1213
     502                     184       1                               0D   1214
     504    2587                                                00010001D   1215
     504                      94       1                               0D   1216
     406    2681                                                00000000D   1217
     406                       1      15                               0D   1218
     314    2682                                                00000200D   1219
     314                       2       0                               0D   1220
186,3,1,0,0,1,1217;                                                    1P      1
514,102,5,1,7,1,9,1,11,1,13,1,15,1,17,1,19,1,21,1,23,1,25,1,27,        3P      2
1,29,1,31,1,33,1,35,1,37,1,39,1,41,1,43,1,45,1,47,1,49,1,51,1,         3P      3
53,1,55,1,57,1,59,1,61,1,63,1,65,1,67,1,69,1,71,1,73,1,75,1,77,        3P      4
1,79,1,81,1,83,1,85,1,87,1,89,1,91,1,93,1,95,1,97,1,99,1,101,1,        3P      5
103,1,105,1,107,1,109,1,111,1,113,1,115,1,117,1,119,1,121,1,123,       3P      6
1,125,1,127,1,129,1,131,1,133,1,135,1,137,1,139,1,141,1,143,1,         3P      7
145,1,147,1,149,1,151,1,153,1,155,1,157,1,159,1,161,1,163,1,165,       3P      8
1,167,1,169,1,171,1,173,1,175,1,177,1,179,1,181,1,183,1,185,1,         3P      9
187,1,189,1,191,1,193,1,195,1,197,1,199,1,201,1,203,1,205,1,207,       3P     10
1;                                                                     3P     11
510,1009,1,1,209;                                                      5P     12
510,1011,1,1,211;                                                      7P     13
510,1013,8,1,213,215,217,219,221,223,225,227;                          9P     14
510,1015,1,1,229;                                                     11P     15
510,1017,1,1,231;                                                     13P     16
510,1019,1,1,233;                                                     15P     17
510,1021,1,1,235;                                                     17P     18
510,1023,1,1,237;                                                     19P     19
510,1025,1,1,239;                                                     21P     20
510,1027,1,1,241;                                                     23P     21
510,1029,1,1,243;                                                     25P     22
510,1031,1,1,245;                                                     27P     23
510,1033,1,1,247;                                                     29P     24
510,1035,1,1,249;                                                     31P     25
510,1037,1,1,251;                                                     33P     26
510,1039,1,1,253;                                                     35P     27
510,1041,1,1,255;                                                     37P     28
510,1043,1,1,257;                                                     39P     29
510,1045,1,1,259;                                                     41P     30
510,1047,1,1,261;                                                     43P     31
510,1049,1,1,263;                                                     45P     32
510,1051,1,1,265;                                                     47P     33
510,1053,1,1,267;                                                     49P     34
510,1055,1,1,269;                                                     51P     35
510,1057,1,1,271;                                                     53P     36
510,1059,1,1,273;                                                     55P     37
510,1061,1,1,275;                                                     57P     38
510,1063,1,1,277;                                                     59P     39
510,1065,1,1,279;                                                     61P     40
510,1067,1,1,281;                                                     63P     41
510,1069,1,1,283;                                                     65P     42
510,1071,1,1,285;                                                     67P     43
510,1073,1,1,287;                                                     69P     44
510,1075,1,1,289;                                                     71P     45
510,1077,1,1,291;                                                     73P     46
510,1079,1,1,293;                                                     75P     47
510,1081,1,1,295;                                                     77P     48
510,1083,1,1,297;                                                     79P     49
510,1085,1,1,299;                                                     81P     50
510,1087,1,1,301;                                                     83P     51
510,1089,1,1,303;                                                     85P     52
510,1091,1,1,305;                                                     87P     53
510,1093,1,1,307;                                                     89P     54
510,1095,1,1,309;                                                     91P     55
510,1097,1,1,311;                                                     93P     56
510,1099,1,1,313;                                                     95P     57
510,1101,1,1,315;                                                     97P     58
510,1103,1,1,317;                                                     99P     59
510,1105,1,1,319;                                                    101P     60
510,1107,1,1,321;                                                    103P     61
510,1109,1,1,323;                                                    105P     62
510,1111,1,1,325;                                                    107P     63
510,1113,1,1,327;                                                    109P     64
510,1115,16,1,329,331,333,335,337,339,341,343,345,347,349,351,       111P     65
353,355,357,359;                                                     111P     66
510,1117,1,1,361;                                                    113P     67
510,1119,1,1,363;                                                    115P     68
510,1121,1,1,365;                                                    117P     69
510,1123,1,1,367;                                                    119P     70
510,1125,1,1,369;                                                    121P     71
510,1127,1,1,371;                                                    123P     72
510,1129,1,1,373;                                                    125P     73
510,1131,1,1,375;                                                    127P     74
510,1133,1,1,377;                                                    129P     75
510,1135,1,1,379;                                                    131P     76
510,1137,1,1,381;                                                    133P     77
510,1139,1,1,383;                                                    135P     78
510,1141,1,1,385;                                                    137P     79
510,1143,1,1,387;                                                    139P     80
510,1145,1,1,389;                                                    141P     81
510,1147,1,1,391;                                                    143P     82
510,1149,1,1,393;                                                    145P     83
510,1151,1,1,395;                                                    147P     84
510,1153,1,1,397;                                                    149P     85
510,1155,1,1,399;                                                    151P     86
510,1157,1,1,401;                                                    153P     87
510,1159,1,1,403;                                                    155P     88
510,1161,1,1,405;                                                    157P     89
510,1163,1,1,407;                                                    159P     90
510,1165,1,1,409;                                                    161P     91
510,1167,1,1,411;                                                    163P     92
510,1169,1,1,413;                                                    165P     93
510,1171,1,1,415;                                                    167P     94
510,1173,1,1,417;                                                    169P     95
510,1175,1,1,419;                                                    171P     96
510,1177,1,1,421;                                                    173P     97
510,1179,1,1,423;                                                    175P     98
510,1181,1,1,425;                                                    177P     99
510,1183,1,1,427;                                                    179P    100
510,1185,1,1,429;                                                    181P    101
510,1187,1,1,431;                                                    183P    102
510,1189,1,1,433;                                                    185P    103
510,1191,1,1,435;                                                    187P    104
510,1193,1,1,437;                                                    189P    105
510,1195,1,1,439;                                                    191P    106
510,1197,1,1,441;                                                    193P    107
510,1199,1,1,443;                                                    195P    108
510,1201,1,1,445;                                                    197P    109
510,1203,1,1,447;                                                    199P    110
510,1205,1,1,449;                                                    201P    111
510,1207,1,1,451;                                                    203P    112
510,1209,1,1,453;                                                    205P    113
510,1211,1,1,455;                                                    207P    114
508,4,0,1215,1,1,0,0,1215,2,1,0,0,1215,3,1,0,0,1215,4,1,0;           209P    115
508,4,0,1215,4,0,0,0,1215,5,0,0,0,1215,6,0,0,0,1215,7,1,0;           211P    116
508,8,0,1215,3,0,0,0,1215,8,1,0,0,1215,9,0,0,0,1215,10,1,0,0,        213P    117
1215,11,0,0,0,1215,12,1,0,0,1215,13,0,0,0,1215,5,1,0;                213P    118
508,4,0,1215,14,1,0,0,1215,15,1,0,0,1215,16,1,0,0,1215,17,1,0;       215P    119
508,8,0,1215,18,1,0,0,1215,19,1,0,0,1215,20,1,0,0,1215,21,1,0,0,     217P    120
1215,22,1,0,0,1215,23,1,0,0,1215,24,1,0,0,1215,25,1,0;               217P    121
508,8,0,1215,26,1,0,0,1215,27,1,0,0,1215,28,1,0,0,1215,29,1,0,0,     219P    122
1215,30,1,0,0,1215,31,1,0,0,1215,32,1,0,0,1215,33,1,0;               219P    123
508,8,0,1215,34,1,0,0,1215,35,1,0,0,1215,36,1,0,0,1215,37,1,0,0,     221P    124
1215,38,1,0,0,1215,39,1,0,0,1215,40,1,0,0,1215,41,1,0;               221P    125
508,8,0,1215,42,1,0,0,1215,43,1,0,0,1215,44,1,0,0,1215,45,1,0,0,     223P    126
1215,46,1,0,0,1215,47,1,0,0,1215,48,1,0,0,1215,49,1,0;               223P    127
508,8,0,1215,50,1,0,0,1215,51,1,0,0,1215,52,1,0,0,1215,53,1,0,0,     225P    128
1215,54,1,0,0,1215,55,1,0,0,1215,56,1,0,0,1215,57,1,0;               225P    129
508,8,0,1215,58,1,0,0,1215,59,1,0,0,1215,60,1,0,0,1215,61,1,0,0,     227P    130
1215,62,1,0,0,1215,63,1,0,0,1215,64,1,0,0,1215,65,1,0;               227P    131
508,4,0,1215,66,1,0,0,1215,67,1,0,0,1215,9,1,0,0,1215,68,1,0;        229P    132
508,4,0,1215,67,0,0,0,1215,69,1,0,0,1215,70,0,0,0,1215,10,0,0;       231P    133
508,4,0,1215,2,0,0,0,1215,71,1,0,0,1215,68,0,0,0,1215,8,0,0;         233P    134
508,4,0,1215,72,1,0,0,1215,73,1,0,0,1215,11,1,0,0,1215,70,1,0;       235P    135
508,4,0,1215,73,0,0,0,1215,74,1,0,0,1215,75,0,0,0,1215,12,0,0;       237P    136
508,4,0,1215,76,1,0,0,1215,6,1,0,0,1215,13,1,0,0,1215,75,1,0;        239P    137
508,4,0,1215,77,0,0,0,1215,78,1,0,0,1215,79,0,0,0,1215,80,0,0;       241P    138
508,4,0,1215,81,0,0,0,1215,80,1,0,0,1215,82,0,0,0,1215,83,0,0;       243P    139
508,4,0,1215,84,0,0,0,1215,83,1,0,0,1215,85,0,0,0,1215,86,0,0;       245P    140
508,4,0,1215,87,0,0,0,1215,86,1,0,0,1215,88,0,0,0,1215,78,0,0;       247P    141
508,4,0,1215,88,1,0,0,1215,85,1,0,0,1215,82,1,0,0,1215,79,1,0;       249P    142
508,4,0,1215,89,0,0,0,1215,90,1,0,0,1215,91,0,0,0,1215,92,0,0;       251P    143
508,4,0,1215,93,0,0,0,1215,92,1,0,0,1215,94,0,0,0,1215,95,0,0;       253P    144
508,4,0,1215,96,0,0,0,1215,95,1,0,0,1215,97,0,0,0,1215,98,0,0;       255P    145
508,4,0,1215,99,0,0,0,1215,98,1,0,0,1215,100,0,0,0,1215,90,0,0;      257P    146
508,4,0,1215,100,1,0,0,1215,97,1,0,0,1215,94,1,0,0,1215,91,1,0;      259P    147
508,4,0,1215,101,0,0,0,1215,102,1,0,0,1215,103,0,0,0,1215,104,0,     261P    148
0;                                                                   261P    149
508,4,0,1215,105,0,0,0,1215,104,1,0,0,1215,106,0,0,0,1215,107,0,     263P    150
0;                                                                   263P    151
508,4,0,1215,108,0,0,0,1215,107,1,0,0,1215,109,0,0,0,1215,110,0,     265P    152
0;                                                                   265P    153
508,4,0,1215,111,0,0,0,1215,110,1,0,0,1215,112,0,0,0,1215,102,0,     267P    154
0;                                                                   267P    155
508,4,0,1215,112,1,0,0,1215,109,1,0,0,1215,106,1,0,0,1215,103,1,     269P    156
0;                                                                   269P    157
508,4,0,1215,113,0,0,0,1215,114,1,0,0,1215,115,0,0,0,1215,116,0,     271P    158
0;                                                                   271P    159
508,4,0,1215,117,0,0,0,1215,116,1,0,0,1215,118,0,0,0,1215,119,0,     273P    160
0;                                                                   273P    161
508,4,0,1215,120,0,0,0,1215,119,1,0,0,1215,121,0,0,0,1215,122,0,     275P    162
0;                                                                   275P    163
508,4,0,1215,123,0,0,0,1215,122,1,0,0,1215,124,0,0,0,1215,114,0,     277P    164
0;                                                                   277P    165
508,4,0,1215,124,1,0,0,1215,121,1,0,0,1215,118,1,0,0,1215,115,1,     279P    166
0;                                                                   279P    167
508,4,0,1215,125,0,0,0,1215,126,1,0,0,1215,127,0,0,0,1215,128,0,     281P    168
0;                                                                   281P    169
508,4,0,1215,129,0,0,0,1215,128,1,0,0,1215,130,0,0,0,1215,131,0,     283P    170
0;                                                                   283P    171
508,4,0,1215,132,0,0,0,1215,131,1,0,0,1215,133,0,0,0,1215,134,0,     285P    172
0;                                                                   285P    173
508,4,0,1215,135,0,0,0,1215,134,1,0,0,1215,136,0,0,0,1215,126,0,     287P    174
0;                                                                   287P    175
508,4,0,1215,136,1,0,0,1215,133,1,0,0,1215,130,1,0,0,1215,127,1,     289P    176
0;                                                                   289P    177
508,4,0,1215,137,0,0,0,1215,138,1,0,0,1215,139,0,0,0,1215,140,0,     291P    178
0;                                                                   291P    179
508,4,0,1215,141,0,0,0,1215,140,1,0,0,1215,142,0,0,0,1215,143,0,     293P    180
0;                                                                   293P    181
508,4,0,1215,144,0,0,0,1215,143,1,0,0,1215,145,0,0,0,1215,146,0,     295P    182
0;                                                                   295P    183
508,4,0,1215,147,0,0,0,1215,146,1,0,0,1215,148,0,0,0,1215,138,0,     297P    184
0;                                                                   297P    185
508,4,0,1215,148,1,0,0,1215,145,1,0,0,1215,142,1,0,0,1215,139,1,     299P    186
0;                                                                   299P    187
508,4,0,1215,149,0,0,0,1215,150,1,0,0,1215,151,0,0,0,1215,152,0,     301P    188
0;                                                                   301P    189
508,4,0,1215,153,0,0,0,1215,152,1,0,0,1215,154,0,0,0,1215,155,0,     303P    190
0;                                                                   303P    191
508,4,0,1215,156,0,0,0,1215,155,1,0,0,1215,157,0,0,0,1215,158,0,     305P    192
0;                                                                   305P    193
508,4,0,1215,159,0,0,0,1215,158,1,0,0,1215,160,0,0,0,1215,150,0,     307P    194
0;                                                                   307P    195
508,4,0,1215,160,1,0,0,1215,157,1,0,0,1215,154,1,0,0,1215,151,1,     309P    196
0;                                                                   309P    197
508,4,0,1215,161,0,0,0,1215,162,1,0,0,1215,163,0,0,0,1215,164,0,     311P    198
0;                                                                   311P    199
508,4,0,1215,165,0,0,0,1215,164,1,0,0,1215,166,0,0,0,1215,167,0,     313P    200
0;                                                                   313P    201
508,4,0,1215,168,0,0,0,1215,167,1,0,0,1215,169,0,0,0,1215,170,0,     315P    202
0;                                                                   315P    203
508,4,0,1215,171,0,0,0,1215,170,1,0,0,1215,172,0,0,0,1215,162,0,     317P    204
0;                                                                   317P    205
508,4,0,1215,172,1,0,0,1215,169,1,0,0,1215,166,1,0,0,1215,163,1,     319P    206
0;                                                                   319P    207
508,4,0,1215,173,0,0,0,1215,174,1,0,0,1215,175,1,0,0,1215,15,0,      321P    208
0;                                                                   321P    209
508,4,0,1215,175,0,0,0,1215,176,1,0,0,1215,177,1,0,0,1215,16,0,      323P    210
0;                                                                   323P    211
508,4,0,1215,173,1,0,0,1215,14,0,0,0,1215,178,0,0,0,1215,179,1,      325P    212
0;                                                                   325P    213
508,4,0,1215,178,1,0,0,1215,17,0,0,0,1215,177,0,0,0,1215,180,1,      327P    214
0;                                                                   327P    215
508,8,0,1215,1,0,0,0,1215,7,0,0,0,1215,76,0,0,0,1215,74,0,0,0,       329P    216
1215,72,0,0,0,1215,69,0,0,0,1215,66,0,0,0,1215,71,0,0;               329P    217
508,4,0,1215,89,1,0,0,1215,93,1,0,0,1215,96,1,0,0,1215,99,1,0;       331P    218
508,4,0,1215,113,1,0,0,1215,117,1,0,0,1215,120,1,0,0,1215,123,1,     333P    219
0;                                                                   333P    220
508,4,0,1215,137,1,0,0,1215,141,1,0,0,1215,144,1,0,0,1215,147,1,     335P    221
0;                                                                   335P    222
508,4,0,1215,161,1,0,0,1215,165,1,0,0,1215,168,1,0,0,1215,171,1,     337P    223
0;                                                                   337P    224
508,8,0,1215,181,1,0,0,1215,182,1,0,0,1215,183,1,0,0,1215,184,1,     339P    225
0,0,1215,185,1,0,0,1215,186,1,0,0,1215,187,1,0,0,1215,188,1,0;       339P    226
508,4,0,1215,174,0,0,0,1215,179,0,0,0,1215,180,0,0,0,1215,176,0,     341P    227
0;                                                                   341P    228
508,8,0,1215,189,1,0,0,1215,190,1,0,0,1215,191,1,0,0,1215,192,1,     343P    229
0,0,1215,193,1,0,0,1215,194,1,0,0,1215,195,1,0,0,1215,196,1,0;       343P    230
508,8,0,1215,197,1,0,0,1215,198,1,0,0,1215,199,1,0,0,1215,200,1,     345P    231
0,0,1215,201,1,0,0,1215,202,1,0,0,1215,203,1,0,0,1215,204,1,0;       345P    232
508,8,0,1215,205,1,0,0,1215,206,1,0,0,1215,207,1,0,0,1215,208,1,     347P    233
0,0,1215,209,1,0,0,1215,210,1,0,0,1215,211,1,0,0,1215,212,1,0;       347P    234
508,8,0,1215,213,1,0,0,1215,214,1,0,0,1215,215,1,0,0,1215,216,1,     349P    235
0,0,1215,217,1,0,0,1215,218,1,0,0,1215,219,1,0,0,1215,220,1,0;       349P    236
508,8,0,1215,221,1,0,0,1215,222,1,0,0,1215,223,1,0,0,1215,224,1,     351P    237
0,0,1215,225,1,0,0,1215,226,1,0,0,1215,227,1,0,0,1215,228,1,0;       351P    238
508,4,0,1215,149,1,0,0,1215,153,1,0,0,1215,156,1,0,0,1215,159,1,     353P    239
0;                                                                   353P    240
508,4,0,1215,125,1,0,0,1215,129,1,0,0,1215,132,1,0,0,1215,135,1,     355P    241
0;                                                                   355P    242
508,4,0,1215,101,1,0,0,1215,105,1,0,0,1215,108,1,0,0,1215,111,1,     357P    243
0;                                                                   357P    244
508,4,0,1215,77,1,0,0,1215,81,1,0,0,1215,84,1,0,0,1215,87,1,0;       359P    245
508,4,0,1215,26,0,0,0,1215,229,1,0,0,1215,181,0,0,0,1215,230,0,      361P    246
0;                                                                   361P    247
508,4,0,1215,225,0,0,0,1215,231,0,0,0,1215,38,0,0,0,1215,232,1,      363P    248
0;                                                                   363P    249
508,4,0,1215,226,0,0,0,1215,232,0,0,0,1215,37,0,0,0,1215,233,1,      365P    250
0;                                                                   365P    251
508,4,0,1215,227,0,0,0,1215,233,0,0,0,1215,36,0,0,0,1215,234,1,      367P    252
0;                                                                   367P    253
508,4,0,1215,228,0,0,0,1215,234,0,0,0,1215,35,0,0,0,1215,235,1,      369P    254
0;                                                                   369P    255
508,4,0,1215,221,0,0,0,1215,235,0,0,0,1215,34,0,0,0,1215,236,1,      371P    256
0;                                                                   371P    257
508,4,0,1215,222,0,0,0,1215,236,0,0,0,1215,41,0,0,0,1215,237,1,      373P    258
0;                                                                   373P    259
508,4,0,1215,223,0,0,0,1215,237,0,0,0,1215,40,0,0,0,1215,238,1,      375P    260
0;                                                                   375P    261
508,4,0,1215,224,0,0,0,1215,238,0,0,0,1215,39,0,0,0,1215,231,1,      377P    262
0;                                                                   377P    263
508,4,0,1215,217,0,0,0,1215,239,0,0,0,1215,46,0,0,0,1215,240,1,      379P    264
0;                                                                   379P    265
508,4,0,1215,218,0,0,0,1215,240,0,0,0,1215,45,0,0,0,1215,241,1,      381P    266
0;                                                                   381P    267
508,4,0,1215,219,0,0,0,1215,241,0,0,0,1215,44,0,0,0,1215,242,1,      383P    268
0;                                                                   383P    269
508,4,0,1215,220,0,0,0,1215,242,0,0,0,1215,43,0,0,0,1215,243,1,      385P    270
0;                                                                   385P    271
508,4,0,1215,213,0,0,0,1215,243,0,0,0,1215,42,0,0,0,1215,244,1,      387P    272
0;                                                                   387P    273
508,4,0,1215,214,0,0,0,1215,244,0,0,0,1215,49,0,0,0,1215,245,1,      389P    274
0;                                                                   389P    275
508,4,0,1215,215,0,0,0,1215,245,0,0,0,1215,48,0,0,0,1215,246,1,      391P    276
0;                                                                   391P    277
508,4,0,1215,216,0,0,0,1215,246,0,0,0,1215,47,0,0,0,1215,239,1,      393P    278
0;                                                                   393P    279
508,4,0,1215,209,0,0,0,1215,247,0,0,0,1215,54,0,0,0,1215,248,1,      395P    280
0;                                                                   395P    281
508,4,0,1215,210,0,0,0,1215,248,0,0,0,1215,53,0,0,0,1215,249,1,      397P    282
0;                                                                   397P    283
508,4,0,1215,211,0,0,0,1215,249,0,0,0,1215,52,0,0,0,1215,250,1,      399P    284
0;                                                                   399P    285
508,4,0,1215,212,0,0,0,1215,250,0,0,0,1215,51,0,0,0,1215,251,1,      401P    286
0;                                                                   401P    287
508,4,0,1215,205,0,0,0,1215,251,0,0,0,1215,50,0,0,0,1215,252,1,      403P    288
0;                                                                   403P    289
508,4,0,1215,206,0,0,0,1215,252,0,0,0,1215,57,0,0,0,1215,253,1,      405P    290
0;                                                                   405P    291
508,4,0,1215,207,0,0,0,1215,253,0,0,0,1215,56,0,0,0,1215,254,1,      407P    292
0;                                                                   407P    293
508,4,0,1215,208,0,0,0,1215,254,0,0,0,1215,55,0,0,0,1215,247,1,      409P    294
0;                                                                   409P    295
508,4,0,1215,187,0,0,0,1215,255,0,0,0,1215,28,0,0,0,1215,256,1,      411P    296
0;                                                                   411P    297
508,4,0,1215,188,0,0,0,1215,256,0,0,0,1215,27,0,0,0,1215,230,1,      413P    298
0;                                                                   413P    299
508,4,0,1215,182,0,0,0,1215,229,0,0,0,1215,33,0,0,0,1215,257,1,      415P    300
0;                                                                   415P    301
508,4,0,1215,183,0,0,0,1215,257,0,0,0,1215,32,0,0,0,1215,258,1,      417P    302
0;                                                                   417P    303
508,4,0,1215,184,0,0,0,1215,258,0,0,0,1215,31,0,0,0,1215,259,1,      419P    304
0;                                                                   419P    305
508,4,0,1215,185,0,0,0,1215,259,0,0,0,1215,30,0,0,0,1215,260,1,      421P    306
0;                                                                   421P    307
508,4,0,1215,186,0,0,0,1215,260,0,0,0,1215,29,0,0,0,1215,255,1,      423P    308
0;                                                                   423P    309
508,4,0,1215,191,0,0,0,1215,261,0,0,0,1215,24,0,0,0,1215,262,1,      425P    310
0;                                                                   425P    311
508,4,0,1215,192,0,0,0,1215,262,0,0,0,1215,23,0,0,0,1215,263,1,      427P    312
0;                                                                   427P    313
508,4,0,1215,193,0,0,0,1215,263,0,0,0,1215,22,0,0,0,1215,264,1,      429P    314
0;                                                                   429P    315
508,4,0,1215,194,0,0,0,1215,264,0,0,0,1215,21,0,0,0,1215,265,1,      431P    316
0;                                                                   431P    317
508,4,0,1215,195,0,0,0,1215,265,0,0,0,1215,20,0,0,0,1215,266,1,      433P    318
0;                                                                   433P    319
508,4,0,1215,196,0,0,0,1215,266,0,0,0,1215,19,0,0,0,1215,267,1,      435P    320
0;                                                                   435P    321
508,4,0,1215,189,0,0,0,1215,267,0,0,0,1215,18,0,0,0,1215,268,1,      437P    322
0;                                                                   437P    323
508,4,0,1215,190,0,0,0,1215,268,0,0,0,1215,25,0,0,0,1215,261,1,      439P    324
0;                                                                   439P    325
508,4,0,1215,201,0,0,0,1215,269,0,0,0,1215,62,0,0,0,1215,270,1,      441P    326
0;                                                                   441P    327
508,4,0,1215,202,0,0,0,1215,270,0,0,0,1215,61,0,0,0,1215,271,1,      443P    328
0;                                                                   443P    329
508,4,0,1215,203,0,0,0,1215,271,0,0,0,1215,60,0,0,0,1215,272,1,      445P    330
0;                                                                   445P    331
508,4,0,1215,204,0,0,0,1215,272,0,0,0,1215,59,0,0,0,1215,273,1,      447P    332
0;                                                                   447P    333
508,4,0,1215,197,0,0,0,1215,273,0,0,0,1215,58,0,0,0,1215,274,1,      449P    334
0;                                                                   449P    335
508,4,0,1215,198,0,0,0,1215,274,0,0,0,1215,65,0,0,0,1215,275,1,      451P    336
0;                                                                   451P    337
508,4,0,1215,199,0,0,0,1215,275,0,0,0,1215,64,0,0,0,1215,276,1,      453P    338
0;                                                                   453P    339
508,4,0,1215,200,0,0,0,1215,276,0,0,0,1215,63,0,0,0,1215,269,1,      455P    340
0;                                                                   455P    341
126,2,2,0,0,0,0,-0.785398163397448,-0.785398163397448,               457P    342
-0.785398163397448,0.785398163397448,0.785398163397448,              457P    343
0.785398163397448,1.,0.707106781186547,1.,-39.604732329241,          457P    344
13.0697539195454,13.979030830673,-39.604732329241,                   457P    345
8.06975391954538,13.979030830673,-34.604732329241,                   457P    346
8.06975391954538,13.979030830673,-0.785398163397448,                 457P    347
0.785398163397448,0.,0.,0.;                                          457P    348
126,1,1,0,0,1,0,4.44089209850063D-16,4.44089209850063D-16,0.3,       459P    349
0.3,1.,1.,-34.604732329241,8.06975391954537,13.979030830673,         459P    350
-34.604732329241,8.06975391954537,16.979030830673,                   459P    351
4.44089209850063D-16,0.3,0.,0.,0.;                                   459P    352
126,2,2,0,0,0,0,-0.785398163397448,-0.785398163397448,               461P    353
-0.785398163397448,0.785398163397448,0.785398163397448,              461P    354
0.785398163397448,1.,0.707106781186547,1.,-34.604732329241,          461P    355
8.06975391954538,16.979030830673,-39.604732329241,                   461P    356
8.06975391954538,16.979030830673,-39.604732329241,                   461P    357
13.0697539195454,16.979030830673,-0.785398163397448,                 461P    358
0.785398163397448,0.,0.,0.;                                          461P    359
126,1,1,0,0,1,0,-0.299999999999999,-0.299999999999999,               463P    360
4.44089209850063D-16,4.44089209850063D-16,1.,1.,                     463P    361
-39.604732329241,13.0697539195454,16.979030830673,                   463P    362
-39.604732329241,13.0697539195454,13.979030830673,                   463P    363
-0.299999999999999,4.44089209850063D-16,0.,0.,0.;                    463P    364
126,1,1,0,0,1,0,-0.249999999999996,-0.249999999999996,20.05,         465P    365
20.05,1.,1.,-39.604732329241,216.069753919545,16.979030830673,       465P    366
-39.604732329241,13.0697539195454,16.979030830673,                   465P    367
-0.249999999999996,20.05,0.,0.,0.;                                   465P    368
126,1,1,0,0,1,0,-8.88178419700125D-16,-8.88178419700125D-16,         467P    369
0.299999999999999,0.299999999999999,1.,1.,-39.604732329241,          467P    370
216.069753919545,13.979030830673,-39.604732329241,                   467P    371
216.069753919545,16.979030830673,-8.88178419700125D-16,              467P    372
0.299999999999999,0.,0.,0.;                                          467P    373
126,1,1,0,0,1,0,-0.249999999999996,-0.249999999999996,20.05,         469P    374
20.05,1.,1.,-39.604732329241,216.069753919545,13.979030830673,       469P    375
-39.604732329241,13.0697539195454,13.979030830673,                   469P    376
-0.249999999999996,20.05,0.,0.,0.;                                   469P    377
126,1,1,0,0,1,0,3.10862446895044D-15,3.10862446895044D-15,10.8,      471P    378
10.8,1.,1.,-34.604732329241,8.06975391954537,16.979030830673,        471P    379
73.395267670759,8.06975391954537,16.979030830673,                    471P    380
3.10862446895044D-15,10.8,0.,0.,0.;                                  471P    381
126,2,2,0,0,0,0,-0.785398163397448,-0.785398163397448,               473P    382
-0.785398163397448,0.785398163397449,0.785398163397449,              473P    383
0.785398163397449,1.,0.707106781186546,1.,78.395267670759,           473P    384
13.0697539195454,16.979030830673,78.395267670759,                    473P    385
8.06975391954536,16.979030830673,73.395267670759,                    473P    386
8.06975391954537,16.979030830673,-0.785398163397448,                 473P    387
0.785398163397449,0.,0.,0.;                                          473P    388
126,1,1,0,0,1,0,-0.250000000000001,-0.250000000000001,20.05,         475P    389
20.05,1.,1.,78.395267670759,13.0697539195454,16.979030830673,        475P    390
78.395267670759,216.069753919545,16.979030830673,                    475P    391
-0.250000000000001,20.05,0.,0.,0.;                                   475P    392
126,2,2,0,0,0,0,-0.78539816339745,-0.78539816339745,                 477P    393
-0.78539816339745,0.785398163397447,0.785398163397447,               477P    394
0.785398163397447,1.,0.707106781186563,1.,73.395267670759,           477P    395
221.069753919545,16.979030830673,78.395267670759,                    477P    396
221.069753919545,16.979030830673,78.395267670759,                    477P    397
216.069753919545,16.979030830673,-0.78539816339745,                  477P    398
0.785398163397447,0.,0.,0.;                                          477P    399
126,1,1,0,0,1,0,-0.499999999999999,-0.499999999999999,10.3,10.3,     479P    400
1.,1.,73.3952676707591,221.069753919545,16.979030830673,             479P    401
-34.6047323292409,221.069753919545,16.979030830673,                  479P    402
-0.499999999999999,10.3,0.,0.,0.;                                    479P    403
126,2,2,0,0,0,0,-0.785398163397446,-0.785398163397446,               481P    404
-0.785398163397446,0.78539816339745,0.78539816339745,                481P    405
0.78539816339745,1.,0.707106781186548,1.,-39.604732329241,           481P    406
216.069753919545,16.979030830673,-39.604732329241,                   481P    407
221.069753919545,16.979030830673,-34.604732329241,                   481P    408
221.069753919545,16.979030830673,-0.785398163397446,                 481P    409
0.78539816339745,0.,0.,0.;                                           481P    410
126,1,1,0,0,1,0,-2.9190762702242,-2.9190762702242,                   483P    411
0.980923729775798,0.980923729775798,1.,1.,63.2672011195295,          483P    412
133.951279324029,16.979030830673,63.2672011195295,                   483P    413
94.9512793240294,16.979030830673,-2.9190762702242,                   483P    414
0.980923729775798,0.,0.,0.;                                          483P    415
126,1,1,0,0,1,0,-4.01859667243853,-4.01859667243853,                 485P    416
-0.118596672438526,-0.118596672438526,1.,1.,63.2672011195295,        485P    417
94.9512793240294,16.979030830673,24.2672011195295,                   485P    418
94.9512793240294,16.979030830673,-4.01859667243853,                  485P    419
-0.118596672438526,0.,0.,0.;                                         485P    420
126,1,1,0,0,1,0,-2.9309237297758,-2.9309237297758,                   487P    421
0.969076270224203,0.969076270224203,1.,1.,24.2672011195295,          487P    422
94.9512793240294,16.979030830673,24.2672011195295,                   487P    423
133.951279324029,16.979030830673,-2.9309237297758,                   487P    424
0.969076270224203,0.,0.,0.;                                          487P    425
126,1,1,0,0,1,0,-1.83140332756147,-1.83140332756147,                 489P    426
2.06859667243853,2.06859667243853,1.,1.,24.2672011195295,            489P    427
133.951279324029,16.979030830673,63.2672011195295,                   489P    428
133.951279324029,16.979030830673,-1.83140332756147,                  489P    429
2.06859667243853,0.,0.,0.;                                           489P    430
126,1,1,0,0,1,0,1.11248476791211,1.11248476791211,                   491P    431
7.13661466119469,7.13661466119469,1.,1.,15.6752969162391,            491P    432
74.6512360093213,16.979030830673,60.2502480700613,                   491P    433
34.1285531422103,16.979030830673,1.11248476791211,                   491P    434
7.13661466119469,0.,0.,0.;                                           491P    435
126,2,2,0,0,0,0,-1.5707963267949,-1.5707963267949,                   493P    436
-1.5707963267949,0.,0.,0.,1.,0.707106781186547,1.,                   493P    437
60.2502480700613,34.1285531422103,16.979030830673,                   493P    438
61.212170165476,33.2540785100151,16.979030830673,                    493P    439
60.3376955332808,32.2921564146004,16.979030830673,                   493P    440
-1.5707963267949,0.,0.,0.,0.;                                        493P    441
126,1,1,0,0,1,0,1.75106580891836,1.75106580891836,                   495P    442
1.85656381042296,1.85656381042296,1.,1.,60.3376955332808,            495P    443
32.2921564146004,16.979030830673,59.6280391789495,                   495P    444
31.511534424836,16.979030830673,1.75106580891836,                    495P    445
1.85656381042296,0.,0.,0.;                                           495P    446
126,2,2,0,0,0,0,-1.57079632679491,-1.57079632679491,                 497P    447
-1.57079632679491,0.,0.,0.,1.,0.707106781186541,1.,                  497P    448
59.6280391789495,31.511534424836,16.979030830673,                    497P    449
58.7535645467543,30.5496123294213,16.979030830673,                   497P    450
57.7916424513396,31.4240869616165,16.979030830673,                   497P    451
-1.57079632679491,0.,0.,0.,0.;                                       497P    452
126,1,1,0,0,1,0,-4.1245497145534,-4.1245497145534,                   499P    453
1.90135568307618,1.90135568307618,1.,1.,57.7916424513396,            499P    454
31.4240869616165,16.979030830673,13.2035536293492,                   499P    455
71.9587131634259,16.979030830673,-4.1245497145534,                   499P    456
1.90135568307618,0.,0.,0.;                                           499P    457
126,4,2,0,0,0,0,-1.58762448200831,-1.58762448200831,                 501P    458
-1.58762448200831,-0.793812241004156,-0.793812241004156,0.,0.,       501P    459
0.,1.,0.922261397270174,1.,0.922261397270143,1.,                     501P    460
13.2035536293492,71.9587131634259,16.979030830673,                   501P    461
12.8003629747937,72.3252501221127,16.979030830673,                   501P    462
12.7790253722247,72.8697285447531,16.979030830673,                   501P    463
12.7576877696558,73.4142069673934,16.979030830673,                   501P    464
13.1309574650367,73.8111726844452,16.979030830673,                   501P    465
-1.58762448200831,0.,0.,0.,0.;                                       501P    466
126,1,1,0,0,1,0,-1.78485416317891,-1.78485416317891,                 503P    467
-1.67934122209038,-1.67934122209038,1.,1.,13.1309574650367,          503P    468
73.8111726844452,16.979030830673,13.8537514875362,                   503P    469
74.5798513395112,16.979030830673,-1.78485416317891,                  503P    470
-1.67934122209038,0.,0.,0.;                                          503P    471
126,2,2,0,0,0,0,-1.55396817158147,-1.55396817158147,                 505P    472
-1.55396817158147,0.,0.,0.,1.,0.713031332050967,1.,                  505P    473
13.8537514875362,74.5798513395112,16.979030830673,                   505P    474
14.7294275054425,75.5111172918636,16.979030830673,                   505P    475
15.6752969162391,74.6512360093213,16.979030830673,                   505P    476
-1.55396817158147,0.,0.,0.,0.;                                       505P    477
126,1,1,0,0,1,0,-4.49451975125137,-4.49451975125137,                 507P    478
1.53138564637821,1.53138564637821,1.,1.,67.7916424513396,            507P    479
31.4240869616165,16.979030830673,23.2035536293492,                   507P    480
71.9587131634259,16.979030830673,-4.49451975125137,                  507P    481
1.53138564637821,0.,0.,0.;                                           507P    482
126,4,2,0,0,0,0,-1.5876244820083,-1.5876244820083,                   509P    483
-1.5876244820083,-0.793812241004149,-0.793812241004149,0.,0.,0.,     509P    484
1.,0.922261397270178,1.,0.922261397270164,1.,23.2035536293491,       509P    485
71.9587131634259,16.979030830673,22.8003629747937,                   509P    486
72.3252501221127,16.979030830673,22.7790253722247,                   509P    487
72.8697285447531,16.979030830673,22.7576877696558,                   509P    488
73.4142069673934,16.979030830673,23.1309574650367,                   509P    489
73.8111726844452,16.979030830673,-1.5876244820083,0.,0.,0.,0.;       509P    490
126,1,1,0,0,1,0,-1.44233976871562,-1.44233976871562,                 511P    491
-1.33682682762709,-1.33682682762709,1.,1.,23.1309574650367,          511P    492
73.8111726844452,16.979030830673,23.8537514875362,                   511P    493
74.5798513395112,16.979030830673,-1.44233976871562,                  511P    494
-1.33682682762709,0.,0.,0.;                                          511P    495
126,2,2,0,0,0,0,-1.55396817158147,-1.55396817158147,                 513P    496
-1.55396817158147,0.,0.,0.,1.,0.713031332050967,1.,                  513P    497
23.8537514875362,74.5798513395112,16.979030830673,                   513P    498
24.7294275054425,75.5111172918636,16.979030830673,                   513P    499
25.6752969162391,74.6512360093213,16.979030830673,                   513P    500
-1.55396817158147,0.,0.,0.,0.;                                       513P    501
126,1,1,0,0,1,0,1.48245480461008,1.48245480461008,                   515P    502
7.50658469789267,7.50658469789267,1.,1.,25.6752969162391,            515P    503
74.6512360093213,16.979030830673,70.2502480700613,                   515P    504
34.1285531422103,16.979030830673,1.48245480461008,                   515P    505
7.50658469789267,0.,0.,0.;                                           515P    506
126,2,2,0,0,0,0,-1.5707963267949,-1.5707963267949,                   517P    507
-1.5707963267949,0.,0.,0.,1.,0.707106781186547,1.,                   517P    508
70.2502480700613,34.1285531422103,16.979030830673,                   517P    509
71.212170165476,33.2540785100151,16.979030830673,                    517P    510
70.3376955332808,32.2921564146004,16.979030830673,                   517P    511
-1.5707963267949,0.,0.,0.,0.;                                        517P    512
126,1,1,0,0,1,0,1.41472941192021,1.41472941192021,                   519P    513
1.52022741342481,1.52022741342481,1.,1.,70.3376955332808,            519P    514
32.2921564146004,16.979030830673,69.6280391789495,                   519P    515
31.511534424836,16.979030830673,1.41472941192021,                    519P    516
1.52022741342481,0.,0.,0.;                                           519P    517
126,2,2,0,0,0,0,-1.5707963267949,-1.5707963267949,                   521P    518
-1.5707963267949,0.,0.,0.,1.,0.707106781186555,1.,                   521P    519
69.6280391789495,31.511534424836,16.979030830673,                    521P    520
68.7535645467543,30.5496123294213,16.979030830673,                   521P    521
67.7916424513396,31.4240869616165,16.979030830673,                   521P    522
-1.5707963267949,0.,0.,0.,0.;                                        521P    523
126,1,1,0,0,1,0,2.42373860291465,2.42373860291465,                   523P    524
2.52923660441925,2.52923660441925,1.,1.,40.3376955332808,            523P    525
32.2921564146004,16.979030830673,39.6280391789495,                   523P    526
31.511534424836,16.979030830673,2.42373860291465,                    523P    527
2.52923660441925,0.,0.,0.;                                           523P    528
126,2,2,0,0,0,0,-1.5707963267949,-1.5707963267949,                   525P    529
-1.5707963267949,0.,0.,0.,1.,0.707106781186551,1.,                   525P    530
39.6280391789495,31.511534424836,16.979030830673,                    525P    531
38.7535645467543,30.5496123294213,16.979030830673,                   525P    532
37.7916424513396,31.4240869616165,16.979030830673,                   525P    533
-1.5707963267949,0.,0.,0.,0.;                                        525P    534
126,1,1,0,0,1,0,-3.38460964115746,-3.38460964115746,                 527P    535
2.64129575647212,2.64129575647212,1.,1.,37.7916424513396,            527P    536
31.4240869616165,16.979030830673,-6.79644637065085,                  527P    537
71.9587131634259,16.979030830673,-3.38460964115746,                  527P    538
2.64129575647212,0.,0.,0.;                                           527P    539
126,4,2,0,0,0,0,-1.58762448200831,-1.58762448200831,                 529P    540
-1.58762448200831,-0.793812241004155,-0.793812241004155,0.,0.,       529P    541
0.,1.,0.922261397270174,1.,0.922261397270133,1.,                     529P    542
-6.79644637065084,71.9587131634259,16.979030830673,                  529P    543
-7.19963702520634,72.3252501221127,16.979030830673,                  529P    544
-7.22097462777529,72.8697285447531,16.979030830673,                  529P    545
-7.24231223034424,73.4142069673934,16.979030830673,                  529P    546
-6.86904253496329,73.8111726844452,16.979030830673,                  529P    547
-1.58762448200831,0.,0.,0.,0.;                                       529P    548
126,1,1,0,0,1,0,-2.46988295210548,-2.46988295210548,                 531P    549
-2.36437001101695,-2.36437001101695,1.,1.,-6.86904253496329,         531P    550
73.8111726844452,16.979030830673,-6.14624851246376,                  531P    551
74.5798513395112,16.979030830673,-2.46988295210548,                  531P    552
-2.36437001101695,0.,0.,0.;                                          531P    553
126,2,2,0,0,0,0,-1.55396817158147,-1.55396817158147,                 533P    554
-1.55396817158147,0.,0.,0.,1.,0.713031332050967,1.,                  533P    555
-6.14624851246375,74.5798513395112,16.979030830673,                  533P    556
-5.27057249455746,75.5111172918636,16.979030830673,                  533P    557
-4.3247030837609,74.6512360093213,16.979030830673,                   533P    558
-1.55396817158147,0.,0.,0.,0.;                                       533P    559
126,1,1,0,0,1,0,0.372544694516163,0.372544694516163,                 535P    560
6.39667458779875,6.39667458779875,1.,1.,-4.32470308376091,           535P    561
74.6512360093213,16.979030830673,40.2502480700613,                   535P    562
34.1285531422103,16.979030830673,0.372544694516163,                  535P    563
6.39667458779875,0.,0.,0.;                                           535P    564
126,2,2,0,0,0,0,-1.5707963267949,-1.5707963267949,                   537P    565
-1.5707963267949,0.,0.,0.,1.,0.707106781186547,1.,                   537P    566
40.2502480700613,34.1285531422103,16.979030830673,                   537P    567
41.212170165476,33.2540785100151,16.979030830673,                    537P    568
40.3376955332808,32.2921564146004,16.979030830673,                   537P    569
-1.5707963267949,0.,0.,0.,0.;                                        537P    570
126,1,1,0,0,1,0,2.08740220591649,2.08740220591649,                   539P    571
2.19290020742109,2.19290020742109,1.,1.,50.3376955332808,            539P    572
32.2921564146004,16.979030830673,49.6280391789495,                   539P    573
31.511534424836,16.979030830673,2.08740220591649,                    539P    574
2.19290020742109,0.,0.,0.;                                           539P    575
126,2,2,0,0,0,0,-1.5707963267949,-1.5707963267949,                   541P    576
-1.5707963267949,0.,0.,0.,1.,0.707106781186558,1.,                   541P    577
49.6280391789495,31.511534424836,16.979030830673,                    541P    578
48.7535645467543,30.5496123294213,16.979030830673,                   541P    579
47.7916424513396,31.4240869616165,16.979030830673,                   541P    580
-1.5707963267949,0.,0.,0.,0.;                                        541P    581
126,1,1,0,0,1,0,-3.75457967785543,-3.75457967785543,                 543P    582
2.27132571977415,2.27132571977415,1.,1.,47.7916424513396,            543P    583
31.4240869616165,16.979030830673,3.20355362934916,                   543P    584
71.9587131634259,16.979030830673,-3.75457967785543,                  543P    585
2.27132571977415,0.,0.,0.;                                           543P    586
126,4,2,0,0,0,0,-1.58762448200831,-1.58762448200831,                 545P    587
-1.58762448200831,-0.793812241004156,-0.793812241004156,0.,0.,       545P    588
0.,1.,0.922261397270163,1.,0.922261397270131,1.,                     545P    589
3.20355362934916,71.9587131634259,16.979030830673,                   545P    590
2.80036297479366,72.3252501221127,16.979030830673,                   545P    591
2.77902537222471,72.8697285447531,16.979030830673,                   545P    592
2.75768776965575,73.4142069673934,16.979030830673,                   545P    593
3.13095746503671,73.8111726844452,16.979030830673,                   545P    594
-1.58762448200831,0.,0.,0.,0.;                                       545P    595
126,1,1,0,0,1,0,-2.12736855764219,-2.12736855764219,                 547P    596
-2.02185561655367,-2.02185561655367,1.,1.,3.13095746503671,          547P    597
73.8111726844452,16.979030830673,3.85375148753624,                   547P    598
74.5798513395112,16.979030830673,-2.12736855764219,                  547P    599
-2.02185561655367,0.,0.,0.;                                          547P    600
126,2,2,0,0,0,0,-1.55396817158147,-1.55396817158147,                 549P    601
-1.55396817158147,0.,0.,0.,1.,0.713031332050967,1.,                  549P    602
3.85375148753625,74.5798513395112,16.979030830673,                   549P    603
4.72942750544255,75.5111172918636,16.979030830673,                   549P    604
5.6752969162391,74.6512360093213,16.979030830673,                    549P    605
-1.55396817158147,0.,0.,0.,0.;                                       549P    606
126,1,1,0,0,1,0,0.742514731214135,0.742514731214135,                 551P    607
6.76664462449672,6.76664462449672,1.,1.,5.6752969162391,             551P    608
74.6512360093213,16.979030830673,50.2502480700613,                   551P    609
34.1285531422103,16.979030830673,0.742514731214135,                  551P    610
6.76664462449672,0.,0.,0.;                                           551P    611
126,2,2,0,0,0,0,-1.5707963267949,-1.5707963267949,                   553P    612
-1.5707963267949,0.,0.,0.,1.,0.707106781186547,1.,                   553P    613
50.2502480700613,34.1285531422103,16.979030830673,                   553P    614
51.212170165476,33.2540785100151,16.979030830673,                    553P    615
50.3376955332808,32.2921564146004,16.979030830673,                   553P    616
-1.5707963267949,0.,0.,0.,0.;                                        553P    617
126,1,1,0,0,1,0,2.76007499991281,2.76007499991281,                   555P    618
2.86557300141741,2.86557300141741,1.,1.,30.3376955332808,            555P    619
32.2921564146004,16.979030830673,29.6280391789495,                   555P    620
31.511534424836,16.979030830673,2.76007499991281,                    555P    621
2.86557300141741,0.,0.,0.;                                           555P    622
126,2,2,0,0,0,0,-1.5707963267949,-1.5707963267949,                   557P    623
-1.5707963267949,0.,0.,0.,1.,0.707106781186551,1.,                   557P    624
29.6280391789495,31.511534424836,16.979030830673,                    557P    625
28.7535645467543,30.5496123294213,16.979030830673,                   557P    626
27.7916424513396,31.4240869616165,16.979030830673,                   557P    627
-1.5707963267949,0.,0.,0.,0.;                                        557P    628
126,1,1,0,0,1,0,-3.01463960445948,-3.01463960445948,                 559P    629
3.01126579317009,3.01126579317009,1.,1.,27.7916424513396,            559P    630
31.4240869616165,16.979030830673,-16.7964463706508,                  559P    631
71.9587131634259,16.979030830673,-3.01463960445948,                  559P    632
3.01126579317009,0.,0.,0.;                                           559P    633
126,4,2,0,0,0,0,-1.58762448200831,-1.58762448200831,                 561P    634
-1.58762448200831,-0.793812241004155,-0.793812241004155,0.,0.,       561P    635
0.,1.,0.922261397270183,1.,0.92226139727016,1.,                      561P    636
-16.7964463706508,71.9587131634259,16.979030830673,                  561P    637
-17.1996370252063,72.3252501221127,16.979030830673,                  561P    638
-17.2209746277753,72.8697285447531,16.979030830673,                  561P    639
-17.2423122303442,73.4142069673934,16.979030830673,                  561P    640
-16.8690425349633,73.8111726844452,16.979030830673,                  561P    641
-1.58762448200831,0.,0.,0.,0.;                                       561P    642
126,1,1,0,0,1,0,-2.81239734656877,-2.81239734656877,                 563P    643
-2.70688440548024,-2.70688440548024,1.,1.,-16.8690425349633,         563P    644
73.8111726844452,16.979030830673,-16.1462485124638,                  563P    645
74.5798513395112,16.979030830673,-2.81239734656877,                  563P    646
-2.70688440548024,0.,0.,0.;                                          563P    647
126,2,2,0,0,0,0,-1.55396817158147,-1.55396817158147,                 565P    648
-1.55396817158147,0.,0.,0.,1.,0.713031332050967,1.,                  565P    649
-16.1462485124638,74.5798513395112,16.979030830673,                  565P    650
-15.2705724945575,75.5111172918636,16.979030830673,                  565P    651
-14.3247030837609,74.6512360093213,16.979030830673,                  565P    652
-1.55396817158147,0.,0.,0.,0.;                                       565P    653
126,1,1,0,0,1,0,0.00257465781819106,0.00257465781819106,             567P    654
6.02670455110078,6.02670455110078,1.,1.,-14.3247030837609,           567P    655
74.6512360093213,16.979030830673,30.2502480700613,                   567P    656
34.1285531422103,16.979030830673,0.00257465781819106,                567P    657
6.02670455110078,0.,0.,0.;                                           567P    658
126,2,2,0,0,0,0,-1.5707963267949,-1.5707963267949,                   569P    659
-1.5707963267949,0.,0.,0.,1.,0.707106781186547,1.,                   569P    660
30.2502480700613,34.1285531422103,16.979030830673,                   569P    661
31.212170165476,33.2540785100151,16.979030830673,                    569P    662
30.3376955332808,32.2921564146004,16.979030830673,                   569P    663
-1.5707963267949,0.,0.,0.,0.;                                        569P    664
126,1,1,0,0,1,0,3.09641139691096,3.09641139691096,                   571P    665
3.20190939841556,3.20190939841556,1.,1.,20.3376955332808,            571P    666
32.2921564146004,16.979030830673,19.6280391789495,                   571P    667
31.511534424836,16.979030830673,3.09641139691096,                    571P    668
3.20190939841556,0.,0.,0.;                                           571P    669
126,2,2,0,0,0,0,-1.5707963267949,-1.5707963267949,                   573P    670
-1.5707963267949,0.,0.,0.,1.,0.707106781186551,1.,                   573P    671
19.6280391789495,31.511534424836,16.979030830673,                    573P    672
18.7535645467543,30.5496123294213,16.979030830673,                   573P    673
17.7916424513396,31.4240869616165,16.979030830673,                   573P    674
-1.5707963267949,0.,0.,0.,0.;                                        573P    675
126,1,1,0,0,1,0,-2.64466956776151,-2.64466956776151,                 575P    676
3.38123582986807,3.38123582986807,1.,1.,17.7916424513396,            575P    677
31.4240869616165,16.979030830673,-26.7964463706508,                  575P    678
71.9587131634259,16.979030830673,-2.64466956776151,                  575P    679
3.38123582986807,0.,0.,0.;                                           575P    680
126,4,2,0,0,0,0,-1.58762448200831,-1.58762448200831,                 577P    681
-1.58762448200831,-0.793812241004155,-0.793812241004155,0.,0.,       577P    682
0.,1.,0.922261397270183,1.,0.922261397270124,1.,                     577P    683
-26.7964463706508,71.9587131634259,16.979030830673,                  577P    684
-27.1996370252063,72.3252501221127,16.979030830673,                  577P    685
-27.2209746277753,72.8697285447531,16.979030830673,                  577P    686
-27.2423122303442,73.4142069673934,16.979030830673,                  577P    687
-26.8690425349633,73.8111726844452,16.979030830673,                  577P    688
-1.58762448200831,0.,0.,0.,0.;                                       577P    689
126,1,1,0,0,1,0,-3.15491174103205,-3.15491174103205,                 579P    690
-3.04939879994353,-3.04939879994353,1.,1.,-26.8690425349633,         579P    691
73.8111726844452,16.979030830673,-26.1462485124638,                  579P    692
74.5798513395112,16.979030830673,-3.15491174103205,                  579P    693
-3.04939879994353,0.,0.,0.;                                          579P    694
126,2,2,0,0,0,0,-1.55396817158147,-1.55396817158147,                 581P    695
-1.55396817158147,0.,0.,0.,1.,0.713031332050967,1.,                  581P    696
-26.1462485124638,74.5798513395112,16.979030830673,                  581P    697
-25.2705724945575,75.5111172918636,16.979030830673,                  581P    698
-24.3247030837609,74.6512360093213,16.979030830673,                  581P    699
-1.55396817158147,0.,0.,0.,0.;                                       581P    700
126,1,1,0,0,1,0,-0.367395378879781,-0.367395378879781,               583P    701
5.65673451440281,5.65673451440281,1.,1.,-24.3247030837609,           583P    702
74.6512360093213,16.979030830673,20.2502480700613,                   583P    703
34.1285531422103,16.979030830673,-0.367395378879781,                 583P    704
5.65673451440281,0.,0.,0.;                                           583P    705
126,2,2,0,0,0,0,-1.5707963267949,-1.5707963267949,                   585P    706
-1.5707963267949,0.,0.,0.,1.,0.707106781186547,1.,                   585P    707
20.2502480700613,34.1285531422103,16.979030830673,                   585P    708
21.212170165476,33.2540785100151,16.979030830673,                    585P    709
20.3376955332808,32.2921564146004,16.979030830673,                   585P    710
-1.5707963267949,0.,0.,0.,0.;                                        585P    711
126,2,2,0,0,0,0,-0.785398163397449,-0.785398163397449,               587P    712
-0.785398163397449,0.785398163397448,0.785398163397448,              587P    713
0.785398163397448,1.,0.707106781186546,1.,73.395267670759,           587P    714
8.06975391954537,13.979030830673,78.395267670759,                    587P    715
8.06975391954536,13.979030830673,78.395267670759,                    587P    716
13.0697539195454,13.979030830673,-0.785398163397449,                 587P    717
0.785398163397448,0.,0.,0.;                                          587P    718
126,1,1,0,0,1,0,0.,0.,0.3,0.3,1.,1.,78.395267670759,                 589P    719
13.0697539195454,13.979030830673,78.395267670759,                    589P    720
13.0697539195454,16.979030830673,0.,0.3,0.,0.,0.;                    589P    721
126,1,1,0,0,1,0,-0.3,-0.3,0.,0.,1.,1.,73.395267670759,               591P    722
8.06975391954537,16.979030830673,73.395267670759,                    591P    723
8.06975391954537,13.979030830673,-0.3,0.,0.,0.,0.;                   591P    724
126,1,1,0,0,1,0,-0.250000000000001,-0.250000000000001,20.05,         593P    725
20.05,1.,1.,78.395267670759,13.0697539195454,13.979030830673,        593P    726
78.395267670759,216.069753919545,13.979030830673,                    593P    727
-0.250000000000001,20.05,0.,0.,0.;                                   593P    728
126,1,1,0,0,1,0,-0.299999999999999,-0.299999999999999,               595P    729
4.44089209850063D-16,4.44089209850063D-16,1.,1.,78.395267670759,     595P    730
216.069753919545,16.979030830673,78.395267670759,                    595P    731
216.069753919545,13.979030830673,-0.299999999999999,                 595P    732
4.44089209850063D-16,0.,0.,0.;                                       595P    733
126,1,1,0,0,1,0,3.10862446895044D-15,3.10862446895044D-15,10.8,      597P    734
10.8,1.,1.,-34.604732329241,8.06975391954537,13.979030830673,        597P    735
73.395267670759,8.06975391954537,13.979030830673,                    597P    736
3.10862446895044D-15,10.8,0.,0.,0.;                                  597P    737
126,2,2,0,0,0,0,-0.785398163397447,-0.785398163397447,               599P    738
-0.785398163397447,0.78539816339745,0.78539816339745,                599P    739
0.78539816339745,1.,0.707106781186563,1.,78.395267670759,            599P    740
216.069753919545,13.979030830673,78.395267670759,                    599P    741
221.069753919545,13.979030830673,73.395267670759,                    599P    742
221.069753919545,13.979030830673,-0.785398163397447,                 599P    743
0.78539816339745,0.,0.,0.;                                           599P    744
126,1,1,0,0,1,0,-1.33226762955019D-15,-1.33226762955019D-15,         601P    745
0.299999999999998,0.299999999999998,1.,1.,73.395267670759,           601P    746
221.069753919545,13.979030830673,73.395267670759,                    601P    747
221.069753919545,16.979030830673,-1.33226762955019D-15,              601P    748
0.299999999999998,0.,0.,0.;                                          601P    749
126,1,1,0,0,1,0,-0.499999999999999,-0.499999999999999,10.3,10.3,     603P    750
1.,1.,73.3952676707591,221.069753919545,13.979030830673,             603P    751
-34.6047323292409,221.069753919545,13.979030830673,                  603P    752
-0.499999999999999,10.3,0.,0.,0.;                                    603P    753
126,1,1,0,0,1,0,-0.299999999999999,-0.299999999999999,               605P    754
8.88178419700125D-16,8.88178419700125D-16,1.,1.,                     605P    755
-34.604732329241,221.069753919545,16.979030830673,                   605P    756
-34.604732329241,221.069753919545,13.979030830673,                   605P    757
-0.299999999999999,8.88178419700125D-16,0.,0.,0.;                    605P    758
126,2,2,0,0,0,0,-0.78539816339745,-0.78539816339745,                 607P    759
-0.78539816339745,0.785398163397446,0.785398163397446,               607P    760
0.785398163397446,1.,0.707106781186548,1.,-34.604732329241,          607P    761
221.069753919545,13.979030830673,-39.604732329241,                   607P    762
221.069753919545,13.979030830673,-39.604732329241,                   607P    763
216.069753919545,13.979030830673,-0.78539816339745,                  607P    764
0.785398163397446,0.,0.,0.;                                          607P    765
126,1,1,0,0,1,0,-5.2,-5.2,-5.,-5.,1.,1.,72.395267670759,             609P    766
10.0697539195454,13.979030830673,72.395267670759,                    609P    767
12.0697539195454,13.979030830673,-5.2,-5.,0.,0.,0.;                  609P    768
126,1,1,0,0,1,0,0.,0.,0.2,0.2,1.,1.,72.395267670759,                 611P    769
10.0697539195454,13.979030830673,72.395267670759,                    611P    770
10.0697539195454,11.979030830673,0.,0.2,0.,0.,0.;                    611P    771
126,1,1,0,0,1,0,-0.199999999999999,-0.199999999999999,0.,0.,1.,      613P    772
1.,72.395267670759,12.0697539195454,11.979030830673,                 613P    773
72.395267670759,10.0697539195454,11.979030830673,                    613P    774
-0.199999999999999,0.,0.,0.,0.;                                      613P    775
126,1,1,0,0,1,0,0.,0.,0.2,0.2,1.,1.,72.395267670759,                 615P    776
12.0697539195454,13.979030830673,72.395267670759,                    615P    777
12.0697539195454,11.979030830673,0.,0.2,0.,0.,0.;                    615P    778
126,1,1,0,0,1,0,-3.125,-3.125,-1.925,-1.925,1.,1.,                   617P    779
72.395267670759,12.0697539195454,13.979030830673,                    617P    780
60.395267670759,12.0697539195454,13.979030830673,-3.125,-1.925,      617P    781
0.,0.,0.;                                                            617P    782
126,1,1,0,0,1,0,-1.2,-1.2,-8.88178419700125D-16,                     619P    783
-8.88178419700125D-16,1.,1.,60.395267670759,12.0697539195454,        619P    784
11.979030830673,72.395267670759,12.0697539195454,                    619P    785
11.979030830673,-1.2,-8.88178419700125D-16,0.,0.,0.;                 619P    786
126,1,1,0,0,1,0,0.,0.,0.2,0.2,1.,1.,60.3952676707591,                621P    787
12.0697539195454,13.979030830673,60.3952676707591,                   621P    788
12.0697539195454,11.979030830673,0.,0.2,0.,0.,0.;                    621P    789
126,1,1,0,0,1,0,4.9,4.9,5.1,5.1,1.,1.,60.3952676707591,              623P    790
12.0697539195454,13.979030830673,60.3952676707591,                   623P    791
10.0697539195454,13.979030830673,4.9,5.1,0.,0.,0.;                   623P    792
126,1,1,0,0,1,0,-0.199999999999999,-0.199999999999999,0.,0.,1.,      625P    793
1.,60.3952676707591,10.0697539195454,11.979030830673,                625P    794
60.3952676707591,12.0697539195454,11.979030830673,                   625P    795
-0.199999999999999,0.,0.,0.,0.;                                      625P    796
126,1,1,0,0,1,0,0.,0.,0.2,0.2,1.,1.,60.3952676707591,                627P    797
10.0697539195454,13.979030830673,60.3952676707591,                   627P    798
10.0697539195454,11.979030830673,0.,0.2,0.,0.,0.;                    627P    799
126,1,1,0,0,1,0,1.325,1.325,2.525,2.525,1.,1.,60.395267670759,       629P    800
10.0697539195454,13.979030830673,72.395267670759,                    629P    801
10.0697539195454,13.979030830673,1.325,2.525,0.,0.,0.;               629P    802
126,1,1,0,0,1,0,-1.2,-1.2,8.88178419700125D-16,                      631P    803
8.88178419700125D-16,1.,1.,72.395267670759,10.0697539195454,         631P    804
11.979030830673,60.395267670759,10.0697539195454,                    631P    805
11.979030830673,-1.2,8.88178419700125D-16,0.,0.,0.;                  631P    806
126,1,1,0,0,1,0,-2.825,-2.825,-2.625,-2.625,1.,1.,                   633P    807
-37.604732329241,200.569753919545,13.979030830673,                   633P    808
-35.604732329241,200.569753919545,13.979030830673,-2.825,-2.625,     633P    809
0.,0.,0.;                                                            633P    810
126,1,1,0,0,1,0,8.88178419700125D-16,8.88178419700125D-16,           635P    811
0.200000000000001,0.200000000000001,1.,1.,-37.604732329241,          635P    812
200.569753919545,13.979030830673,-37.604732329241,                   635P    813
200.569753919545,11.979030830673,8.88178419700125D-16,               635P    814
0.200000000000001,0.,0.,0.;                                          635P    815
126,1,1,0,0,1,0,0.,0.,0.2,0.2,1.,1.,-35.604732329241,                637P    816
200.569753919545,11.979030830673,-37.604732329241,                   637P    817
200.569753919545,11.979030830673,0.,0.2,0.,0.,0.;                    637P    818
126,1,1,0,0,1,0,8.88178419700125D-16,8.88178419700125D-16,           639P    819
0.200000000000001,0.200000000000001,1.,1.,-35.604732329241,          639P    820
200.569753919545,13.979030830673,-35.604732329241,                   639P    821
200.569753919545,11.979030830673,8.88178419700125D-16,               639P    822
0.200000000000001,0.,0.,0.;                                          639P    823
126,1,1,0,0,1,0,3.7,3.7,4.9,4.9,1.,1.,-35.604732329241,              641P    824
200.569753919545,13.979030830673,-35.604732329241,                   641P    825
212.569753919545,13.979030830673,3.7,4.9,0.,0.,0.;                   641P    826
126,1,1,0,0,1,0,-6.36608656940905D-32,-6.36608656940905D-32,1.2,     643P    827
1.2,1.,1.,-35.604732329241,212.569753919545,11.979030830673,         643P    828
-35.604732329241,200.569753919545,11.979030830673,                   643P    829
-6.36608656940905D-32,1.2,0.,0.,0.;                                  643P    830
126,1,1,0,0,1,0,8.88178419700125D-16,8.88178419700125D-16,           645P    831
0.200000000000001,0.200000000000001,1.,1.,-35.604732329241,          645P    832
212.569753919545,13.979030830673,-35.604732329241,                   645P    833
212.569753919545,11.979030830673,8.88178419700125D-16,               645P    834
0.200000000000001,0.,0.,0.;                                          645P    835
126,1,1,0,0,1,0,2.525,2.525,2.725,2.725,1.,1.,-35.604732329241,      647P    836
212.569753919545,13.979030830673,-37.604732329241,                   647P    837
212.569753919545,13.979030830673,2.525,2.725,0.,0.,0.;               647P    838
126,1,1,0,0,1,0,0.,0.,0.2,0.2,1.,1.,-37.604732329241,                649P    839
212.569753919545,11.979030830673,-35.604732329241,                   649P    840
212.569753919545,11.979030830673,0.,0.2,0.,0.,0.;                    649P    841
126,1,1,0,0,1,0,8.88178419700125D-16,8.88178419700125D-16,           651P    842
0.200000000000001,0.200000000000001,1.,1.,-37.604732329241,          651P    843
212.569753919545,13.979030830673,-37.604732329241,                   651P    844
212.569753919545,11.979030830673,8.88178419700125D-16,               651P    845
0.200000000000001,0.,0.,0.;                                          651P    846
126,1,1,0,0,1,0,-5.5,-5.5,-4.3,-4.3,1.,1.,-37.604732329241,          653P    847
212.569753919545,13.979030830673,-37.604732329241,                   653P    848
200.569753919545,13.979030830673,-5.5,-4.3,0.,0.,0.;                 653P    849
126,1,1,0,0,1,0,6.36608656940905D-32,6.36608656940905D-32,1.2,       655P    850
1.2,1.,1.,-37.604732329241,200.569753919545,11.979030830673,         655P    851
-37.604732329241,212.569753919545,11.979030830673,                   655P    852
6.36608656940905D-32,1.2,0.,0.,0.;                                   655P    853
126,1,1,0,0,1,0,1.32500000000001,1.32500000000001,2.525,2.525,       657P    854
1.,1.,60.3952676707591,217.069753919545,13.979030830673,             657P    855
72.3952676707591,217.069753919545,13.979030830673,                   657P    856
1.32500000000001,2.525,0.,0.,0.;                                     657P    857
126,1,1,0,0,1,0,8.88178419700125D-16,8.88178419700125D-16,           659P    858
0.200000000000001,0.200000000000001,1.,1.,60.3952676707591,          659P    859
217.069753919545,13.979030830673,60.3952676707591,                   659P    860
217.069753919545,11.979030830673,8.88178419700125D-16,               659P    861
0.200000000000001,0.,0.,0.;                                          659P    862
126,1,1,0,0,1,0,-2.66453525910038D-15,-2.66453525910038D-15,1.2,     661P    863
1.2,1.,1.,72.3952676707591,217.069753919545,11.979030830673,         661P    864
60.3952676707591,217.069753919545,11.979030830673,                   661P    865
-2.66453525910038D-15,1.2,0.,0.,0.;                                  661P    866
126,1,1,0,0,1,0,8.88178419700125D-16,8.88178419700125D-16,           663P    867
0.200000000000001,0.200000000000001,1.,1.,72.3952676707591,          663P    868
217.069753919545,13.979030830673,72.3952676707591,                   663P    869
217.069753919545,11.979030830673,8.88178419700125D-16,               663P    870
0.200000000000001,0.,0.,0.;                                          663P    871
126,1,1,0,0,1,0,4.9,4.9,5.1,5.1,1.,1.,72.3952676707591,              665P    872
217.069753919545,13.979030830673,72.3952676707591,                   665P    873
219.069753919545,13.979030830673,4.9,5.1,0.,0.,0.;                   665P    874
126,1,1,0,0,1,0,0.,0.,0.199999999999999,0.199999999999999,1.,1.,     667P    875
72.3952676707591,219.069753919545,11.979030830673,                   667P    876
72.3952676707591,217.069753919545,11.979030830673,0.,                667P    877
0.199999999999999,0.,0.,0.;                                          667P    878
126,1,1,0,0,1,0,8.88178419700125D-16,8.88178419700125D-16,           669P    879
0.200000000000001,0.200000000000001,1.,1.,72.3952676707591,          669P    880
219.069753919545,13.979030830673,72.3952676707591,                   669P    881
219.069753919545,11.979030830673,8.88178419700125D-16,               669P    882
0.200000000000001,0.,0.,0.;                                          669P    883
126,1,1,0,0,1,0,-3.125,-3.125,-1.92500000000001,                     671P    884
-1.92500000000001,1.,1.,72.3952676707591,219.069753919545,           671P    885
13.979030830673,60.3952676707591,219.069753919545,                   671P    886
13.979030830673,-3.125,-1.92500000000001,0.,0.,0.;                   671P    887
126,1,1,0,0,1,0,2.66453525910038D-15,2.66453525910038D-15,1.2,       673P    888
1.2,1.,1.,60.3952676707591,219.069753919545,11.979030830673,         673P    889
72.3952676707591,219.069753919545,11.979030830673,                   673P    890
2.66453525910038D-15,1.2,0.,0.,0.;                                   673P    891
126,1,1,0,0,1,0,8.88178419700125D-16,8.88178419700125D-16,           675P    892
0.200000000000001,0.200000000000001,1.,1.,60.3952676707591,          675P    893
219.069753919545,13.979030830673,60.3952676707591,                   675P    894
219.069753919545,11.979030830673,8.88178419700125D-16,               675P    895
0.200000000000001,0.,0.,0.;                                          675P    896
126,1,1,0,0,1,0,-5.2,-5.2,-5.,-5.,1.,1.,60.3952676707591,            677P    897
219.069753919545,13.979030830673,60.3952676707591,                   677P    898
217.069753919545,13.979030830673,-5.2,-5.,0.,0.,0.;                  677P    899
126,1,1,0,0,1,0,0.,0.,0.199999999999999,0.199999999999999,1.,1.,     679P    900
60.3952676707591,217.069753919545,11.979030830673,                   679P    901
60.3952676707591,219.069753919545,11.979030830673,0.,                679P    902
0.199999999999999,0.,0.,0.;                                          679P    903
126,1,1,0,0,1,0,3.7,3.7,4.9,4.9,1.,1.,-37.604732329241,              681P    904
28.5697539195453,13.979030830673,-37.604732329241,                   681P    905
16.5697539195454,13.979030830673,3.7,4.9,0.,0.,0.;                   681P    906
126,1,1,0,0,1,0,8.88178419700125D-16,8.88178419700125D-16,           683P    907
0.200000000000001,0.200000000000001,1.,1.,-37.604732329241,          683P    908
28.5697539195454,13.979030830673,-37.604732329241,                   683P    909
28.5697539195454,11.979030830673,8.88178419700125D-16,               683P    910
0.200000000000001,0.,0.,0.;                                          683P    911
126,1,1,0,0,1,0,-1.2,-1.2,-1.77635683940025D-15,                     685P    912
-1.77635683940025D-15,1.,1.,-37.604732329241,16.5697539195454,       685P    913
11.979030830673,-37.604732329241,28.5697539195453,                   685P    914
11.979030830673,-1.2,-1.77635683940025D-15,0.,0.,0.;                 685P    915
126,1,1,0,0,1,0,8.88178419700125D-16,8.88178419700125D-16,           687P    916
0.200000000000001,0.200000000000001,1.,1.,-37.604732329241,          687P    917
16.5697539195454,13.979030830673,-37.604732329241,                   687P    918
16.5697539195454,11.979030830673,8.88178419700125D-16,               687P    919
0.200000000000001,0.,0.,0.;                                          687P    920
126,1,1,0,0,1,0,-2.825,-2.825,-2.625,-2.625,1.,1.,                   689P    921
-37.604732329241,16.5697539195454,13.979030830673,                   689P    922
-35.604732329241,16.5697539195454,13.979030830673,-2.825,-2.625,     689P    923
0.,0.,0.;                                                            689P    924
126,1,1,0,0,1,0,-0.2,-0.2,0.,0.,1.,1.,-35.604732329241,              691P    925
16.5697539195454,11.979030830673,-37.604732329241,                   691P    926
16.5697539195454,11.979030830673,-0.2,0.,0.,0.,0.;                   691P    927
126,1,1,0,0,1,0,8.88178419700125D-16,8.88178419700125D-16,           693P    928
0.200000000000001,0.200000000000001,1.,1.,-35.604732329241,          693P    929
16.5697539195454,13.979030830673,-35.604732329241,                   693P    930
16.5697539195454,11.979030830673,8.88178419700125D-16,               693P    931
0.200000000000001,0.,0.,0.;                                          693P    932
126,1,1,0,0,1,0,-5.5,-5.5,-4.3,-4.3,1.,1.,-35.604732329241,          695P    933
16.5697539195454,13.979030830673,-35.604732329241,                   695P    934
28.5697539195453,13.979030830673,-5.5,-4.3,0.,0.,0.;                 695P    935
126,1,1,0,0,1,0,-1.2,-1.2,1.55431223447522D-15,                      697P    936
1.55431223447522D-15,1.,1.,-35.604732329241,28.5697539195453,        697P    937
11.979030830673,-35.604732329241,16.5697539195454,                   697P    938
11.979030830673,-1.2,1.55431223447522D-15,0.,0.,0.;                  697P    939
126,1,1,0,0,1,0,8.88178419700125D-16,8.88178419700125D-16,           699P    940
0.200000000000001,0.200000000000001,1.,1.,-35.604732329241,          699P    941
28.5697539195454,13.979030830673,-35.604732329241,                   699P    942
28.5697539195454,11.979030830673,8.88178419700125D-16,               699P    943
0.200000000000001,0.,0.,0.;                                          699P    944
126,1,1,0,0,1,0,2.525,2.525,2.725,2.725,1.,1.,-35.604732329241,      701P    945
28.5697539195454,13.979030830673,-37.604732329241,                   701P    946
28.5697539195454,13.979030830673,2.525,2.725,0.,0.,0.;               701P    947
126,1,1,0,0,1,0,-0.2,-0.2,0.,0.,1.,1.,-37.604732329241,              703P    948
28.5697539195454,11.979030830673,-35.604732329241,                   703P    949
28.5697539195454,11.979030830673,-0.2,0.,0.,0.,0.;                   703P    950
126,1,1,0,0,1,0,-5.5,-5.5,-4.3,-4.3,1.,1.,76.3952676707591,          705P    951
16.5697539195454,13.979030830673,76.3952676707591,                   705P    952
28.5697539195454,13.979030830673,-5.5,-4.3,0.,0.,0.;                 705P    953
126,1,1,0,0,1,0,0.,0.,0.2,0.2,1.,1.,76.3952676707591,                707P    954
16.5697539195454,13.979030830673,76.3952676707591,                   707P    955
16.5697539195454,11.979030830673,0.,0.2,0.,0.,0.;                    707P    956
126,1,1,0,0,1,0,0.,0.,1.2,1.2,1.,1.,76.3952676707591,                709P    957
28.5697539195454,11.979030830673,76.3952676707591,                   709P    958
16.5697539195454,11.979030830673,0.,1.2,0.,0.,0.;                    709P    959
126,1,1,0,0,1,0,0.,0.,0.2,0.2,1.,1.,76.3952676707591,                711P    960
28.5697539195454,13.979030830673,76.3952676707591,                   711P    961
28.5697539195454,11.979030830673,0.,0.2,0.,0.,0.;                    711P    962
126,1,1,0,0,1,0,-2.825,-2.825,-2.625,-2.625,1.,1.,                   713P    963
76.3952676707591,28.5697539195454,13.979030830673,                   713P    964
74.3952676707591,28.5697539195454,13.979030830673,-2.825,-2.625,     713P    965
0.,0.,0.;                                                            713P    966
126,1,1,0,0,1,0,0.,0.,0.200000000000001,0.200000000000001,1.,1.,     715P    967
74.3952676707591,28.5697539195454,11.979030830673,                   715P    968
76.3952676707591,28.5697539195454,11.979030830673,0.,                715P    969
0.200000000000001,0.,0.,0.;                                          715P    970
126,1,1,0,0,1,0,0.,0.,0.2,0.2,1.,1.,74.3952676707591,                717P    971
28.5697539195454,13.979030830673,74.3952676707591,                   717P    972
28.5697539195454,11.979030830673,0.,0.2,0.,0.,0.;                    717P    973
126,1,1,0,0,1,0,3.7,3.7,4.9,4.9,1.,1.,74.3952676707591,              719P    974
28.5697539195454,13.979030830673,74.3952676707591,                   719P    975
16.5697539195454,13.979030830673,3.7,4.9,0.,0.,0.;                   719P    976
126,1,1,0,0,1,0,0.,0.,1.2,1.2,1.,1.,74.3952676707591,                721P    977
16.5697539195454,11.979030830673,74.3952676707591,                   721P    978
28.5697539195454,11.979030830673,0.,1.2,0.,0.,0.;                    721P    979
126,1,1,0,0,1,0,0.,0.,0.2,0.2,1.,1.,74.3952676707591,                723P    980
16.5697539195454,13.979030830673,74.3952676707591,                   723P    981
16.5697539195454,11.979030830673,0.,0.2,0.,0.,0.;                    723P    982
126,1,1,0,0,1,0,2.525,2.525,2.725,2.725,1.,1.,74.3952676707591,      725P    983
16.5697539195454,13.979030830673,76.3952676707591,                   725P    984
16.5697539195454,13.979030830673,2.525,2.725,0.,0.,0.;               725P    985
126,1,1,0,0,1,0,0.,0.,0.200000000000001,0.200000000000001,1.,1.,     727P    986
76.3952676707591,16.5697539195454,11.979030830673,                   727P    987
74.3952676707591,16.5697539195454,11.979030830673,0.,                727P    988
0.200000000000001,0.,0.,0.;                                          727P    989
126,1,1,0,0,1,0,4.9,4.9,5.1,5.1,1.,1.,-16.604732329241,              729P    990
217.069753919545,13.979030830673,-16.604732329241,                   729P    991
219.069753919545,13.979030830673,4.9,5.1,0.,0.,0.;                   729P    992
126,1,1,0,0,1,0,8.88178419700125D-16,8.88178419700125D-16,           731P    993
0.200000000000001,0.200000000000001,1.,1.,-16.604732329241,          731P    994
217.069753919545,13.979030830673,-16.604732329241,                   731P    995
217.069753919545,11.979030830673,8.88178419700125D-16,               731P    996
0.200000000000001,0.,0.,0.;                                          731P    997
126,1,1,0,0,1,0,-0.199999999999999,-0.199999999999999,0.,0.,1.,      733P    998
1.,-16.604732329241,219.069753919545,11.979030830673,                733P    999
-16.604732329241,217.069753919545,11.979030830673,                   733P   1000
-0.199999999999999,0.,0.,0.,0.;                                      733P   1001
126,1,1,0,0,1,0,8.88178419700125D-16,8.88178419700125D-16,           735P   1002
0.200000000000001,0.200000000000001,1.,1.,-16.604732329241,          735P   1003
219.069753919545,13.979030830673,-16.604732329241,                   735P   1004
219.069753919545,11.979030830673,8.88178419700125D-16,               735P   1005
0.200000000000001,0.,0.,0.;                                          735P   1006
126,1,1,0,0,1,0,1.325,1.325,2.525,2.525,1.,1.,-16.6047323292409,     737P   1007
219.069753919545,13.979030830673,-28.6047323292409,                  737P   1008
219.069753919545,13.979030830673,1.325,2.525,0.,0.,0.;               737P   1009
126,1,1,0,0,1,0,-1.2,-1.2,2.22044604925031D-15,                      739P   1010
2.22044604925031D-15,1.,1.,-28.6047323292409,219.069753919545,       739P   1011
11.979030830673,-16.6047323292409,219.069753919545,                  739P   1012
11.979030830673,-1.2,2.22044604925031D-15,0.,0.,0.;                  739P   1013
126,1,1,0,0,1,0,8.88178419700125D-16,8.88178419700125D-16,           741P   1014
0.200000000000001,0.200000000000001,1.,1.,-28.604732329241,          741P   1015
219.069753919545,13.979030830673,-28.604732329241,                   741P   1016
219.069753919545,11.979030830673,8.88178419700125D-16,               741P   1017
0.200000000000001,0.,0.,0.;                                          741P   1018
126,1,1,0,0,1,0,-5.2,-5.2,-5.,-5.,1.,1.,-28.604732329241,            743P   1019
219.069753919545,13.979030830673,-28.604732329241,                   743P   1020
217.069753919545,13.979030830673,-5.2,-5.,0.,0.,0.;                  743P   1021
126,1,1,0,0,1,0,-0.199999999999999,-0.199999999999999,0.,0.,1.,      745P   1022
1.,-28.604732329241,217.069753919545,11.979030830673,                745P   1023
-28.604732329241,219.069753919545,11.979030830673,                   745P   1024
-0.199999999999999,0.,0.,0.,0.;                                      745P   1025
126,1,1,0,0,1,0,8.88178419700125D-16,8.88178419700125D-16,           747P   1026
0.200000000000001,0.200000000000001,1.,1.,-28.604732329241,          747P   1027
217.069753919545,13.979030830673,-28.604732329241,                   747P   1028
217.069753919545,11.979030830673,8.88178419700125D-16,               747P   1029
0.200000000000001,0.,0.,0.;                                          747P   1030
126,1,1,0,0,1,0,-3.125,-3.125,-1.925,-1.925,1.,1.,                   749P   1031
-28.6047323292409,217.069753919545,13.979030830673,                  749P   1032
-16.6047323292409,217.069753919545,13.979030830673,-3.125,           749P   1033
-1.925,0.,0.,0.;                                                     749P   1034
126,1,1,0,0,1,0,-1.2,-1.2,-2.22044604925031D-15,                     751P   1035
-2.22044604925031D-15,1.,1.,-16.6047323292409,217.069753919545,      751P   1036
11.979030830673,-28.6047323292409,217.069753919545,                  751P   1037
11.979030830673,-1.2,-2.22044604925031D-15,0.,0.,0.;                 751P   1038
126,1,1,0,0,1,0,-2.825,-2.825,-2.625,-2.625,1.,1.,                   753P   1039
76.3952676707591,212.569753919545,13.979030830673,                   753P   1040
74.3952676707591,212.569753919545,13.979030830673,-2.825,-2.625,     753P   1041
0.,0.,0.;                                                            753P   1042
126,1,1,0,0,1,0,0.,0.,0.2,0.2,1.,1.,76.3952676707591,                755P   1043
212.569753919545,13.979030830673,76.3952676707591,                   755P   1044
212.569753919545,11.979030830673,0.,0.2,0.,0.,0.;                    755P   1045
126,1,1,0,0,1,0,-0.200000000000001,-0.200000000000001,0.,0.,1.,      757P   1046
1.,74.3952676707591,212.569753919545,11.979030830673,                757P   1047
76.3952676707591,212.569753919545,11.979030830673,                   757P   1048
-0.200000000000001,0.,0.,0.,0.;                                      757P   1049
126,1,1,0,0,1,0,0.,0.,0.2,0.2,1.,1.,74.3952676707591,                759P   1050
212.569753919545,13.979030830673,74.3952676707591,                   759P   1051
212.569753919545,11.979030830673,0.,0.2,0.,0.,0.;                    759P   1052
126,1,1,0,0,1,0,-5.5,-5.5,-4.3,-4.3,1.,1.,74.3952676707591,          761P   1053
212.569753919545,13.979030830673,74.3952676707591,                   761P   1054
200.569753919545,13.979030830673,-5.5,-4.3,0.,0.,0.;                 761P   1055
126,1,1,0,0,1,0,-1.2,-1.2,0.,0.,1.,1.,74.3952676707591,              763P   1056
200.569753919545,11.979030830673,74.3952676707591,                   763P   1057
212.569753919545,11.979030830673,-1.2,0.,0.,0.,0.;                   763P   1058
126,1,1,0,0,1,0,0.,0.,0.2,0.2,1.,1.,74.3952676707591,                765P   1059
200.569753919545,13.979030830673,74.3952676707591,                   765P   1060
200.569753919545,11.979030830673,0.,0.2,0.,0.,0.;                    765P   1061
126,1,1,0,0,1,0,2.525,2.525,2.725,2.725,1.,1.,74.3952676707591,      767P   1062
200.569753919545,13.979030830673,76.3952676707591,                   767P   1063
200.569753919545,13.979030830673,2.525,2.725,0.,0.,0.;               767P   1064
126,1,1,0,0,1,0,-0.200000000000001,-0.200000000000001,0.,0.,1.,      769P   1065
1.,76.3952676707591,200.569753919545,11.979030830673,                769P   1066
74.3952676707591,200.569753919545,11.979030830673,                   769P   1067
-0.200000000000001,0.,0.,0.,0.;                                      769P   1068
126,1,1,0,0,1,0,0.,0.,0.2,0.2,1.,1.,76.3952676707591,                771P   1069
200.569753919545,13.979030830673,76.3952676707591,                   771P   1070
200.569753919545,11.979030830673,0.,0.2,0.,0.,0.;                    771P   1071
126,1,1,0,0,1,0,3.7,3.7,4.9,4.9,1.,1.,76.3952676707591,              773P   1072
200.569753919545,13.979030830673,76.3952676707591,                   773P   1073
212.569753919545,13.979030830673,3.7,4.9,0.,0.,0.;                   773P   1074
126,1,1,0,0,1,0,-1.2,-1.2,0.,0.,1.,1.,76.3952676707591,              775P   1075
212.569753919545,11.979030830673,76.3952676707591,                   775P   1076
200.569753919545,11.979030830673,-1.2,0.,0.,0.,0.;                   775P   1077
126,1,1,0,0,1,0,-3.125,-3.125,-1.925,-1.925,1.,1.,                   777P   1078
-28.604732329241,10.0697539195454,13.979030830673,                   777P   1079
-16.604732329241,10.0697539195454,13.979030830673,-3.125,-1.925,     777P   1080
0.,0.,0.;                                                            777P   1081
126,1,1,0,0,1,0,0.,0.,0.2,0.2,1.,1.,-28.604732329241,                779P   1082
10.0697539195454,13.979030830673,-28.604732329241,                   779P   1083
10.0697539195454,11.979030830673,0.,0.2,0.,0.,0.;                    779P   1084
126,1,1,0,0,1,0,2.22044604925031D-16,2.22044604925031D-16,1.2,       781P   1085
1.2,1.,1.,-16.604732329241,10.0697539195454,11.979030830673,         781P   1086
-28.604732329241,10.0697539195454,11.979030830673,                   781P   1087
2.22044604925031D-16,1.2,0.,0.,0.;                                   781P   1088
126,1,1,0,0,1,0,0.,0.,0.2,0.2,1.,1.,-16.604732329241,                783P   1089
10.0697539195454,13.979030830673,-16.604732329241,                   783P   1090
10.0697539195454,11.979030830673,0.,0.2,0.,0.,0.;                    783P   1091
126,1,1,0,0,1,0,-5.2,-5.2,-5.,-5.,1.,1.,-16.604732329241,            785P   1092
10.0697539195454,13.979030830673,-16.604732329241,                   785P   1093
12.0697539195454,13.979030830673,-5.2,-5.,0.,0.,0.;                  785P   1094
126,1,1,0,0,1,0,0.,0.,0.199999999999999,0.199999999999999,1.,1.,     787P   1095
-16.604732329241,12.0697539195454,11.979030830673,                   787P   1096
-16.604732329241,10.0697539195454,11.979030830673,0.,                787P   1097
0.199999999999999,0.,0.,0.;                                          787P   1098
126,1,1,0,0,1,0,0.,0.,0.2,0.2,1.,1.,-16.604732329241,                789P   1099
12.0697539195454,13.979030830673,-16.604732329241,                   789P   1100
12.0697539195454,11.979030830673,0.,0.2,0.,0.,0.;                    789P   1101
126,1,1,0,0,1,0,1.325,1.325,2.525,2.525,1.,1.,-16.604732329241,      791P   1102
12.0697539195454,13.979030830673,-28.604732329241,                   791P   1103
12.0697539195454,13.979030830673,1.325,2.525,0.,0.,0.;               791P   1104
126,1,1,0,0,1,0,-4.44089209850063D-16,-4.44089209850063D-16,1.2,     793P   1105
1.2,1.,1.,-28.604732329241,12.0697539195454,11.979030830673,         793P   1106
-16.604732329241,12.0697539195454,11.979030830673,                   793P   1107
-4.44089209850063D-16,1.2,0.,0.,0.;                                  793P   1108
126,1,1,0,0,1,0,0.,0.,0.2,0.2,1.,1.,-28.604732329241,                795P   1109
12.0697539195454,13.979030830673,-28.604732329241,                   795P   1110
12.0697539195454,11.979030830673,0.,0.2,0.,0.,0.;                    795P   1111
126,1,1,0,0,1,0,4.9,4.9,5.1,5.1,1.,1.,-28.604732329241,              797P   1112
12.0697539195454,13.979030830673,-28.604732329241,                   797P   1113
10.0697539195454,13.979030830673,4.9,5.1,0.,0.,0.;                   797P   1114
126,1,1,0,0,1,0,0.,0.,0.199999999999999,0.199999999999999,1.,1.,     799P   1115
-28.604732329241,10.0697539195454,11.979030830673,                   799P   1116
-28.604732329241,12.0697539195454,11.979030830673,0.,                799P   1117
0.199999999999999,0.,0.,0.;                                          799P   1118
126,1,1,0,0,1,0,-0.00207209829894417,-0.00207209829894417,           801P   1119
0.297927901701056,0.297927901701056,1.,1.,63.2672011195295,          801P   1120
94.9512793240294,13.979030830673,63.2672011195295,                   801P   1121
94.9512793240294,16.979030830673,-0.00207209829894417,               801P   1122
0.297927901701056,0.,0.,0.;                                          801P   1123
126,1,1,0,0,1,0,-4.01859667243853,-4.01859667243853,                 803P   1124
-0.118596672438526,-0.118596672438526,1.,1.,63.2672011195295,        803P   1125
94.9512793240294,13.979030830673,24.2672011195295,                   803P   1126
94.9512793240294,13.979030830673,-4.01859667243853,                  803P   1127
-0.118596672438526,0.,0.,0.;                                         803P   1128
126,1,1,0,0,1,0,-0.00207209829894417,-0.00207209829894417,           805P   1129
0.297927901701056,0.297927901701056,1.,1.,24.2672011195295,          805P   1130
94.9512793240294,13.979030830673,24.2672011195295,                   805P   1131
94.9512793240294,16.979030830673,-0.00207209829894417,               805P   1132
0.297927901701056,0.,0.,0.;                                          805P   1133
126,1,1,0,0,1,0,-2.9309237297758,-2.9309237297758,                   807P   1134
0.969076270224203,0.969076270224203,1.,1.,24.2672011195295,          807P   1135
94.9512793240294,13.979030830673,24.2672011195295,                   807P   1136
133.951279324029,13.979030830673,-2.9309237297758,                   807P   1137
0.969076270224203,0.,0.,0.;                                          807P   1138
126,1,1,0,0,1,0,-0.00207209829894417,-0.00207209829894417,           809P   1139
0.297927901701056,0.297927901701056,1.,1.,24.2672011195295,          809P   1140
133.951279324029,13.979030830673,24.2672011195295,                   809P   1141
133.951279324029,16.979030830673,-0.00207209829894417,               809P   1142
0.297927901701056,0.,0.,0.;                                          809P   1143
126,1,1,0,0,1,0,-0.00207209829894417,-0.00207209829894417,           811P   1144
0.297927901701056,0.297927901701056,1.,1.,63.2672011195295,          811P   1145
133.951279324029,13.979030830673,63.2672011195295,                   811P   1146
133.951279324029,16.979030830673,-0.00207209829894417,               811P   1147
0.297927901701056,0.,0.,0.;                                          811P   1148
126,1,1,0,0,1,0,-2.9190762702242,-2.9190762702242,                   813P   1149
0.980923729775798,0.980923729775798,1.,1.,63.2672011195295,          813P   1150
133.951279324029,13.979030830673,63.2672011195295,                   813P   1151
94.9512793240294,13.979030830673,-2.9190762702242,                   813P   1152
0.980923729775798,0.,0.,0.;                                          813P   1153
126,1,1,0,0,1,0,-1.83140332756147,-1.83140332756147,                 815P   1154
2.06859667243853,2.06859667243853,1.,1.,24.2672011195295,            815P   1155
133.951279324029,13.979030830673,63.2672011195295,                   815P   1156
133.951279324029,13.979030830673,-1.83140332756147,                  815P   1157
2.06859667243853,0.,0.,0.;                                           815P   1158
126,1,1,0,0,1,0,-1.53138564637821,-1.53138564637821,                 817P   1159
4.49451975125137,4.49451975125137,1.,1.,23.2035536293492,            817P   1160
71.9587131634259,13.979030830673,67.7916424513396,                   817P   1161
31.4240869616165,13.979030830673,-1.53138564637821,                  817P   1162
4.49451975125137,0.,0.,0.;                                           817P   1163
126,2,2,0,0,0,0,0.,0.,0.,1.5707963267949,1.5707963267949,            819P   1164
1.5707963267949,1.,0.707106781186555,1.,67.7916424513396,            819P   1165
31.4240869616165,13.979030830673,68.7535645467543,                   819P   1166
30.5496123294213,13.979030830673,69.6280391789495,                   819P   1167
31.511534424836,13.979030830673,0.,1.5707963267949,0.,0.,0.;         819P   1168
126,1,1,0,0,1,0,-1.52022741342481,-1.52022741342481,                 821P   1169
-1.41472941192021,-1.41472941192021,1.,1.,69.6280391789495,          821P   1170
31.511534424836,13.979030830673,70.3376955332808,                    821P   1171
32.2921564146004,13.979030830673,-1.52022741342481,                  821P   1172
-1.41472941192021,0.,0.,0.;                                          821P   1173
126,2,2,0,0,0,0,0.,0.,0.,1.5707963267949,1.5707963267949,            823P   1174
1.5707963267949,1.,0.707106781186547,1.,70.3376955332808,            823P   1175
32.2921564146004,13.979030830673,71.212170165476,                    823P   1176
33.2540785100151,13.979030830673,70.2502480700613,                   823P   1177
34.1285531422103,13.979030830673,0.,1.5707963267949,0.,0.,0.;        823P   1178
126,1,1,0,0,1,0,-7.50658469789267,-7.50658469789267,                 825P   1179
-1.48245480461008,-1.48245480461008,1.,1.,70.2502480700613,          825P   1180
34.1285531422103,13.979030830673,25.6752969162391,                   825P   1181
74.6512360093213,13.979030830673,-7.50658469789267,                  825P   1182
-1.48245480461008,0.,0.,0.;                                          825P   1183
126,2,2,0,0,0,0,0.,0.,0.,1.55396817158147,1.55396817158147,          827P   1184
1.55396817158147,1.,0.713031332050967,1.,25.6752969162391,           827P   1185
74.6512360093213,13.979030830673,24.7294275054425,                   827P   1186
75.5111172918636,13.979030830673,23.8537514875362,                   827P   1187
74.5798513395112,13.979030830673,0.,1.55396817158147,0.,0.,0.;       827P   1188
126,1,1,0,0,1,0,1.33682682762709,1.33682682762709,                   829P   1189
1.44233976871562,1.44233976871562,1.,1.,23.8537514875362,            829P   1190
74.5798513395112,13.979030830673,23.1309574650367,                   829P   1191
73.8111726844452,13.979030830673,1.33682682762709,                   829P   1192
1.44233976871562,0.,0.,0.;                                           829P   1193
126,4,2,0,0,0,0,0.,0.,0.,0.793812241004149,0.793812241004149,        831P   1194
1.5876244820083,1.5876244820083,1.5876244820083,1.,                  831P   1195
0.922261397270164,1.,0.922261397270178,1.,23.1309574650367,          831P   1196
73.8111726844452,13.979030830673,22.7576877696558,                   831P   1197
73.4142069673934,13.979030830673,22.7790253722247,                   831P   1198
72.8697285447531,13.979030830673,22.8003629747937,                   831P   1199
72.3252501221127,13.979030830673,23.2035536293491,                   831P   1200
71.9587131634259,13.979030830673,0.,1.5876244820083,0.,0.,0.;        831P   1201
126,1,1,0,0,1,0,-7.13661466119469,-7.13661466119469,                 833P   1202
-1.11248476791211,-1.11248476791211,1.,1.,60.2502480700613,          833P   1203
34.1285531422103,13.979030830673,15.6752969162391,                   833P   1204
74.6512360093213,13.979030830673,-7.13661466119469,                  833P   1205
-1.11248476791211,0.,0.,0.;                                          833P   1206
126,2,2,0,0,0,0,0.,0.,0.,1.55396817158147,1.55396817158147,          835P   1207
1.55396817158147,1.,0.713031332050967,1.,15.6752969162391,           835P   1208
74.6512360093213,13.979030830673,14.7294275054425,                   835P   1209
75.5111172918636,13.979030830673,13.8537514875362,                   835P   1210
74.5798513395112,13.979030830673,0.,1.55396817158147,0.,0.,0.;       835P   1211
126,1,1,0,0,1,0,1.67934122209038,1.67934122209038,                   837P   1212
1.78485416317891,1.78485416317891,1.,1.,13.8537514875362,            837P   1213
74.5798513395112,13.979030830673,13.1309574650367,                   837P   1214
73.8111726844452,13.979030830673,1.67934122209038,                   837P   1215
1.78485416317891,0.,0.,0.;                                           837P   1216
126,4,2,0,0,0,0,0.,0.,0.,0.793812241004156,0.793812241004156,        839P   1217
1.58762448200831,1.58762448200831,1.58762448200831,1.,               839P   1218
0.922261397270143,1.,0.922261397270174,1.,13.1309574650367,          839P   1219
73.8111726844452,13.979030830673,12.7576877696558,                   839P   1220
73.4142069673934,13.979030830673,12.7790253722247,                   839P   1221
72.8697285447531,13.979030830673,12.8003629747937,                   839P   1222
72.3252501221127,13.979030830673,13.2035536293492,                   839P   1223
71.9587131634259,13.979030830673,0.,1.58762448200831,0.,0.,0.;       839P   1224
126,1,1,0,0,1,0,-1.90135568307618,-1.90135568307618,                 841P   1225
4.1245497145534,4.1245497145534,1.,1.,13.2035536293492,              841P   1226
71.9587131634259,13.979030830673,57.7916424513396,                   841P   1227
31.4240869616165,13.979030830673,-1.90135568307618,                  841P   1228
4.1245497145534,0.,0.,0.;                                            841P   1229
126,2,2,0,0,0,0,0.,0.,0.,1.57079632679491,1.57079632679491,          843P   1230
1.57079632679491,1.,0.707106781186541,1.,57.7916424513396,           843P   1231
31.4240869616165,13.979030830673,58.7535645467543,                   843P   1232
30.5496123294213,13.979030830673,59.6280391789495,                   843P   1233
31.511534424836,13.979030830673,0.,1.57079632679491,0.,0.,0.;        843P   1234
126,1,1,0,0,1,0,-1.85656381042296,-1.85656381042296,                 845P   1235
-1.75106580891836,-1.75106580891836,1.,1.,59.6280391789495,          845P   1236
31.511534424836,13.979030830673,60.3376955332808,                    845P   1237
32.2921564146004,13.979030830673,-1.85656381042296,                  845P   1238
-1.75106580891836,0.,0.,0.;                                          845P   1239
126,2,2,0,0,0,0,0.,0.,0.,1.5707963267949,1.5707963267949,            847P   1240
1.5707963267949,1.,0.707106781186547,1.,60.3376955332808,            847P   1241
32.2921564146004,13.979030830673,61.212170165476,                    847P   1242
33.2540785100151,13.979030830673,60.2502480700613,                   847P   1243
34.1285531422103,13.979030830673,0.,1.5707963267949,0.,0.,0.;        847P   1244
126,1,1,0,0,1,0,-3.20190939841556,-3.20190939841556,                 849P   1245
-3.09641139691096,-3.09641139691096,1.,1.,19.6280391789495,          849P   1246
31.511534424836,13.979030830673,20.3376955332808,                    849P   1247
32.2921564146004,13.979030830673,-3.20190939841556,                  849P   1248
-3.09641139691096,0.,0.,0.;                                          849P   1249
126,2,2,0,0,0,0,0.,0.,0.,1.5707963267949,1.5707963267949,            851P   1250
1.5707963267949,1.,0.707106781186547,1.,20.3376955332808,            851P   1251
32.2921564146004,13.979030830673,21.212170165476,                    851P   1252
33.2540785100151,13.979030830673,20.2502480700613,                   851P   1253
34.1285531422103,13.979030830673,0.,1.5707963267949,0.,0.,0.;        851P   1254
126,1,1,0,0,1,0,-5.65673451440281,-5.65673451440281,                 853P   1255
0.367395378879781,0.367395378879781,1.,1.,20.2502480700613,          853P   1256
34.1285531422103,13.979030830673,-24.3247030837609,                  853P   1257
74.6512360093213,13.979030830673,-5.65673451440281,                  853P   1258
0.367395378879781,0.,0.,0.;                                          853P   1259
126,2,2,0,0,0,0,0.,0.,0.,1.55396817158147,1.55396817158147,          855P   1260
1.55396817158147,1.,0.713031332050967,1.,-24.3247030837609,          855P   1261
74.6512360093213,13.979030830673,-25.2705724945575,                  855P   1262
75.5111172918636,13.979030830673,-26.1462485124638,                  855P   1263
74.5798513395112,13.979030830673,0.,1.55396817158147,0.,0.,0.;       855P   1264
126,1,1,0,0,1,0,3.04939879994353,3.04939879994353,                   857P   1265
3.15491174103205,3.15491174103205,1.,1.,-26.1462485124638,           857P   1266
74.5798513395112,13.979030830673,-26.8690425349633,                  857P   1267
73.8111726844452,13.979030830673,3.04939879994353,                   857P   1268
3.15491174103205,0.,0.,0.;                                           857P   1269
126,4,2,0,0,0,0,0.,0.,0.,0.793812241004155,0.793812241004155,        859P   1270
1.58762448200831,1.58762448200831,1.58762448200831,1.,               859P   1271
0.922261397270124,1.,0.922261397270183,1.,-26.8690425349633,         859P   1272
73.8111726844452,13.979030830673,-27.2423122303442,                  859P   1273
73.4142069673934,13.979030830673,-27.2209746277753,                  859P   1274
72.8697285447531,13.979030830673,-27.1996370252063,                  859P   1275
72.3252501221127,13.979030830673,-26.7964463706508,                  859P   1276
71.9587131634259,13.979030830673,0.,1.58762448200831,0.,0.,0.;       859P   1277
126,1,1,0,0,1,0,-3.38123582986806,-3.38123582986806,                 861P   1278
2.64466956776151,2.64466956776151,1.,1.,-26.7964463706508,           861P   1279
71.9587131634259,13.979030830673,17.7916424513396,                   861P   1280
31.4240869616165,13.979030830673,-3.38123582986806,                  861P   1281
2.64466956776151,0.,0.,0.;                                           861P   1282
126,2,2,0,0,0,0,0.,0.,0.,1.5707963267949,1.5707963267949,            863P   1283
1.5707963267949,1.,0.707106781186551,1.,17.7916424513396,            863P   1284
31.4240869616165,13.979030830673,18.7535645467543,                   863P   1285
30.5496123294213,13.979030830673,19.6280391789495,                   863P   1286
31.511534424836,13.979030830673,0.,1.5707963267949,0.,0.,0.;         863P   1287
126,1,1,0,0,1,0,-2.86557300141741,-2.86557300141741,                 865P   1288
-2.76007499991281,-2.76007499991281,1.,1.,29.6280391789495,          865P   1289
31.511534424836,13.979030830673,30.3376955332808,                    865P   1290
32.2921564146004,13.979030830673,-2.86557300141741,                  865P   1291
-2.76007499991281,0.,0.,0.;                                          865P   1292
126,2,2,0,0,0,0,0.,0.,0.,1.5707963267949,1.5707963267949,            867P   1293
1.5707963267949,1.,0.707106781186547,1.,30.3376955332808,            867P   1294
32.2921564146004,13.979030830673,31.212170165476,                    867P   1295
33.2540785100151,13.979030830673,30.2502480700613,                   867P   1296
34.1285531422103,13.979030830673,0.,1.5707963267949,0.,0.,0.;        867P   1297
126,1,1,0,0,1,0,-6.02670455110078,-6.02670455110078,                 869P   1298
-0.00257465781819111,-0.00257465781819111,1.,1.,                     869P   1299
30.2502480700613,34.1285531422103,13.979030830673,                   869P   1300
-14.3247030837609,74.6512360093213,13.979030830673,                  869P   1301
-6.02670455110078,-0.00257465781819111,0.,0.,0.;                     869P   1302
126,2,2,0,0,0,0,0.,0.,0.,1.55396817158147,1.55396817158147,          871P   1303
1.55396817158147,1.,0.713031332050967,1.,-14.3247030837609,          871P   1304
74.6512360093213,13.979030830673,-15.2705724945575,                  871P   1305
75.5111172918636,13.979030830673,-16.1462485124638,                  871P   1306
74.5798513395112,13.979030830673,0.,1.55396817158147,0.,0.,0.;       871P   1307
126,1,1,0,0,1,0,2.70688440548024,2.70688440548024,                   873P   1308
2.81239734656877,2.81239734656877,1.,1.,-16.1462485124638,           873P   1309
74.5798513395112,13.979030830673,-16.8690425349633,                  873P   1310
73.8111726844452,13.979030830673,2.70688440548024,                   873P   1311
2.81239734656877,0.,0.,0.;                                           873P   1312
126,4,2,0,0,0,0,0.,0.,0.,0.793812241004155,0.793812241004155,        875P   1313
1.58762448200831,1.58762448200831,1.58762448200831,1.,               875P   1314
0.92226139727016,1.,0.922261397270183,1.,-16.8690425349633,          875P   1315
73.8111726844452,13.979030830673,-17.2423122303442,                  875P   1316
73.4142069673934,13.979030830673,-17.2209746277753,                  875P   1317
72.8697285447531,13.979030830673,-17.1996370252063,                  875P   1318
72.3252501221127,13.979030830673,-16.7964463706508,                  875P   1319
71.9587131634259,13.979030830673,0.,1.58762448200831,0.,0.,0.;       875P   1320
126,1,1,0,0,1,0,-3.01126579317009,-3.01126579317009,                 877P   1321
3.01463960445948,3.01463960445948,1.,1.,-16.7964463706508,           877P   1322
71.9587131634259,13.979030830673,27.7916424513396,                   877P   1323
31.4240869616165,13.979030830673,-3.01126579317009,                  877P   1324
3.01463960445948,0.,0.,0.;                                           877P   1325
126,2,2,0,0,0,0,0.,0.,0.,1.5707963267949,1.5707963267949,            879P   1326
1.5707963267949,1.,0.707106781186551,1.,27.7916424513396,            879P   1327
31.4240869616165,13.979030830673,28.7535645467543,                   879P   1328
30.5496123294213,13.979030830673,29.6280391789495,                   879P   1329
31.511534424836,13.979030830673,0.,1.5707963267949,0.,0.,0.;         879P   1330
126,1,1,0,0,1,0,-2.19290020742109,-2.19290020742109,                 881P   1331
-2.08740220591649,-2.08740220591649,1.,1.,49.6280391789495,          881P   1332
31.511534424836,13.979030830673,50.3376955332808,                    881P   1333
32.2921564146004,13.979030830673,-2.19290020742109,                  881P   1334
-2.08740220591649,0.,0.,0.;                                          881P   1335
126,2,2,0,0,0,0,0.,0.,0.,1.5707963267949,1.5707963267949,            883P   1336
1.5707963267949,1.,0.707106781186547,1.,50.3376955332808,            883P   1337
32.2921564146004,13.979030830673,51.212170165476,                    883P   1338
33.2540785100151,13.979030830673,50.2502480700613,                   883P   1339
34.1285531422103,13.979030830673,0.,1.5707963267949,0.,0.,0.;        883P   1340
126,1,1,0,0,1,0,-6.76664462449672,-6.76664462449672,                 885P   1341
-0.742514731214135,-0.742514731214135,1.,1.,50.2502480700613,        885P   1342
34.1285531422103,13.979030830673,5.6752969162391,                    885P   1343
74.6512360093213,13.979030830673,-6.76664462449672,                  885P   1344
-0.742514731214135,0.,0.,0.;                                         885P   1345
126,2,2,0,0,0,0,0.,0.,0.,1.55396817158147,1.55396817158147,          887P   1346
1.55396817158147,1.,0.713031332050967,1.,5.6752969162391,            887P   1347
74.6512360093213,13.979030830673,4.72942750544255,                   887P   1348
75.5111172918636,13.979030830673,3.85375148753625,                   887P   1349
74.5798513395112,13.979030830673,0.,1.55396817158147,0.,0.,0.;       887P   1350
126,1,1,0,0,1,0,2.02185561655367,2.02185561655367,                   889P   1351
2.12736855764219,2.12736855764219,1.,1.,3.85375148753624,            889P   1352
74.5798513395112,13.979030830673,3.13095746503671,                   889P   1353
73.8111726844452,13.979030830673,2.02185561655367,                   889P   1354
2.12736855764219,0.,0.,0.;                                           889P   1355
126,4,2,0,0,0,0,0.,0.,0.,0.793812241004156,0.793812241004156,        891P   1356
1.58762448200831,1.58762448200831,1.58762448200831,1.,               891P   1357
0.922261397270131,1.,0.922261397270163,1.,3.13095746503671,          891P   1358
73.8111726844452,13.979030830673,2.75768776965575,                   891P   1359
73.4142069673934,13.979030830673,2.77902537222471,                   891P   1360
72.8697285447531,13.979030830673,2.80036297479366,                   891P   1361
72.3252501221127,13.979030830673,3.20355362934916,                   891P   1362
71.9587131634259,13.979030830673,0.,1.58762448200831,0.,0.,0.;       891P   1363
126,1,1,0,0,1,0,-2.27132571977415,-2.27132571977415,                 893P   1364
3.75457967785543,3.75457967785543,1.,1.,3.20355362934916,            893P   1365
71.9587131634259,13.979030830673,47.7916424513396,                   893P   1366
31.4240869616165,13.979030830673,-2.27132571977415,                  893P   1367
3.75457967785543,0.,0.,0.;                                           893P   1368
126,2,2,0,0,0,0,0.,0.,0.,1.5707963267949,1.5707963267949,            895P   1369
1.5707963267949,1.,0.707106781186558,1.,47.7916424513396,            895P   1370
31.4240869616165,13.979030830673,48.7535645467543,                   895P   1371
30.5496123294213,13.979030830673,49.6280391789495,                   895P   1372
31.511534424836,13.979030830673,0.,1.5707963267949,0.,0.,0.;         895P   1373
126,1,1,0,0,1,0,-2.52923660441925,-2.52923660441925,                 897P   1374
-2.42373860291465,-2.42373860291465,1.,1.,39.6280391789495,          897P   1375
31.511534424836,13.979030830673,40.3376955332808,                    897P   1376
32.2921564146004,13.979030830673,-2.52923660441925,                  897P   1377
-2.42373860291465,0.,0.,0.;                                          897P   1378
126,2,2,0,0,0,0,0.,0.,0.,1.5707963267949,1.5707963267949,            899P   1379
1.5707963267949,1.,0.707106781186547,1.,40.3376955332808,            899P   1380
32.2921564146004,13.979030830673,41.212170165476,                    899P   1381
33.2540785100151,13.979030830673,40.2502480700613,                   899P   1382
34.1285531422103,13.979030830673,0.,1.5707963267949,0.,0.,0.;        899P   1383
126,1,1,0,0,1,0,-6.39667458779875,-6.39667458779875,                 901P   1384
-0.372544694516162,-0.372544694516162,1.,1.,40.2502480700613,        901P   1385
34.1285531422103,13.979030830673,-4.32470308376091,                  901P   1386
74.6512360093213,13.979030830673,-6.39667458779875,                  901P   1387
-0.372544694516162,0.,0.,0.;                                         901P   1388
126,2,2,0,0,0,0,0.,0.,0.,1.55396817158147,1.55396817158147,          903P   1389
1.55396817158147,1.,0.713031332050967,1.,-4.3247030837609,           903P   1390
74.6512360093213,13.979030830673,-5.27057249455746,                  903P   1391
75.5111172918636,13.979030830673,-6.14624851246375,                  903P   1392
74.5798513395112,13.979030830673,0.,1.55396817158147,0.,0.,0.;       903P   1393
126,1,1,0,0,1,0,2.36437001101695,2.36437001101695,                   905P   1394
2.46988295210548,2.46988295210548,1.,1.,-6.14624851246376,           905P   1395
74.5798513395112,13.979030830673,-6.86904253496329,                  905P   1396
73.8111726844452,13.979030830673,2.36437001101695,                   905P   1397
2.46988295210548,0.,0.,0.;                                           905P   1398
126,4,2,0,0,0,0,0.,0.,0.,0.793812241004155,0.793812241004155,        907P   1399
1.58762448200831,1.58762448200831,1.58762448200831,1.,               907P   1400
0.922261397270133,1.,0.922261397270174,1.,-6.86904253496329,         907P   1401
73.8111726844452,13.979030830673,-7.24231223034424,                  907P   1402
73.4142069673934,13.979030830673,-7.22097462777529,                  907P   1403
72.8697285447531,13.979030830673,-7.19963702520634,                  907P   1404
72.3252501221127,13.979030830673,-6.79644637065084,                  907P   1405
71.9587131634259,13.979030830673,0.,1.58762448200831,0.,0.,0.;       907P   1406
126,1,1,0,0,1,0,-2.64129575647212,-2.64129575647212,                 909P   1407
3.38460964115746,3.38460964115746,1.,1.,-6.79644637065085,           909P   1408
71.9587131634259,13.979030830673,37.7916424513396,                   909P   1409
31.4240869616165,13.979030830673,-2.64129575647212,                  909P   1410
3.38460964115746,0.,0.,0.;                                           909P   1411
126,2,2,0,0,0,0,0.,0.,0.,1.5707963267949,1.5707963267949,            911P   1412
1.5707963267949,1.,0.707106781186551,1.,37.7916424513396,            911P   1413
31.4240869616165,13.979030830673,38.7535645467543,                   911P   1414
30.5496123294213,13.979030830673,39.6280391789495,                   911P   1415
31.511534424836,13.979030830673,0.,1.5707963267949,0.,0.,0.;         911P   1416
126,1,1,0,0,1,0,0.,0.,0.3,0.3,1.,1.,67.7916424513396,                913P   1417
31.4240869616165,16.979030830673,67.7916424513396,                   913P   1418
31.4240869616165,13.979030830673,0.,0.3,0.,0.,0.;                    913P   1419
126,1,1,0,0,1,0,0.,0.,0.3,0.3,1.,1.,23.2035536293492,                915P   1420
71.9587131634259,16.979030830673,23.2035536293492,                   915P   1421
71.9587131634259,13.979030830673,0.,0.3,0.,0.,0.;                    915P   1422
126,1,1,0,0,1,0,0.,0.,0.3,0.3,1.,1.,-6.14624851246376,               917P   1423
74.5798513395112,16.979030830673,-6.14624851246376,                  917P   1424
74.5798513395112,13.979030830673,0.,0.3,0.,0.,0.;                    917P   1425
126,1,1,0,0,1,0,0.,0.,0.3,0.3,1.,1.,-6.86904253496329,               919P   1426
73.8111726844452,16.979030830673,-6.86904253496329,                  919P   1427
73.8111726844452,13.979030830673,0.,0.3,0.,0.,0.;                    919P   1428
126,1,1,0,0,1,0,0.,0.,0.3,0.3,1.,1.,-6.79644637065084,               921P   1429
71.9587131634259,16.979030830673,-6.79644637065084,                  921P   1430
71.9587131634259,13.979030830673,0.,0.3,0.,0.,0.;                    921P   1431
126,1,1,0,0,1,0,0.,0.,0.3,0.3,1.,1.,37.7916424513396,                923P   1432
31.4240869616165,16.979030830673,37.7916424513396,                   923P   1433
31.4240869616165,13.979030830673,0.,0.3,0.,0.,0.;                    923P   1434
126,1,1,0,0,1,0,0.,0.,0.3,0.3,1.,1.,39.6280391789495,                925P   1435
31.511534424836,16.979030830673,39.6280391789495,                    925P   1436
31.511534424836,13.979030830673,0.,0.3,0.,0.,0.;                     925P   1437
126,1,1,0,0,1,0,0.,0.,0.3,0.3,1.,1.,40.3376955332808,                927P   1438
32.2921564146004,16.979030830673,40.3376955332808,                   927P   1439
32.2921564146004,13.979030830673,0.,0.3,0.,0.,0.;                    927P   1440
126,1,1,0,0,1,0,0.,0.,0.3,0.3,1.,1.,40.2502480700613,                929P   1441
34.1285531422103,16.979030830673,40.2502480700613,                   929P   1442
34.1285531422103,13.979030830673,0.,0.3,0.,0.,0.;                    929P   1443
126,1,1,0,0,1,0,0.,0.,0.3,0.3,1.,1.,-4.3247030837609,                931P   1444
74.6512360093213,16.979030830673,-4.3247030837609,                   931P   1445
74.6512360093213,13.979030830673,0.,0.3,0.,0.,0.;                    931P   1446
126,1,1,0,0,1,0,0.,0.,0.3,0.3,1.,1.,3.85375148753625,                933P   1447
74.5798513395112,16.979030830673,3.85375148753625,                   933P   1448
74.5798513395112,13.979030830673,0.,0.3,0.,0.,0.;                    933P   1449
126,1,1,0,0,1,0,0.,0.,0.3,0.3,1.,1.,3.13095746503671,                935P   1450
73.8111726844452,16.979030830673,3.13095746503671,                   935P   1451
73.8111726844452,13.979030830673,0.,0.3,0.,0.,0.;                    935P   1452
126,1,1,0,0,1,0,0.,0.,0.3,0.3,1.,1.,3.20355362934916,                937P   1453
71.9587131634259,16.979030830673,3.20355362934916,                   937P   1454
71.9587131634259,13.979030830673,0.,0.3,0.,0.,0.;                    937P   1455
126,1,1,0,0,1,0,0.,0.,0.3,0.3,1.,1.,47.7916424513396,                939P   1456
31.4240869616165,16.979030830673,47.7916424513396,                   939P   1457
31.4240869616165,13.979030830673,0.,0.3,0.,0.,0.;                    939P   1458
126,1,1,0,0,1,0,0.,0.,0.3,0.3,1.,1.,49.6280391789495,                941P   1459
31.511534424836,16.979030830673,49.6280391789495,                    941P   1460
31.511534424836,13.979030830673,0.,0.3,0.,0.,0.;                     941P   1461
126,1,1,0,0,1,0,0.,0.,0.3,0.3,1.,1.,50.3376955332808,                943P   1462
32.2921564146004,16.979030830673,50.3376955332808,                   943P   1463
32.2921564146004,13.979030830673,0.,0.3,0.,0.,0.;                    943P   1464
126,1,1,0,0,1,0,0.,0.,0.3,0.3,1.,1.,50.2502480700613,                945P   1465
34.1285531422103,16.979030830673,50.2502480700613,                   945P   1466
34.1285531422103,13.979030830673,0.,0.3,0.,0.,0.;                    945P   1467
126,1,1,0,0,1,0,0.,0.,0.3,0.3,1.,1.,5.6752969162391,                 947P   1468
74.6512360093213,16.979030830673,5.6752969162391,                    947P   1469
74.6512360093213,13.979030830673,0.,0.3,0.,0.,0.;                    947P   1470
126,1,1,0,0,1,0,0.,0.,0.3,0.3,1.,1.,-16.1462485124638,               949P   1471
74.5798513395112,16.979030830673,-16.1462485124638,                  949P   1472
74.5798513395112,13.979030830673,0.,0.3,0.,0.,0.;                    949P   1473
126,1,1,0,0,1,0,0.,0.,0.3,0.3,1.,1.,-16.8690425349633,               951P   1474
73.8111726844452,16.979030830673,-16.8690425349633,                  951P   1475
73.8111726844452,13.979030830673,0.,0.3,0.,0.,0.;                    951P   1476
126,1,1,0,0,1,0,0.,0.,0.3,0.3,1.,1.,-16.7964463706508,               953P   1477
71.9587131634259,16.979030830673,-16.7964463706508,                  953P   1478
71.9587131634259,13.979030830673,0.,0.3,0.,0.,0.;                    953P   1479
126,1,1,0,0,1,0,0.,0.,0.3,0.3,1.,1.,27.7916424513396,                955P   1480
31.4240869616165,16.979030830673,27.7916424513396,                   955P   1481
31.4240869616165,13.979030830673,0.,0.3,0.,0.,0.;                    955P   1482
126,1,1,0,0,1,0,0.,0.,0.3,0.3,1.,1.,29.6280391789495,                957P   1483
31.511534424836,16.979030830673,29.6280391789495,                    957P   1484
31.511534424836,13.979030830673,0.,0.3,0.,0.,0.;                     957P   1485
126,1,1,0,0,1,0,0.,0.,0.3,0.3,1.,1.,30.3376955332808,                959P   1486
32.2921564146004,16.979030830673,30.3376955332808,                   959P   1487
32.2921564146004,13.979030830673,0.,0.3,0.,0.,0.;                    959P   1488
126,1,1,0,0,1,0,0.,0.,0.3,0.3,1.,1.,30.2502480700613,                961P   1489
34.1285531422103,16.979030830673,30.2502480700613,                   961P   1490
34.1285531422103,13.979030830673,0.,0.3,0.,0.,0.;                    961P   1491
126,1,1,0,0,1,0,0.,0.,0.3,0.3,1.,1.,-14.3247030837609,               963P   1492
74.6512360093213,16.979030830673,-14.3247030837609,                  963P   1493
74.6512360093213,13.979030830673,0.,0.3,0.,0.,0.;                    963P   1494
126,1,1,0,0,1,0,0.,0.,0.3,0.3,1.,1.,23.8537514875362,                965P   1495
74.5798513395112,16.979030830673,23.8537514875362,                   965P   1496
74.5798513395112,13.979030830673,0.,0.3,0.,0.,0.;                    965P   1497
126,1,1,0,0,1,0,0.,0.,0.3,0.3,1.,1.,23.1309574650367,                967P   1498
73.8111726844452,16.979030830673,23.1309574650367,                   967P   1499
73.8111726844452,13.979030830673,0.,0.3,0.,0.,0.;                    967P   1500
126,1,1,0,0,1,0,0.,0.,0.3,0.3,1.,1.,69.6280391789495,                969P   1501
31.511534424836,16.979030830673,69.6280391789495,                    969P   1502
31.511534424836,13.979030830673,0.,0.3,0.,0.,0.;                     969P   1503
126,1,1,0,0,1,0,0.,0.,0.3,0.3,1.,1.,70.3376955332808,                971P   1504
32.2921564146004,16.979030830673,70.3376955332808,                   971P   1505
32.2921564146004,13.979030830673,0.,0.3,0.,0.,0.;                    971P   1506
126,1,1,0,0,1,0,0.,0.,0.3,0.3,1.,1.,70.2502480700613,                973P   1507
34.1285531422103,16.979030830673,70.2502480700613,                   973P   1508
34.1285531422103,13.979030830673,0.,0.3,0.,0.,0.;                    973P   1509
126,1,1,0,0,1,0,0.,0.,0.3,0.3,1.,1.,25.6752969162391,                975P   1510
74.6512360093213,16.979030830673,25.6752969162391,                   975P   1511
74.6512360093213,13.979030830673,0.,0.3,0.,0.,0.;                    975P   1512
126,1,1,0,0,1,0,0.,0.,0.3,0.3,1.,1.,13.8537514875362,                977P   1513
74.5798513395112,16.979030830673,13.8537514875362,                   977P   1514
74.5798513395112,13.979030830673,0.,0.3,0.,0.,0.;                    977P   1515
126,1,1,0,0,1,0,0.,0.,0.3,0.3,1.,1.,13.1309574650367,                979P   1516
73.8111726844452,16.979030830673,13.1309574650367,                   979P   1517
73.8111726844452,13.979030830673,0.,0.3,0.,0.,0.;                    979P   1518
126,1,1,0,0,1,0,0.,0.,0.3,0.3,1.,1.,13.2035536293492,                981P   1519
71.9587131634259,16.979030830673,13.2035536293492,                   981P   1520
71.9587131634259,13.979030830673,0.,0.3,0.,0.,0.;                    981P   1521
126,1,1,0,0,1,0,0.,0.,0.3,0.3,1.,1.,57.7916424513396,                983P   1522
31.4240869616165,16.979030830673,57.7916424513396,                   983P   1523
31.4240869616165,13.979030830673,0.,0.3,0.,0.,0.;                    983P   1524
126,1,1,0,0,1,0,0.,0.,0.3,0.3,1.,1.,59.6280391789495,                985P   1525
31.511534424836,16.979030830673,59.6280391789495,                    985P   1526
31.511534424836,13.979030830673,0.,0.3,0.,0.,0.;                     985P   1527
126,1,1,0,0,1,0,0.,0.,0.3,0.3,1.,1.,60.3376955332808,                987P   1528
32.2921564146004,16.979030830673,60.3376955332808,                   987P   1529
32.2921564146004,13.979030830673,0.,0.3,0.,0.,0.;                    987P   1530
126,1,1,0,0,1,0,0.,0.,0.3,0.3,1.,1.,60.2502480700613,                989P   1531
34.1285531422103,16.979030830673,60.2502480700613,                   989P   1532
34.1285531422103,13.979030830673,0.,0.3,0.,0.,0.;                    989P   1533
126,1,1,0,0,1,0,0.,0.,0.3,0.3,1.,1.,15.6752969162391,                991P   1534
74.6512360093213,16.979030830673,15.6752969162391,                   991P   1535
74.6512360093213,13.979030830673,0.,0.3,0.,0.,0.;                    991P   1536
126,1,1,0,0,1,0,0.,0.,0.3,0.3,1.,1.,-26.1462485124638,               993P   1537
74.5798513395112,16.979030830673,-26.1462485124638,                  993P   1538
74.5798513395112,13.979030830673,0.,0.3,0.,0.,0.;                    993P   1539
126,1,1,0,0,1,0,0.,0.,0.3,0.3,1.,1.,-26.8690425349633,               995P   1540
73.8111726844452,16.979030830673,-26.8690425349633,                  995P   1541
73.8111726844452,13.979030830673,0.,0.3,0.,0.,0.;                    995P   1542
126,1,1,0,0,1,0,0.,0.,0.3,0.3,1.,1.,-26.7964463706508,               997P   1543
71.9587131634259,16.979030830673,-26.7964463706508,                  997P   1544
71.9587131634259,13.979030830673,0.,0.3,0.,0.,0.;                    997P   1545
126,1,1,0,0,1,0,0.,0.,0.3,0.3,1.,1.,17.7916424513396,                999P   1546
31.4240869616165,16.979030830673,17.7916424513396,                   999P   1547
31.4240869616165,13.979030830673,0.,0.3,0.,0.,0.;                    999P   1548
126,1,1,0,0,1,0,0.,0.,0.3,0.3,1.,1.,19.6280391789495,               1001P   1549
31.511534424836,16.979030830673,19.6280391789495,                   1001P   1550
31.511534424836,13.979030830673,0.,0.3,0.,0.,0.;                    1001P   1551
126,1,1,0,0,1,0,0.,0.,0.3,0.3,1.,1.,20.3376955332808,               1003P   1552
32.2921564146004,16.979030830673,20.3376955332808,                  1003P   1553
32.2921564146004,13.979030830673,0.,0.3,0.,0.,0.;                   1003P   1554
126,1,1,0,0,1,0,0.,0.,0.3,0.3,1.,1.,20.2502480700613,               1005P   1555
34.1285531422103,16.979030830673,20.2502480700613,                  1005P   1556
34.1285531422103,13.979030830673,0.,0.3,0.,0.,0.;                   1005P   1557
126,1,1,0,0,1,0,0.,0.,0.3,0.3,1.,1.,-24.3247030837609,              1007P   1558
74.6512360093213,16.979030830673,-24.3247030837609,                 1007P   1559
74.6512360093213,13.979030830673,0.,0.3,0.,0.,0.;                   1007P   1560
128,1,2,1,2,0,0,0,0,0,-0.600000000000002,-0.600000000000002,        1009P   1561
8.88178419700125D-16,8.88178419700125D-16,-0.785398163397448,       1009P   1562
-0.785398163397448,-0.785398163397448,0.785398163397448,            1009P   1563
0.785398163397448,0.785398163397448,1.,1.,0.707106781186548,        1009P   1564
0.707106781186548,1.,1.,-34.604732329241,8.06975391954537,          1009P   1565
13.979030830673,-34.604732329241,8.06975391954537,                  1009P   1566
16.979030830673,-39.604732329241,8.06975391954538,                  1009P   1567
13.979030830673,-39.604732329241,8.06975391954538,                  1009P   1568
16.979030830673,-39.604732329241,13.0697539195454,                  1009P   1569
13.979030830673,-39.604732329241,13.0697539195454,                  1009P   1570
16.979030830673,-0.600000000000002,8.88178419700125D-16,            1009P   1571
-0.785398163397448,0.785398163397448;                               1009P   1572
128,1,1,1,1,0,0,1,0,0,-0.250999999999996,-0.250999999999996,        1011P   1573
20.051,20.051,-0.00100000000000089,-0.00100000000000089,0.301,      1011P   1574
0.301,1.,1.,1.,1.,-39.604732329241,216.079753919545,                1011P   1575
13.969030830673,-39.604732329241,13.0597539195454,                  1011P   1576
13.969030830673,-39.604732329241,216.079753919545,                  1011P   1577
16.989030830673,-39.604732329241,13.0597539195454,                  1011P   1578
16.989030830673,-0.250999999999996,20.051,-0.00100000000000089,     1011P   1579
0.301;                                                              1011P   1580
128,1,1,1,1,0,0,1,0,0,-5.651,-5.651,6.151,6.151,-10.651,-10.651,    1013P   1581
10.651,10.651,1.,1.,1.,1.,78.405267670759,221.079753919545,         1013P   1582
16.979030830673,-39.614732329241,221.079753919545,                  1013P   1583
16.979030830673,78.405267670759,8.05975391954536,                   1013P   1584
16.979030830673,-39.614732329241,8.05975391954536,                  1013P   1585
16.979030830673,-5.651,6.151,-10.651,10.651;                        1013P   1586
128,1,2,1,2,0,0,0,0,0,-0.6,-0.6,0.,0.,-0.785398163397448,           1015P   1587
-0.785398163397448,-0.785398163397448,0.785398163397449,            1015P   1588
0.785398163397449,0.785398163397449,1.,1.,0.707106781186548,        1015P   1589
0.707106781186548,1.,1.,78.395267670759,13.0697539195454,           1015P   1590
13.979030830673,78.395267670759,13.0697539195454,                   1015P   1591
16.979030830673,78.395267670759,8.06975391954537,                   1015P   1592
13.979030830673,78.395267670759,8.06975391954537,                   1015P   1593
16.979030830673,73.395267670759,8.06975391954537,                   1015P   1594
13.979030830673,73.395267670759,8.06975391954537,                   1015P   1595
16.979030830673,-0.6,0.,-0.785398163397448,0.785398163397449;       1015P   1596
128,1,1,1,1,0,0,1,0,0,-0.251000000000001,-0.251000000000001,        1017P   1597
20.051,20.051,-0.00100000000000089,-0.00100000000000089,0.301,      1017P   1598
0.301,1.,1.,1.,1.,78.395267670759,13.0597539195454,                 1017P   1599
13.969030830673,78.395267670759,216.079753919545,                   1017P   1600
13.969030830673,78.395267670759,13.0597539195454,                   1017P   1601
16.989030830673,78.395267670759,216.079753919545,                   1017P   1602
16.989030830673,-0.251000000000001,20.051,-0.00100000000000089,     1017P   1603
0.301;                                                              1017P   1604
128,1,1,1,1,0,0,1,0,0,-0.000999999999996891,                        1019P   1605
-0.000999999999996891,10.801,10.801,-0.001,-0.001,0.301,0.301,      1019P   1606
1.,1.,1.,1.,-34.614732329241,8.06975391954537,13.969030830673,      1019P   1607
73.405267670759,8.06975391954537,13.969030830673,                   1019P   1608
-34.614732329241,8.06975391954537,16.989030830673,                  1019P   1609
73.405267670759,8.06975391954537,16.989030830673,                   1019P   1610
-0.000999999999996891,10.801,-0.001,0.301;                          1019P   1611
128,1,2,1,2,0,0,0,0,0,-0.599999999999998,-0.599999999999998,        1021P   1612
2.66453525910038D-15,2.66453525910038D-15,-0.78539816339745,        1021P   1613
-0.78539816339745,-0.78539816339745,0.785398163397447,              1021P   1614
0.785398163397447,0.785398163397447,1.,1.,0.707106781186548,        1021P   1615
0.707106781186548,1.,1.,73.395267670759,221.069753919545,           1021P   1616
13.979030830673,73.395267670759,221.069753919545,                   1021P   1617
16.979030830673,78.3952676707591,221.069753919545,                  1021P   1618
13.979030830673,78.3952676707591,221.069753919545,                  1021P   1619
16.979030830673,78.395267670759,216.069753919545,                   1021P   1620
13.979030830673,78.395267670759,216.069753919545,                   1021P   1621
16.979030830673,-0.599999999999998,2.66453525910038D-15,            1021P   1622
-0.78539816339745,0.785398163397447;                                1021P   1623
128,1,1,1,1,0,0,1,0,0,-0.500999999999999,-0.500999999999999,        1023P   1624
10.301,10.301,-0.00100000000000089,-0.00100000000000089,0.301,      1023P   1625
0.301,1.,1.,1.,1.,73.4052676707591,221.069753919545,                1023P   1626
13.969030830673,-34.6147323292409,221.069753919545,                 1023P   1627
13.969030830673,73.4052676707591,221.069753919545,                  1023P   1628
16.989030830673,-34.6147323292409,221.069753919545,                 1023P   1629
16.989030830673,-0.500999999999999,10.301,-0.00100000000000089,     1023P   1630
0.301;                                                              1023P   1631
128,1,2,1,2,0,0,0,0,0,-0.599999999999996,-0.599999999999996,        1025P   1632
1.77635683940025D-15,1.77635683940025D-15,-0.785398163397446,       1025P   1633
-0.785398163397446,-0.785398163397446,0.785398163397451,            1025P   1634
0.785398163397451,0.785398163397451,1.,1.,0.707106781186548,        1025P   1635
0.707106781186548,1.,1.,-39.604732329241,216.069753919545,          1025P   1636
13.979030830673,-39.604732329241,216.069753919545,                  1025P   1637
16.979030830673,-39.604732329241,221.069753919545,                  1025P   1638
13.979030830673,-39.604732329241,221.069753919545,                  1025P   1639
16.979030830673,-34.6047323292409,221.069753919545,                 1025P   1640
13.979030830673,-34.6047323292409,221.069753919545,                 1025P   1641
16.979030830673,-0.599999999999996,1.77635683940025D-15,            1025P   1642
-0.785398163397446,0.785398163397451;                               1025P   1643
128,1,1,1,1,0,0,1,0,0,-0.00100000000000044,-0.00100000000000044,    1027P   1644
0.200999999999999,0.200999999999999,-0.001,-0.001,0.201,0.201,      1027P   1645
1.,1.,1.,1.,72.395267670759,12.0797539195454,13.989030830673,       1027P   1646
72.395267670759,10.0597539195454,13.989030830673,                   1027P   1647
72.395267670759,12.0797539195454,11.969030830673,                   1027P   1648
72.395267670759,10.0597539195454,11.969030830673,                   1027P   1649
-0.00100000000000044,0.200999999999999,-0.001,0.201;                1027P   1650
128,1,1,1,1,0,0,1,0,0,-0.00100000000000089,-0.00100000000000089,    1029P   1651
1.201,1.201,-0.001,-0.001,0.201,0.201,1.,1.,1.,1.,                  1029P   1652
60.385267670759,12.0697539195454,13.989030830673,                   1029P   1653
72.405267670759,12.0697539195454,13.989030830673,                   1029P   1654
60.385267670759,12.0697539195454,11.969030830673,                   1029P   1655
72.405267670759,12.0697539195454,11.969030830673,                   1029P   1656
-0.00100000000000089,1.201,-0.001,0.201;                            1029P   1657
128,1,1,1,1,0,0,1,0,0,-0.001,-0.001,0.201,0.201,-0.001,-0.001,      1031P   1658
0.201,0.201,1.,1.,1.,1.,60.3952676707591,10.0597539195454,          1031P   1659
13.989030830673,60.3952676707591,12.0797539195454,                  1031P   1660
13.989030830673,60.3952676707591,10.0597539195454,                  1031P   1661
11.969030830673,60.3952676707591,12.0797539195454,                  1031P   1662
11.969030830673,-0.001,0.201,-0.001,0.201;                          1031P   1663
128,1,1,1,1,0,0,1,0,0,-0.001,-0.001,1.201,1.201,-0.001,-0.001,      1033P   1664
0.201,0.201,1.,1.,1.,1.,72.405267670759,10.0697539195454,           1033P   1665
13.989030830673,60.385267670759,10.0697539195454,                   1033P   1666
13.989030830673,72.405267670759,10.0697539195454,                   1033P   1667
11.969030830673,60.385267670759,10.0697539195454,                   1033P   1668
11.969030830673,-0.001,1.201,-0.001,0.201;                          1033P   1669
128,1,1,1,1,0,0,1,0,0,-0.601,-0.601,0.601000000000001,              1035P   1670
0.601000000000001,-0.101,-0.101,0.101,0.101,1.,1.,1.,1.,            1035P   1671
72.405267670759,10.0597539195454,11.979030830673,                   1035P   1672
60.385267670759,10.0597539195454,11.979030830673,                   1035P   1673
72.405267670759,12.0797539195454,11.979030830673,                   1035P   1674
60.385267670759,12.0797539195454,11.979030830673,-0.601,            1035P   1675
0.601000000000001,-0.101,0.101;                                     1035P   1676
128,1,1,1,1,0,0,1,0,0,-0.001,-0.001,0.201,0.201,-0.001,-0.001,      1037P   1677
0.201000000000001,0.201000000000001,1.,1.,1.,1.,                    1037P   1678
-35.594732329241,200.569753919545,13.989030830673,                  1037P   1679
-37.614732329241,200.569753919545,13.989030830673,                  1037P   1680
-35.594732329241,200.569753919545,11.969030830673,                  1037P   1681
-37.614732329241,200.569753919545,11.969030830673,-0.001,0.201,     1037P   1682
-0.001,0.201000000000001;                                           1037P   1683
128,1,1,1,1,0,0,1,0,0,-0.001,-0.001,1.201,1.201,-0.001,-0.001,      1039P   1684
0.201000000000001,0.201000000000001,1.,1.,1.,1.,                    1039P   1685
-35.604732329241,212.579753919545,13.989030830673,                  1039P   1686
-35.604732329241,200.559753919545,13.989030830673,                  1039P   1687
-35.604732329241,212.579753919545,11.969030830673,                  1039P   1688
-35.604732329241,200.559753919545,11.969030830673,-0.001,1.201,     1039P   1689
-0.001,0.201000000000001;                                           1039P   1690
128,1,1,1,1,0,0,1,0,0,-0.001,-0.001,0.201,0.201,-0.001,-0.001,      1041P   1691
0.201000000000001,0.201000000000001,1.,1.,1.,1.,                    1041P   1692
-37.614732329241,212.569753919545,13.989030830673,                  1041P   1693
-35.594732329241,212.569753919545,13.989030830673,                  1041P   1694
-37.614732329241,212.569753919545,11.969030830673,                  1041P   1695
-35.594732329241,212.569753919545,11.969030830673,-0.001,0.201,     1041P   1696
-0.001,0.201000000000001;                                           1041P   1697
128,1,1,1,1,0,0,1,0,0,-0.001,-0.001,1.201,1.201,-0.001,-0.001,      1043P   1698
0.201000000000001,0.201000000000001,1.,1.,1.,1.,                    1043P   1699
-37.604732329241,200.559753919545,13.989030830673,                  1043P   1700
-37.604732329241,212.579753919545,13.989030830673,                  1043P   1701
-37.604732329241,200.559753919545,11.969030830673,                  1043P   1702
-37.604732329241,212.579753919545,11.969030830673,-0.001,1.201,     1043P   1703
-0.001,0.201000000000001;                                           1043P   1704
128,1,1,1,1,0,0,1,0,0,-0.101000000000001,-0.101000000000001,        1045P   1705
0.101,0.101,-0.601000000000001,-0.601000000000001,                  1045P   1706
0.600999999999998,0.600999999999998,1.,1.,1.,1.,                    1045P   1707
-35.594732329241,200.559753919545,11.979030830673,                  1045P   1708
-37.614732329241,200.559753919545,11.979030830673,                  1045P   1709
-35.594732329241,212.579753919545,11.979030830673,                  1045P   1710
-37.614732329241,212.579753919545,11.979030830673,                  1045P   1711
-0.101000000000001,0.101,-0.601000000000001,0.600999999999998;      1045P   1712
128,1,1,1,1,0,0,1,0,0,-0.00100000000000266,-0.00100000000000266,    1047P   1713
1.201,1.201,-0.001,-0.001,0.201000000000001,0.201000000000001,      1047P   1714
1.,1.,1.,1.,72.4052676707591,217.069753919545,13.989030830673,      1047P   1715
60.3852676707591,217.069753919545,13.989030830673,                  1047P   1716
72.4052676707591,217.069753919545,11.969030830673,                  1047P   1717
60.3852676707591,217.069753919545,11.969030830673,                  1047P   1718
-0.00100000000000266,1.201,-0.001,0.201000000000001;                1047P   1719
128,1,1,1,1,0,0,1,0,0,-0.001,-0.001,0.200999999999999,              1049P   1720
0.200999999999999,-0.001,-0.001,0.201000000000001,                  1049P   1721
0.201000000000001,1.,1.,1.,1.,72.3952676707591,219.079753919545,    1049P   1722
13.989030830673,72.3952676707591,217.059753919545,                  1049P   1723
13.989030830673,72.3952676707591,219.079753919545,                  1049P   1724
11.969030830673,72.3952676707591,217.059753919545,                  1049P   1725
11.969030830673,-0.001,0.200999999999999,-0.001,                    1049P   1726
0.201000000000001;                                                  1049P   1727
128,1,1,1,1,0,0,1,0,0,-0.001,-0.001,1.201,1.201,-0.001,-0.001,      1051P   1728
0.201000000000001,0.201000000000001,1.,1.,1.,1.,                    1051P   1729
60.3852676707591,219.069753919545,13.989030830673,                  1051P   1730
72.4052676707591,219.069753919545,13.989030830673,                  1051P   1731
60.3852676707591,219.069753919545,11.969030830673,                  1051P   1732
72.4052676707591,219.069753919545,11.969030830673,-0.001,1.201,     1051P   1733
-0.001,0.201000000000001;                                           1051P   1734
128,1,1,1,1,0,0,1,0,0,-0.001,-0.001,0.200999999999999,              1053P   1735
0.200999999999999,-0.001,-0.001,0.201000000000001,                  1053P   1736
0.201000000000001,1.,1.,1.,1.,60.3952676707591,217.059753919545,    1053P   1737
13.989030830673,60.3952676707591,219.079753919545,                  1053P   1738
13.989030830673,60.3952676707591,217.059753919545,                  1053P   1739
11.969030830673,60.3952676707591,219.079753919545,                  1053P   1740
11.969030830673,-0.001,0.200999999999999,-0.001,                    1053P   1741
0.201000000000001;                                                  1053P   1742
128,1,1,1,1,0,0,1,0,0,-0.601000000000002,-0.601000000000002,        1055P   1743
0.601,0.601,-0.101000000000001,-0.101000000000001,                  1055P   1744
0.100999999999998,0.100999999999998,1.,1.,1.,1.,                    1055P   1745
72.4052676707591,217.059753919545,11.979030830673,                  1055P   1746
60.3852676707591,217.059753919545,11.979030830673,                  1055P   1747
72.4052676707591,219.079753919545,11.979030830673,                  1055P   1748
60.3852676707591,219.079753919545,11.979030830673,                  1055P   1749
-0.601000000000002,0.601,-0.101000000000001,0.100999999999998;      1055P   1750
128,1,1,1,1,0,0,1,0,0,-0.00100000000000178,-0.00100000000000178,    1057P   1751
1.201,1.201,-0.001,-0.001,0.201000000000001,0.201000000000001,      1057P   1752
1.,1.,1.,1.,-37.604732329241,16.5597539195454,13.989030830673,      1057P   1753
-37.604732329241,28.5797539195454,13.989030830673,                  1057P   1754
-37.604732329241,16.5597539195454,11.969030830673,                  1057P   1755
-37.604732329241,28.5797539195454,11.969030830673,                  1057P   1756
-0.00100000000000178,1.201,-0.001,0.201000000000001;                1057P   1757
128,1,1,1,1,0,0,1,0,0,-0.001,-0.001,0.201,0.201,-0.001,-0.001,      1059P   1758
0.201000000000001,0.201000000000001,1.,1.,1.,1.,                    1059P   1759
-35.594732329241,16.5697539195454,13.989030830673,                  1059P   1760
-37.614732329241,16.5697539195454,13.989030830673,                  1059P   1761
-35.594732329241,16.5697539195454,11.969030830673,                  1059P   1762
-37.614732329241,16.5697539195454,11.969030830673,-0.001,0.201,     1059P   1763
-0.001,0.201000000000001;                                           1059P   1764
128,1,1,1,1,0,0,1,0,0,-0.001,-0.001,1.201,1.201,-0.001,-0.001,      1061P   1765
0.201000000000001,0.201000000000001,1.,1.,1.,1.,                    1061P   1766
-35.604732329241,28.5797539195454,13.989030830673,                  1061P   1767
-35.604732329241,16.5597539195454,13.989030830673,                  1061P   1768
-35.604732329241,28.5797539195454,11.969030830673,                  1061P   1769
-35.604732329241,16.5597539195454,11.969030830673,-0.001,1.201,     1061P   1770
-0.001,0.201000000000001;                                           1061P   1771
128,1,1,1,1,0,0,1,0,0,-0.001,-0.001,0.201,0.201,-0.001,-0.001,      1063P   1772
0.201000000000001,0.201000000000001,1.,1.,1.,1.,                    1063P   1773
-37.614732329241,28.5697539195454,13.989030830673,                  1063P   1774
-35.594732329241,28.5697539195454,13.989030830673,                  1063P   1775
-37.614732329241,28.5697539195454,11.969030830673,                  1063P   1776
-35.594732329241,28.5697539195454,11.969030830673,-0.001,0.201,     1063P   1777
-0.001,0.201000000000001;                                           1063P   1778
128,1,1,1,1,0,0,1,0,0,-0.101000000000001,-0.101000000000001,        1065P   1779
0.101,0.101,-0.601000000000001,-0.601000000000001,0.601,0.601,      1065P   1780
1.,1.,1.,1.,-35.594732329241,16.5597539195454,11.979030830673,      1065P   1781
-37.614732329241,16.5597539195454,11.979030830673,                  1065P   1782
-35.594732329241,28.5797539195454,11.979030830673,                  1065P   1783
-37.614732329241,28.5797539195454,11.979030830673,                  1065P   1784
-0.101000000000001,0.101,-0.601000000000001,0.601;                  1065P   1785
128,1,1,1,1,0,0,1,0,0,-0.001,-0.001,1.201,1.201,-0.001,-0.001,      1067P   1786
0.201,0.201,1.,1.,1.,1.,76.3952676707591,28.5797539195454,          1067P   1787
13.989030830673,76.3952676707591,16.5597539195454,                  1067P   1788
13.989030830673,76.3952676707591,28.5797539195454,                  1067P   1789
11.969030830673,76.3952676707591,16.5597539195454,                  1067P   1790
11.969030830673,-0.001,1.201,-0.001,0.201;                          1067P   1791
128,1,1,1,1,0,0,1,0,0,-0.001,-0.001,0.201000000000001,              1069P   1792
0.201000000000001,-0.001,-0.001,0.201,0.201,1.,1.,1.,1.,            1069P   1793
74.385267670759,28.5697539195454,13.989030830673,                   1069P   1794
76.4052676707591,28.5697539195454,13.989030830673,                  1069P   1795
74.385267670759,28.5697539195454,11.969030830673,                   1069P   1796
76.4052676707591,28.5697539195454,11.969030830673,-0.001,           1069P   1797
0.201000000000001,-0.001,0.201;                                     1069P   1798
128,1,1,1,1,0,0,1,0,0,-0.00100000000000022,-0.00100000000000022,    1071P   1799
1.201,1.201,-0.001,-0.001,0.201,0.201,1.,1.,1.,1.,                  1071P   1800
74.3952676707591,16.5597539195454,13.989030830673,                  1071P   1801
74.3952676707591,28.5797539195454,13.989030830673,                  1071P   1802
74.3952676707591,16.5597539195454,11.969030830673,                  1071P   1803
74.3952676707591,28.5797539195454,11.969030830673,                  1071P   1804
-0.00100000000000022,1.201,-0.001,0.201;                            1071P   1805
128,1,1,1,1,0,0,1,0,0,-0.001,-0.001,0.201000000000001,              1073P   1806
0.201000000000001,-0.001,-0.001,0.201,0.201,1.,1.,1.,1.,            1073P   1807
76.4052676707591,16.5697539195454,13.989030830673,                  1073P   1808
74.385267670759,16.5697539195454,13.989030830673,                   1073P   1809
76.4052676707591,16.5697539195454,11.969030830673,                  1073P   1810
74.385267670759,16.5697539195454,11.969030830673,-0.001,            1073P   1811
0.201000000000001,-0.001,0.201;                                     1073P   1812
128,1,1,1,1,0,0,1,0,0,-0.101,-0.101,0.101000000000001,              1075P   1813
0.101000000000001,-0.601,-0.601,0.601,0.601,1.,1.,1.,1.,            1075P   1814
76.4052676707591,16.5597539195454,11.979030830673,                  1075P   1815
74.385267670759,16.5597539195454,11.979030830673,                   1075P   1816
76.4052676707591,28.5797539195454,11.979030830673,                  1075P   1817
74.385267670759,28.5797539195454,11.979030830673,-0.101,            1075P   1818
0.101000000000001,-0.601,0.601;                                     1075P   1819
128,1,1,1,1,0,0,1,0,0,-0.001,-0.001,0.200999999999999,              1077P   1820
0.200999999999999,-0.001,-0.001,0.201000000000001,                  1077P   1821
0.201000000000001,1.,1.,1.,1.,-16.604732329241,219.079753919545,    1077P   1822
13.989030830673,-16.604732329241,217.059753919545,                  1077P   1823
13.989030830673,-16.604732329241,219.079753919545,                  1077P   1824
11.969030830673,-16.604732329241,217.059753919545,                  1077P   1825
11.969030830673,-0.001,0.200999999999999,-0.001,                    1077P   1826
0.201000000000001;                                                  1077P   1827
128,1,1,1,1,0,0,1,0,0,-0.001,-0.001,1.201,1.201,-0.001,-0.001,      1079P   1828
0.201000000000001,0.201000000000001,1.,1.,1.,1.,                    1079P   1829
-28.614732329241,219.069753919545,13.989030830673,                  1079P   1830
-16.5947323292409,219.069753919545,13.989030830673,                 1079P   1831
-28.614732329241,219.069753919545,11.969030830673,                  1079P   1832
-16.594732329241,219.069753919545,11.969030830673,-0.001,1.201,     1079P   1833
-0.001,0.201000000000001;                                           1079P   1834
128,1,1,1,1,0,0,1,0,0,-0.001,-0.001,0.200999999999999,              1081P   1835
0.200999999999999,-0.001,-0.001,0.201000000000001,                  1081P   1836
0.201000000000001,1.,1.,1.,1.,-28.604732329241,217.059753919545,    1081P   1837
13.989030830673,-28.604732329241,219.079753919545,                  1081P   1838
13.989030830673,-28.604732329241,217.059753919545,                  1081P   1839
11.969030830673,-28.604732329241,219.079753919545,                  1081P   1840
11.969030830673,-0.001,0.200999999999999,-0.001,                    1081P   1841
0.201000000000001;                                                  1081P   1842
128,1,1,1,1,0,0,1,0,0,-0.00100000000000222,-0.00100000000000222,    1083P   1843
1.201,1.201,-0.001,-0.001,0.201000000000001,0.201000000000001,      1083P   1844
1.,1.,1.,1.,-16.5947323292409,217.069753919545,13.989030830673,     1083P   1845
-28.614732329241,217.069753919545,13.989030830673,                  1083P   1846
-16.5947323292409,217.069753919545,11.969030830673,                 1083P   1847
-28.614732329241,217.069753919545,11.969030830673,                  1083P   1848
-0.00100000000000222,1.201,-0.001,0.201000000000001;                1083P   1849
128,1,1,1,1,0,0,1,0,0,-0.601000000000002,-0.601000000000002,        1085P   1850
0.601,0.601,-0.101000000000001,-0.101000000000001,                  1085P   1851
0.100999999999998,0.100999999999998,1.,1.,1.,1.,                    1085P   1852
-16.5947323292409,217.059753919545,11.979030830673,                 1085P   1853
-28.614732329241,217.059753919545,11.979030830673,                  1085P   1854
-16.5947323292409,219.079753919545,11.979030830673,                 1085P   1855
-28.614732329241,219.079753919545,11.979030830673,                  1085P   1856
-0.601000000000002,0.601,-0.101000000000001,0.100999999999998;      1085P   1857
128,1,1,1,1,0,0,1,0,0,-0.001,-0.001,0.201000000000001,              1087P   1858
0.201000000000001,-0.001,-0.001,0.201,0.201,1.,1.,1.,1.,            1087P   1859
74.385267670759,212.569753919545,13.989030830673,                   1087P   1860
76.4052676707591,212.569753919545,13.989030830673,                  1087P   1861
74.385267670759,212.569753919545,11.969030830673,                   1087P   1862
76.4052676707591,212.569753919545,11.969030830673,-0.001,           1087P   1863
0.201000000000001,-0.001,0.201;                                     1087P   1864
128,1,1,1,1,0,0,1,0,0,-0.001,-0.001,1.201,1.201,-0.001,-0.001,      1089P   1865
0.201,0.201,1.,1.,1.,1.,74.3952676707591,200.559753919545,          1089P   1866
13.989030830673,74.3952676707591,212.579753919545,                  1089P   1867
13.989030830673,74.3952676707591,200.559753919545,                  1089P   1868
11.969030830673,74.3952676707591,212.579753919545,                  1089P   1869
11.969030830673,-0.001,1.201,-0.001,0.201;                          1089P   1870
128,1,1,1,1,0,0,1,0,0,-0.001,-0.001,0.201000000000001,              1091P   1871
0.201000000000001,-0.001,-0.001,0.201,0.201,1.,1.,1.,1.,            1091P   1872
76.4052676707591,200.569753919545,13.989030830673,                  1091P   1873
74.385267670759,200.569753919545,13.989030830673,                   1091P   1874
76.4052676707591,200.569753919545,11.969030830673,                  1091P   1875
74.385267670759,200.569753919545,11.969030830673,-0.001,            1091P   1876
0.201000000000001,-0.001,0.201;                                     1091P   1877
128,1,1,1,1,0,0,1,0,0,-0.001,-0.001,1.201,1.201,-0.001,-0.001,      1093P   1878
0.201,0.201,1.,1.,1.,1.,76.3952676707591,212.579753919545,          1093P   1879
13.989030830673,76.3952676707591,200.559753919545,                  1093P   1880
13.989030830673,76.3952676707591,212.579753919545,                  1093P   1881
11.969030830673,76.3952676707591,200.559753919545,                  1093P   1882
11.969030830673,-0.001,1.201,-0.001,0.201;                          1093P   1883
128,1,1,1,1,0,0,1,0,0,-0.101,-0.101,0.101000000000001,              1095P   1884
0.101000000000001,-0.601000000000001,-0.601000000000001,            1095P   1885
0.600999999999998,0.600999999999998,1.,1.,1.,1.,                    1095P   1886
76.4052676707591,200.559753919545,11.979030830673,                  1095P   1887
74.385267670759,200.559753919545,11.979030830673,                   1095P   1888
76.4052676707591,212.579753919545,11.979030830673,                  1095P   1889
74.385267670759,212.579753919545,11.979030830673,-0.101,            1095P   1890
0.101000000000001,-0.601000000000001,0.600999999999998;             1095P   1891
128,1,1,1,1,0,0,1,0,0,-0.001,-0.001,1.201,1.201,-0.001,-0.001,      1097P   1892
0.201,0.201,1.,1.,1.,1.,-16.594732329241,10.0697539195454,          1097P   1893
13.989030830673,-28.614732329241,10.0697539195454,                  1097P   1894
13.989030830673,-16.594732329241,10.0697539195454,                  1097P   1895
11.969030830673,-28.614732329241,10.0697539195454,                  1097P   1896
11.969030830673,-0.001,1.201,-0.001,0.201;                          1097P   1897
128,1,1,1,1,0,0,1,0,0,-0.00100000000000044,-0.00100000000000044,    1099P   1898
0.200999999999999,0.200999999999999,-0.001,-0.001,0.201,0.201,      1099P   1899
1.,1.,1.,1.,-16.604732329241,12.0797539195454,13.989030830673,      1099P   1900
-16.604732329241,10.0597539195454,13.989030830673,                  1099P   1901
-16.604732329241,12.0797539195454,11.969030830673,                  1099P   1902
-16.604732329241,10.0597539195454,11.969030830673,                  1099P   1903
-0.00100000000000044,0.200999999999999,-0.001,0.201;                1099P   1904
128,1,1,1,1,0,0,1,0,0,-0.00100000000000044,-0.00100000000000044,    1101P   1905
1.201,1.201,-0.001,-0.001,0.201,0.201,1.,1.,1.,1.,                  1101P   1906
-28.614732329241,12.0697539195454,13.989030830673,                  1101P   1907
-16.594732329241,12.0697539195454,13.989030830673,                  1101P   1908
-28.614732329241,12.0697539195454,11.969030830673,                  1101P   1909
-16.594732329241,12.0697539195454,11.969030830673,                  1101P   1910
-0.00100000000000044,1.201,-0.001,0.201;                            1101P   1911
128,1,1,1,1,0,0,1,0,0,-0.001,-0.001,0.201,0.201,-0.001,-0.001,      1103P   1912
0.201,0.201,1.,1.,1.,1.,-28.604732329241,10.0597539195454,          1103P   1913
13.989030830673,-28.604732329241,12.0797539195454,                  1103P   1914
13.989030830673,-28.604732329241,10.0597539195454,                  1103P   1915
11.969030830673,-28.604732329241,12.0797539195454,                  1103P   1916
11.969030830673,-0.001,0.201,-0.001,0.201;                          1103P   1917
128,1,1,1,1,0,0,1,0,0,-0.601,-0.601,0.601000000000001,              1105P   1918
0.601000000000001,-0.101,-0.101,0.101,0.101,1.,1.,1.,1.,            1105P   1919
-16.594732329241,10.0597539195454,11.979030830673,                  1105P   1920
-28.614732329241,10.0597539195454,11.979030830673,                  1105P   1921
-16.594732329241,12.0797539195454,11.979030830673,                  1105P   1922
-28.614732329241,12.0797539195454,11.979030830673,-0.601,           1105P   1923
0.601000000000001,-0.101,0.101;                                     1105P   1924
128,1,1,1,1,0,0,1,0,0,-0.001,-0.001,3.901,3.901,                    1107P   1925
-0.00307209829894417,-0.00307209829894417,0.298927901701056,        1107P   1926
0.298927901701056,1.,1.,1.,1.,63.2772011195296,94.9512793240294,    1107P   1927
13.969030830673,24.2572011195295,94.9512793240294,                  1107P   1928
13.969030830673,63.2772011195296,94.9512793240294,                  1107P   1929
16.989030830673,24.2572011195295,94.9512793240294,                  1107P   1930
16.989030830673,-0.001,3.901,-0.00307209829894417,                  1107P   1931
0.298927901701056;                                                  1107P   1932
128,1,1,1,1,0,0,1,0,0,-0.001,-0.001,3.901,3.901,                    1109P   1933
-0.00307209829894417,-0.00307209829894417,0.298927901701056,        1109P   1934
0.298927901701056,1.,1.,1.,1.,24.2672011195295,94.9412793240294,    1109P   1935
13.969030830673,24.2672011195295,133.961279324029,                  1109P   1936
13.969030830673,24.2672011195295,94.9412793240295,                  1109P   1937
16.989030830673,24.2672011195295,133.961279324029,                  1109P   1938
16.989030830673,-0.001,3.901,-0.00307209829894417,                  1109P   1939
0.298927901701056;                                                  1109P   1940
128,1,1,1,1,0,0,1,0,0,-0.001,-0.001,3.901,3.901,                    1111P   1941
-0.00307209829894417,-0.00307209829894417,0.298927901701056,        1111P   1942
0.298927901701056,1.,1.,1.,1.,63.2672011195295,133.961279324029,    1111P   1943
13.969030830673,63.2672011195295,94.9412793240294,                  1111P   1944
13.969030830673,63.2672011195295,133.961279324029,                  1111P   1945
16.989030830673,63.2672011195295,94.9412793240294,                  1111P   1946
16.989030830673,-0.001,3.901,-0.00307209829894417,                  1111P   1947
0.298927901701056;                                                  1111P   1948
128,1,1,1,1,0,0,1,0,0,-0.001,-0.001,3.901,3.901,                    1113P   1949
-0.00307209829894417,-0.00307209829894417,0.298927901701056,        1113P   1950
0.298927901701056,1.,1.,1.,1.,24.2572011195295,133.951279324029,    1113P   1951
13.969030830673,63.2772011195296,133.951279324029,                  1113P   1952
13.969030830673,24.2572011195295,133.951279324029,                  1113P   1953
16.989030830673,63.2772011195296,133.951279324029,                  1113P   1954
16.989030830673,-0.001,3.901,-0.00307209829894417,                  1113P   1955
0.298927901701056;                                                  1113P   1956
128,1,1,1,1,0,0,1,0,0,-5.651,-5.651,6.151,6.151,-10.651,-10.651,    1115P   1957
10.651,10.651,1.,1.,1.,1.,-39.614732329241,221.079753919545,        1115P   1958
13.979030830673,78.405267670759,221.079753919545,                   1115P   1959
13.979030830673,-39.614732329241,8.05975391954536,                  1115P   1960
13.979030830673,78.405267670759,8.05975391954536,                   1115P   1961
13.979030830673,-5.651,6.151,-10.651,10.651;                        1115P   1962
128,1,1,1,1,0,0,1,0,0,-0.00100000000000125,-0.00100000000000125,    1117P   1963
6.02690539762958,6.02690539762958,-0.001,-0.001,0.301,0.301,1.,     1117P   1964
1.,1.,1.,23.1961542286152,71.9654398913659,16.989030830673,         1117P   1965
67.7990418520736,31.4173602336765,16.989030830673,                  1117P   1966
23.1961542286152,71.9654398913659,13.969030830673,                  1117P   1967
67.7990418520736,31.4173602336765,13.969030830673,                  1117P   1968
-0.00100000000000125,6.02690539762958,-0.001,0.301;                 1117P   1969
128,1,1,1,1,0,0,1,0,0,-0.00100000000000103,-0.00100000000000103,    1119P   1970
0.106512941088525,0.106512941088525,-0.001,-0.001,0.301,0.301,      1119P   1971
1.,1.,1.,1.,-6.13939822457449,74.5871364994843,16.989030830673,     1119P   1972
-6.87589282285256,73.8038875244721,16.989030830673,                 1119P   1973
-6.13939822457449,74.5871364994843,13.969030830673,                 1119P   1974
-6.87589282285256,73.8038875244721,13.969030830673,                 1119P   1975
-0.00100000000000103,0.106512941088525,-0.001,0.301;                1119P   1976
128,1,4,1,2,0,0,0,0,0,0.,0.,2.3076923076923,2.3076923076923,        1121P   1977
-1.58762448200831,-1.58762448200831,-1.58762448200831,              1121P   1978
-0.793812241004155,-0.793812241004155,0.,0.,0.,1.,1.,               1121P   1979
0.922261397270164,0.922261397270164,1.,1.,0.922261397270164,        1121P   1980
0.922261397270164,1.,1.,-6.79644637065084,71.9587131634259,         1121P   1981
16.979030830673,-6.79644637065084,71.9587131634259,                 1121P   1982
13.979030830673,-7.19963702520634,72.3252501221127,                 1121P   1983
16.979030830673,-7.19963702520634,72.3252501221127,                 1121P   1984
13.979030830673,-7.22097462777529,72.8697285447531,                 1121P   1985
16.979030830673,-7.22097462777529,72.8697285447531,                 1121P   1986
13.979030830673,-7.24231223034424,73.4142069673934,                 1121P   1987
16.979030830673,-7.24231223034424,73.4142069673934,                 1121P   1988
13.979030830673,-6.86904253496329,73.8111726844452,                 1121P   1989
16.979030830673,-6.86904253496329,73.8111726844452,                 1121P   1990
13.979030830673,0.,2.3076923076923,-1.58762448200831,0.;            1121P   1991
128,1,1,1,1,0,0,1,0,0,-0.00100000000000063,-0.00100000000000063,    1123P   1992
6.02690539762958,6.02690539762958,-0.001,-0.001,0.301,0.301,1.,     1123P   1993
1.,1.,1.,-6.80384577138482,71.9654398913659,16.989030830673,        1123P   1994
37.7990418520736,31.4173602336765,16.989030830673,                  1123P   1995
-6.80384577138482,71.9654398913659,13.969030830673,                 1123P   1996
37.7990418520736,31.4173602336765,13.969030830673,                  1123P   1997
-0.00100000000000063,6.02690539762958,-0.001,0.301;                 1123P   1998
128,1,2,1,2,0,0,0,0,0,0.,0.,2.30769230769232,2.30769230769232,      1125P   1999
-1.5707963267949,-1.5707963267949,-1.5707963267949,0.,0.,0.,1.,     1125P   2000
1.,0.707106781186546,0.707106781186546,1.,1.,39.6280391789495,      1125P   2001
31.511534424836,16.979030830673,39.6280391789495,                   1125P   2002
31.511534424836,13.979030830673,38.7535645467543,                   1125P   2003
30.5496123294213,16.979030830673,38.7535645467543,                  1125P   2004
30.5496123294213,13.979030830673,37.7916424513396,                  1125P   2005
31.4240869616165,16.979030830673,37.7916424513396,                  1125P   2006
31.4240869616165,13.979030830673,0.,2.30769230769232,               1125P   2007
-1.5707963267949,0.;                                                1125P   2008
128,1,1,1,1,0,0,1,0,0,-0.001,-0.001,0.106498001504601,              1127P   2009
0.106498001504601,-0.001,-0.001,0.301,0.301,1.,1.,1.,1.,            1127P   2010
39.6213124510096,31.504135024102,16.989030830673,                   1127P   2011
40.3444222612207,32.2995558153343,16.989030830673,                  1127P   2012
39.6213124510096,31.504135024102,13.969030830673,                   1127P   2013
40.3444222612207,32.2995558153343,13.969030830673,-0.001,           1127P   2014
0.106498001504601,-0.001,0.301;                                     1127P   2015
128,1,2,1,2,0,0,0,0,0,0.,0.,2.30769230769231,2.30769230769231,      1129P   2016
-1.5707963267949,-1.5707963267949,-1.5707963267949,0.,0.,0.,1.,     1129P   2017
1.,0.707106781186548,0.707106781186548,1.,1.,40.2502480700613,      1129P   2018
34.1285531422103,16.979030830673,40.2502480700613,                  1129P   2019
34.1285531422103,13.979030830673,41.212170165476,                   1129P   2020
33.2540785100151,16.979030830673,41.212170165476,                   1129P   2021
33.2540785100151,13.979030830673,40.3376955332808,                  1129P   2022
32.2921564146004,16.979030830673,40.3376955332808,                  1129P   2023
32.2921564146004,13.979030830673,0.,2.30769230769231,               1129P   2024
-1.5707963267949,0.;                                                1129P   2025
128,1,1,1,1,0,0,1,0,0,-0.00100000000000004,-0.00100000000000004,    1131P   2026
6.02512989328259,6.02512989328259,-0.001,-0.001,0.301,0.301,1.,     1131P   2027
1.,1.,1.,40.2576474707952,34.1218264142703,16.989030830673,         1131P   2028
-4.33210248449486,74.6579627372613,16.989030830673,                 1131P   2029
40.2576474707952,34.1218264142703,13.969030830673,                  1131P   2030
-4.33210248449486,74.6579627372613,13.969030830673,                 1131P   2031
-0.00100000000000004,6.02512989328259,-0.001,0.301;                 1131P   2032
128,1,2,1,2,0,0,0,0,0,0.,0.,2.30769230769229,2.30769230769229,      1133P   2033
-1.55396817158147,-1.55396817158147,-1.55396817158147,0.,0.,0.,     1133P   2034
1.,1.,0.713031332050965,0.713031332050965,1.,1.,                    1133P   2035
-6.14624851246375,74.5798513395112,16.979030830673,                 1133P   2036
-6.14624851246375,74.5798513395112,13.979030830673,                 1133P   2037
-5.27057249455745,75.5111172918636,16.979030830673,                 1133P   2038
-5.27057249455745,75.5111172918636,13.979030830673,                 1133P   2039
-4.3247030837609,74.6512360093213,16.979030830673,                  1133P   2040
-4.3247030837609,74.6512360093213,13.979030830673,0.,               1133P   2041
2.30769230769229,-1.55396817158147,0.;                              1133P   2042
128,1,1,1,1,0,0,1,0,0,-0.0010000000000011,-0.0010000000000011,      1135P   2043
0.106512941088526,0.106512941088526,-0.001,-0.001,0.301,0.301,      1135P   2044
1.,1.,1.,1.,3.86060177542552,74.5871364994843,16.989030830673,      1135P   2045
3.12410717714744,73.8038875244721,16.989030830673,                  1135P   2046
3.86060177542552,74.5871364994843,13.969030830673,                  1135P   2047
3.12410717714744,73.8038875244721,13.969030830673,                  1135P   2048
-0.0010000000000011,0.106512941088526,-0.001,0.301;                 1135P   2049
128,1,4,1,2,0,0,0,0,0,0.,0.,2.3076923076923,2.3076923076923,        1137P   2050
-1.58762448200831,-1.58762448200831,-1.58762448200831,              1137P   2051
-0.793812241004156,-0.793812241004156,0.,0.,0.,1.,1.,               1137P   2052
0.922261397270163,0.922261397270163,1.,1.,0.922261397270163,        1137P   2053
0.922261397270163,1.,1.,3.20355362934916,71.9587131634259,          1137P   2054
16.979030830673,3.20355362934916,71.9587131634259,                  1137P   2055
13.979030830673,2.80036297479366,72.3252501221127,                  1137P   2056
16.979030830673,2.80036297479366,72.3252501221127,                  1137P   2057
13.979030830673,2.77902537222471,72.8697285447531,                  1137P   2058
16.979030830673,2.77902537222471,72.8697285447531,                  1137P   2059
13.979030830673,2.75768776965575,73.4142069673934,                  1137P   2060
16.979030830673,2.75768776965575,73.4142069673934,                  1137P   2061
13.979030830673,3.13095746503671,73.8111726844452,                  1137P   2062
16.979030830673,3.13095746503671,73.8111726844452,                  1137P   2063
13.979030830673,0.,2.3076923076923,-1.58762448200831,0.;            1137P   2064
128,1,1,1,1,0,0,1,0,0,-0.00100000000000125,-0.00100000000000125,    1139P   2065
6.02690539762958,6.02690539762958,-0.001,-0.001,0.301,0.301,1.,     1139P   2066
1.,1.,1.,3.19615422861518,71.9654398913659,16.989030830673,         1139P   2067
47.7990418520736,31.4173602336765,16.989030830673,                  1139P   2068
3.19615422861518,71.9654398913659,13.969030830673,                  1139P   2069
47.7990418520736,31.4173602336765,13.969030830673,                  1139P   2070
-0.00100000000000125,6.02690539762958,-0.001,0.301;                 1139P   2071
128,1,2,1,2,0,0,0,0,0,0.,0.,2.30769230769232,2.30769230769232,      1141P   2072
-1.5707963267949,-1.5707963267949,-1.5707963267949,0.,0.,0.,1.,     1141P   2073
1.,0.707106781186545,0.707106781186545,1.,1.,49.6280391789495,      1141P   2074
31.511534424836,16.979030830673,49.6280391789495,                   1141P   2075
31.511534424836,13.979030830673,48.7535645467543,                   1141P   2076
30.5496123294212,16.979030830673,48.7535645467543,                  1141P   2077
30.5496123294212,13.979030830673,47.7916424513396,                  1141P   2078
31.4240869616165,16.979030830673,47.7916424513396,                  1141P   2079
31.4240869616165,13.979030830673,0.,2.30769230769232,               1141P   2080
-1.5707963267949,0.;                                                1141P   2081
128,1,1,1,1,0,0,1,0,0,-0.001,-0.001,0.106498001504602,              1143P   2082
0.106498001504602,-0.001,-0.001,0.301,0.301,1.,1.,1.,1.,            1143P   2083
49.6213124510096,31.504135024102,16.989030830673,                   1143P   2084
50.3444222612207,32.2995558153343,16.989030830673,                  1143P   2085
49.6213124510096,31.504135024102,13.969030830673,                   1143P   2086
50.3444222612207,32.2995558153343,13.969030830673,-0.001,           1143P   2087
0.106498001504602,-0.001,0.301;                                     1143P   2088
128,1,2,1,2,0,0,0,0,0,0.,0.,2.30769230769231,2.30769230769231,      1145P   2089
-1.5707963267949,-1.5707963267949,-1.5707963267949,0.,0.,0.,1.,     1145P   2090
1.,0.707106781186548,0.707106781186548,1.,1.,50.2502480700613,      1145P   2091
34.1285531422103,16.979030830673,50.2502480700613,                  1145P   2092
34.1285531422103,13.979030830673,51.212170165476,                   1145P   2093
33.2540785100151,16.979030830673,51.212170165476,                   1145P   2094
33.2540785100151,13.979030830673,50.3376955332808,                  1145P   2095
32.2921564146004,16.979030830673,50.3376955332808,                  1145P   2096
32.2921564146004,13.979030830673,0.,2.30769230769231,               1145P   2097
-1.5707963267949,0.;                                                1145P   2098
128,1,1,1,1,0,0,1,0,0,-0.001,-0.001,6.02512989328259,               1147P   2099
6.02512989328259,-0.001,-0.001,0.301,0.301,1.,1.,1.,1.,             1147P   2100
50.2576474707952,34.1218264142703,16.989030830673,                  1147P   2101
5.66789751550514,74.6579627372613,16.989030830673,                  1147P   2102
50.2576474707952,34.1218264142703,13.969030830673,                  1147P   2103
5.66789751550514,74.6579627372613,13.969030830673,-0.001,           1147P   2104
6.02512989328259,-0.001,0.301;                                      1147P   2105
128,1,2,1,2,0,0,0,0,0,0.,0.,2.30769230769229,2.30769230769229,      1149P   2106
-1.55396817158147,-1.55396817158147,-1.55396817158147,0.,0.,0.,     1149P   2107
1.,1.,0.713031332050966,0.713031332050966,1.,1.,                    1149P   2108
3.85375148753625,74.5798513395112,16.979030830673,                  1149P   2109
3.85375148753625,74.5798513395112,13.979030830673,                  1149P   2110
4.72942750544255,75.5111172918636,16.979030830673,                  1149P   2111
4.72942750544255,75.5111172918636,13.979030830673,                  1149P   2112
5.6752969162391,74.6512360093213,16.979030830673,                   1149P   2113
5.6752969162391,74.6512360093213,13.979030830673,0.,                1149P   2114
2.30769230769229,-1.55396817158147,0.;                              1149P   2115
128,1,1,1,1,0,0,1,0,0,-0.00100000000000089,-0.00100000000000089,    1151P   2116
0.106512941088525,0.106512941088525,-0.001,-0.001,0.301,0.301,      1151P   2117
1.,1.,1.,1.,-16.1393982245745,74.5871364994843,16.989030830673,     1151P   2118
-16.8758928228526,73.8038875244721,16.989030830673,                 1151P   2119
-16.1393982245745,74.5871364994843,13.969030830673,                 1151P   2120
-16.8758928228526,73.8038875244721,13.969030830673,                 1151P   2121
-0.00100000000000089,0.106512941088525,-0.001,0.301;                1151P   2122
128,1,4,1,2,0,0,0,0,0,0.,0.,2.3076923076923,2.3076923076923,        1153P   2123
-1.58762448200831,-1.58762448200831,-1.58762448200831,              1153P   2124
-0.793812241004155,-0.793812241004155,0.,0.,0.,1.,1.,               1153P   2125
0.922261397270164,0.922261397270164,1.,1.,0.922261397270164,        1153P   2126
0.922261397270164,1.,1.,-16.7964463706508,71.9587131634259,         1153P   2127
16.979030830673,-16.7964463706508,71.9587131634259,                 1153P   2128
13.979030830673,-17.1996370252063,72.3252501221127,                 1153P   2129
16.979030830673,-17.1996370252063,72.3252501221127,                 1153P   2130
13.979030830673,-17.2209746277753,72.8697285447531,                 1153P   2131
16.979030830673,-17.2209746277753,72.8697285447531,                 1153P   2132
13.979030830673,-17.2423122303442,73.4142069673934,                 1153P   2133
16.979030830673,-17.2423122303442,73.4142069673934,                 1153P   2134
13.979030830673,-16.8690425349633,73.8111726844452,                 1153P   2135
16.979030830673,-16.8690425349633,73.8111726844452,                 1153P   2136
13.979030830673,0.,2.3076923076923,-1.58762448200831,0.;            1153P   2137
128,1,1,1,1,0,0,1,0,0,-0.00100000000000044,-0.00100000000000044,    1155P   2138
6.02690539762958,6.02690539762958,-0.001,-0.001,0.301,0.301,1.,     1155P   2139
1.,1.,1.,-16.8038457713848,71.9654398913659,16.989030830673,        1155P   2140
27.7990418520736,31.4173602336765,16.989030830673,                  1155P   2141
-16.8038457713848,71.9654398913659,13.969030830673,                 1155P   2142
27.7990418520736,31.4173602336765,13.969030830673,                  1155P   2143
-0.00100000000000044,6.02690539762958,-0.001,0.301;                 1155P   2144
128,1,2,1,2,0,0,0,0,0,0.,0.,2.30769230769232,2.30769230769232,      1157P   2145
-1.5707963267949,-1.5707963267949,-1.5707963267949,0.,0.,0.,1.,     1157P   2146
1.,0.707106781186546,0.707106781186546,1.,1.,29.6280391789495,      1157P   2147
31.511534424836,16.979030830673,29.6280391789495,                   1157P   2148
31.511534424836,13.979030830673,28.7535645467543,                   1157P   2149
30.5496123294213,16.979030830673,28.7535645467543,                  1157P   2150
30.5496123294213,13.979030830673,27.7916424513396,                  1157P   2151
31.4240869616165,16.979030830673,27.7916424513396,                  1157P   2152
31.4240869616165,13.979030830673,0.,2.30769230769232,               1157P   2153
-1.5707963267949,0.;                                                1157P   2154
128,1,1,1,1,0,0,1,0,0,-0.001,-0.001,0.106498001504601,              1159P   2155
0.106498001504601,-0.001,-0.001,0.301,0.301,1.,1.,1.,1.,            1159P   2156
29.6213124510096,31.504135024102,16.989030830673,                   1159P   2157
30.3444222612207,32.2995558153343,16.989030830673,                  1159P   2158
29.6213124510096,31.504135024102,13.969030830673,                   1159P   2159
30.3444222612207,32.2995558153343,13.969030830673,-0.001,           1159P   2160
0.106498001504601,-0.001,0.301;                                     1159P   2161
128,1,2,1,2,0,0,0,0,0,0.,0.,2.30769230769231,2.30769230769231,      1161P   2162
-1.5707963267949,-1.5707963267949,-1.5707963267949,0.,0.,0.,1.,     1161P   2163
1.,0.707106781186548,0.707106781186548,1.,1.,30.2502480700613,      1161P   2164
34.1285531422103,16.979030830673,30.2502480700613,                  1161P   2165
34.1285531422103,13.979030830673,31.212170165476,                   1161P   2166
33.2540785100151,16.979030830673,31.212170165476,                   1161P   2167
33.2540785100151,13.979030830673,30.3376955332808,                  1161P   2168
32.2921564146004,16.979030830673,30.3376955332808,                  1161P   2169
32.2921564146004,13.979030830673,0.,2.30769230769231,               1161P   2170
-1.5707963267949,0.;                                                1161P   2171
128,1,1,1,1,0,0,1,0,0,-0.00100000000000016,-0.00100000000000016,    1163P   2172
6.02512989328259,6.02512989328259,-0.001,-0.001,0.301,0.301,1.,     1163P   2173
1.,1.,1.,30.2576474707952,34.1218264142703,16.989030830673,         1163P   2174
-14.3321024844949,74.6579627372613,16.989030830673,                 1163P   2175
30.2576474707952,34.1218264142703,13.969030830673,                  1163P   2176
-14.3321024844949,74.6579627372613,13.969030830673,                 1163P   2177
-0.00100000000000016,6.02512989328259,-0.001,0.301;                 1163P   2178
128,1,2,1,2,0,0,0,0,0,0.,0.,2.30769230769229,2.30769230769229,      1165P   2179
-1.55396817158147,-1.55396817158147,-1.55396817158147,0.,0.,0.,     1165P   2180
1.,1.,0.713031332050965,0.713031332050965,1.,1.,                    1165P   2181
-16.1462485124638,74.5798513395112,16.979030830673,                 1165P   2182
-16.1462485124638,74.5798513395112,13.979030830673,                 1165P   2183
-15.2705724945575,75.5111172918636,16.979030830673,                 1165P   2184
-15.2705724945575,75.5111172918636,13.979030830673,                 1165P   2185
-14.3247030837609,74.6512360093213,16.979030830673,                 1165P   2186
-14.3247030837609,74.6512360093213,13.979030830673,0.,              1165P   2187
2.30769230769229,-1.55396817158147,0.;                              1165P   2188
128,1,1,1,1,0,0,1,0,0,-0.00100000000000178,-0.00100000000000178,    1167P   2189
0.106512941088525,0.106512941088525,-0.001,-0.001,0.301,0.301,      1167P   2190
1.,1.,1.,1.,23.8606017754255,74.5871364994843,16.989030830673,      1167P   2191
23.1241071771474,73.8038875244721,16.989030830673,                  1167P   2192
23.8606017754255,74.5871364994843,13.969030830673,                  1167P   2193
23.1241071771474,73.8038875244721,13.969030830673,                  1167P   2194
-0.00100000000000178,0.106512941088525,-0.001,0.301;                1167P   2195
128,1,4,1,2,0,0,0,0,0,0.,0.,2.30769230769229,2.30769230769229,      1169P   2196
-1.5876244820083,-1.5876244820083,-1.5876244820083,                 1169P   2197
-0.793812241004149,-0.793812241004149,1.06752213906264D-16,         1169P   2198
1.06752213906264D-16,1.06752213906264D-16,1.,1.,                    1169P   2199
0.922261397270165,0.922261397270165,1.,1.,0.922261397270165,        1169P   2200
0.922261397270165,1.,1.,23.2035536293492,71.9587131634259,          1169P   2201
16.979030830673,23.2035536293492,71.9587131634259,                  1169P   2202
13.979030830673,22.8003629747937,72.3252501221127,                  1169P   2203
16.979030830673,22.8003629747937,72.3252501221127,                  1169P   2204
13.979030830673,22.7790253722247,72.8697285447531,                  1169P   2205
16.979030830673,22.7790253722247,72.8697285447531,                  1169P   2206
13.979030830673,22.7576877696558,73.4142069673934,                  1169P   2207
16.979030830673,22.7576877696558,73.4142069673934,                  1169P   2208
13.979030830673,23.1309574650367,73.8111726844452,                  1169P   2209
16.979030830673,23.1309574650367,73.8111726844452,                  1169P   2210
13.979030830673,0.,2.30769230769229,-1.5876244820083,               1169P   2211
1.06752213906264D-16;                                               1169P   2212
128,1,2,1,2,0,0,0,0,0,0.,0.,2.30769230769234,2.30769230769234,      1171P   2213
-1.5707963267949,-1.5707963267949,-1.5707963267949,0.,0.,0.,1.,     1171P   2214
1.,0.707106781186546,0.707106781186546,1.,1.,69.6280391789495,      1171P   2215
31.511534424836,16.979030830673,69.6280391789495,                   1171P   2216
31.511534424836,13.979030830673,68.7535645467543,                   1171P   2217
30.5496123294213,16.979030830673,68.7535645467543,                  1171P   2218
30.5496123294213,13.979030830673,67.7916424513396,                  1171P   2219
31.4240869616165,16.979030830673,67.7916424513396,                  1171P   2220
31.4240869616165,13.979030830673,0.,2.30769230769234,               1171P   2221
-1.5707963267949,0.;                                                1171P   2222
128,1,1,1,1,0,0,1,0,0,-0.001,-0.001,0.106498001504602,              1173P   2223
0.106498001504602,-0.001,-0.001,0.301,0.301,1.,1.,1.,1.,            1173P   2224
69.6213124510096,31.504135024102,16.989030830673,                   1173P   2225
70.3444222612208,32.2995558153343,16.989030830673,                  1173P   2226
69.6213124510095,31.504135024102,13.969030830673,                   1173P   2227
70.3444222612208,32.2995558153343,13.969030830673,-0.001,           1173P   2228
0.106498001504602,-0.001,0.301;                                     1173P   2229
128,1,2,1,2,0,0,0,0,0,0.,0.,2.30769230769231,2.30769230769231,      1175P   2230
-1.5707963267949,-1.5707963267949,-1.5707963267949,0.,0.,0.,1.,     1175P   2231
1.,0.707106781186548,0.707106781186548,1.,1.,70.2502480700613,      1175P   2232
34.1285531422103,16.979030830673,70.2502480700613,                  1175P   2233
34.1285531422103,13.979030830673,71.212170165476,                   1175P   2234
33.2540785100151,16.979030830673,71.212170165476,                   1175P   2235
33.2540785100151,13.979030830673,70.3376955332808,                  1175P   2236
32.2921564146004,16.979030830673,70.3376955332808,                  1175P   2237
32.2921564146004,13.979030830673,0.,2.30769230769231,               1175P   2238
-1.5707963267949,0.;                                                1175P   2239
128,1,1,1,1,0,0,1,0,0,-0.001,-0.001,6.02512989328259,               1177P   2240
6.02512989328259,-0.001,-0.001,0.301,0.301,1.,1.,1.,1.,             1177P   2241
70.2576474707952,34.1218264142703,16.989030830673,                  1177P   2242
25.6678975155051,74.6579627372613,16.989030830673,                  1177P   2243
70.2576474707952,34.1218264142703,13.969030830673,                  1177P   2244
25.6678975155051,74.6579627372613,13.969030830673,-0.001,           1177P   2245
6.02512989328259,-0.001,0.301;                                      1177P   2246
128,1,2,1,2,0,0,0,0,0,0.,0.,2.30769230769229,2.30769230769229,      1179P   2247
-1.55396817158147,-1.55396817158147,-1.55396817158147,0.,0.,0.,     1179P   2248
1.,1.,0.713031332050966,0.713031332050966,1.,1.,                    1179P   2249
23.8537514875362,74.5798513395112,16.979030830673,                  1179P   2250
23.8537514875362,74.5798513395112,13.979030830673,                  1179P   2251
24.7294275054425,75.5111172918636,16.979030830673,                  1179P   2252
24.7294275054425,75.5111172918636,13.979030830673,                  1179P   2253
25.6752969162391,74.6512360093213,16.979030830673,                  1179P   2254
25.6752969162391,74.6512360093213,13.979030830673,0.,               1179P   2255
2.30769230769229,-1.55396817158147,0.;                              1179P   2256
128,1,1,1,1,0,0,1,0,0,-0.00100000000000015,-0.00100000000000015,    1181P   2257
0.106512941088525,0.106512941088525,-0.001,-0.001,0.301,0.301,      1181P   2258
1.,1.,1.,1.,13.8606017754255,74.5871364994843,16.989030830673,      1181P   2259
13.1241071771474,73.8038875244721,16.989030830673,                  1181P   2260
13.8606017754255,74.5871364994843,13.969030830673,                  1181P   2261
13.1241071771474,73.8038875244721,13.969030830673,                  1181P   2262
-0.00100000000000015,0.106512941088525,-0.001,0.301;                1181P   2263
128,1,4,1,2,0,0,0,0,0,0.,0.,2.3076923076923,2.3076923076923,        1183P   2264
-1.58762448200831,-1.58762448200831,-1.58762448200831,              1183P   2265
-0.793812241004156,-0.793812241004156,0.,0.,0.,1.,1.,               1183P   2266
0.922261397270163,0.922261397270163,1.,1.,0.922261397270163,        1183P   2267
0.922261397270163,1.,1.,13.2035536293492,71.9587131634259,          1183P   2268
16.979030830673,13.2035536293492,71.9587131634259,                  1183P   2269
13.979030830673,12.8003629747937,72.3252501221127,                  1183P   2270
16.979030830673,12.8003629747937,72.3252501221127,                  1183P   2271
13.979030830673,12.7790253722247,72.8697285447531,                  1183P   2272
16.979030830673,12.7790253722247,72.8697285447531,                  1183P   2273
13.979030830673,12.7576877696558,73.4142069673934,                  1183P   2274
16.979030830673,12.7576877696558,73.4142069673934,                  1183P   2275
13.979030830673,13.1309574650367,73.8111726844452,                  1183P   2276
16.979030830673,13.1309574650367,73.8111726844452,                  1183P   2277
13.979030830673,0.,2.3076923076923,-1.58762448200831,0.;            1183P   2278
128,1,1,1,1,0,0,1,0,0,-0.001,-0.001,6.02690539762958,               1185P   2279
6.02690539762958,-0.001,-0.001,0.301,0.301,1.,1.,1.,1.,             1185P   2280
13.1961542286152,71.9654398913659,16.989030830673,                  1185P   2281
57.7990418520736,31.4173602336765,16.989030830673,                  1185P   2282
13.1961542286152,71.9654398913659,13.969030830673,                  1185P   2283
57.7990418520736,31.4173602336765,13.969030830673,-0.001,           1185P   2284
6.02690539762958,-0.001,0.301;                                      1185P   2285
128,1,2,1,2,0,0,0,0,0,0.,0.,2.30769230769233,2.30769230769233,      1187P   2286
-1.57079632679491,-1.57079632679491,-1.57079632679491,0.,0.,0.,     1187P   2287
1.,1.,0.707106781186544,0.707106781186544,1.,1.,                    1187P   2288
59.6280391789495,31.511534424836,16.979030830673,                   1187P   2289
59.6280391789495,31.511534424836,13.979030830673,                   1187P   2290
58.7535645467543,30.5496123294213,16.979030830673,                  1187P   2291
58.7535645467543,30.5496123294213,13.979030830673,                  1187P   2292
57.7916424513396,31.4240869616165,16.979030830673,                  1187P   2293
57.7916424513396,31.4240869616165,13.979030830673,0.,               1187P   2294
2.30769230769233,-1.57079632679491,0.;                              1187P   2295
128,1,1,1,1,0,0,1,0,0,-0.001,-0.001,0.106498001504601,              1189P   2296
0.106498001504601,-0.001,-0.001,0.301,0.301,1.,1.,1.,1.,            1189P   2297
59.6213124510096,31.504135024102,16.989030830673,                   1189P   2298
60.3444222612207,32.2995558153343,16.989030830673,                  1189P   2299
59.6213124510096,31.504135024102,13.969030830673,                   1189P   2300
60.3444222612207,32.2995558153343,13.969030830673,-0.001,           1189P   2301
0.106498001504601,-0.001,0.301;                                     1189P   2302
128,1,2,1,2,0,0,0,0,0,0.,0.,2.30769230769231,2.30769230769231,      1191P   2303
-1.5707963267949,-1.5707963267949,-1.5707963267949,0.,0.,0.,1.,     1191P   2304
1.,0.707106781186548,0.707106781186548,1.,1.,60.2502480700613,      1191P   2305
34.1285531422103,16.979030830673,60.2502480700613,                  1191P   2306
34.1285531422103,13.979030830673,61.212170165476,                   1191P   2307
33.2540785100151,16.979030830673,61.212170165476,                   1191P   2308
33.2540785100151,13.979030830673,60.3376955332808,                  1191P   2309
32.2921564146004,16.979030830673,60.3376955332808,                  1191P   2310
32.2921564146004,13.979030830673,0.,2.30769230769231,               1191P   2311
-1.5707963267949,0.;                                                1191P   2312
128,1,1,1,1,0,0,1,0,0,-0.001,-0.001,6.02512989328259,               1193P   2313
6.02512989328259,-0.001,-0.001,0.301,0.301,1.,1.,1.,1.,             1193P   2314
60.2576474707952,34.1218264142703,16.989030830673,                  1193P   2315
15.6678975155051,74.6579627372613,16.989030830673,                  1193P   2316
60.2576474707952,34.1218264142703,13.969030830673,                  1193P   2317
15.6678975155051,74.6579627372613,13.969030830673,-0.001,           1193P   2318
6.02512989328259,-0.001,0.301;                                      1193P   2319
128,1,2,1,2,0,0,0,0,0,0.,0.,2.30769230769229,2.30769230769229,      1195P   2320
-1.55396817158147,-1.55396817158147,-1.55396817158147,0.,0.,0.,     1195P   2321
1.,1.,0.713031332050965,0.713031332050965,1.,1.,                    1195P   2322
13.8537514875362,74.5798513395112,16.979030830673,                  1195P   2323
13.8537514875362,74.5798513395112,13.979030830673,                  1195P   2324
14.7294275054425,75.5111172918636,16.979030830673,                  1195P   2325
14.7294275054425,75.5111172918636,13.979030830673,                  1195P   2326
15.6752969162391,74.6512360093213,16.979030830673,                  1195P   2327
15.6752969162391,74.6512360093213,13.979030830673,0.,               1195P   2328
2.30769230769229,-1.55396817158147,0.;                              1195P   2329
128,1,1,1,1,0,0,1,0,0,-0.00100000000000044,-0.00100000000000044,    1197P   2330
0.106512941088525,0.106512941088525,-0.001,-0.001,0.301,0.301,      1197P   2331
1.,1.,1.,1.,-26.1393982245745,74.5871364994843,16.989030830673,     1197P   2332
-26.8758928228526,73.8038875244721,16.989030830673,                 1197P   2333
-26.1393982245745,74.5871364994843,13.969030830673,                 1197P   2334
-26.8758928228526,73.8038875244721,13.969030830673,                 1197P   2335
-0.00100000000000044,0.106512941088525,-0.001,0.301;                1197P   2336
128,1,4,1,2,0,0,0,0,0,0.,0.,2.3076923076923,2.3076923076923,        1199P   2337
-1.58762448200831,-1.58762448200831,-1.58762448200831,              1199P   2338
-0.793812241004155,-0.793812241004155,0.,0.,0.,1.,1.,               1199P   2339
0.922261397270164,0.922261397270164,1.,1.,0.922261397270164,        1199P   2340
0.922261397270164,1.,1.,-26.7964463706508,71.9587131634259,         1199P   2341
16.979030830673,-26.7964463706508,71.9587131634259,                 1199P   2342
13.979030830673,-27.1996370252063,72.3252501221127,                 1199P   2343
16.979030830673,-27.1996370252063,72.3252501221127,                 1199P   2344
13.979030830673,-27.2209746277753,72.8697285447531,                 1199P   2345
16.979030830673,-27.2209746277753,72.8697285447531,                 1199P   2346
13.979030830673,-27.2423122303442,73.4142069673934,                 1199P   2347
16.979030830673,-27.2423122303442,73.4142069673934,                 1199P   2348
13.979030830673,-26.8690425349633,73.8111726844452,                 1199P   2349
16.979030830673,-26.8690425349633,73.8111726844452,                 1199P   2350
13.979030830673,0.,2.3076923076923,-1.58762448200831,0.;            1199P   2351
128,1,1,1,1,0,0,1,0,0,-0.00100000000000063,-0.00100000000000063,    1201P   2352
6.02690539762958,6.02690539762958,-0.001,-0.001,0.301,0.301,1.,     1201P   2353
1.,1.,1.,-26.8038457713848,71.9654398913659,16.989030830673,        1201P   2354
17.7990418520736,31.4173602336765,16.989030830673,                  1201P   2355
-26.8038457713848,71.9654398913659,13.969030830673,                 1201P   2356
17.7990418520736,31.4173602336765,13.969030830673,                  1201P   2357
-0.00100000000000063,6.02690539762958,-0.001,0.301;                 1201P   2358
128,1,2,1,2,0,0,0,0,0,0.,0.,2.30769230769232,2.30769230769232,      1203P   2359
-1.5707963267949,-1.5707963267949,-1.5707963267949,0.,0.,0.,1.,     1203P   2360
1.,0.707106781186546,0.707106781186546,1.,1.,19.6280391789495,      1203P   2361
31.511534424836,16.979030830673,19.6280391789495,                   1203P   2362
31.511534424836,13.979030830673,18.7535645467543,                   1203P   2363
30.5496123294213,16.979030830673,18.7535645467543,                  1203P   2364
30.5496123294213,13.979030830673,17.7916424513396,                  1203P   2365
31.4240869616165,16.979030830673,17.7916424513396,                  1203P   2366
31.4240869616165,13.979030830673,0.,2.30769230769232,               1203P   2367
-1.5707963267949,0.;                                                1203P   2368
128,1,1,1,1,0,0,1,0,0,-0.001,-0.001,0.106498001504601,              1205P   2369
0.106498001504601,-0.001,-0.001,0.301,0.301,1.,1.,1.,1.,            1205P   2370
19.6213124510096,31.504135024102,16.989030830673,                   1205P   2371
20.3444222612207,32.2995558153343,16.989030830673,                  1205P   2372
19.6213124510096,31.504135024102,13.969030830673,                   1205P   2373
20.3444222612207,32.2995558153343,13.969030830673,-0.001,           1205P   2374
0.106498001504601,-0.001,0.301;                                     1205P   2375
128,1,2,1,2,0,0,0,0,0,0.,0.,2.30769230769231,2.30769230769231,      1207P   2376
-1.5707963267949,-1.5707963267949,-1.5707963267949,0.,0.,0.,1.,     1207P   2377
1.,0.707106781186548,0.707106781186548,1.,1.,20.2502480700613,      1207P   2378
34.1285531422103,16.979030830673,20.2502480700613,                  1207P   2379
34.1285531422103,13.979030830673,21.212170165476,                   1207P   2380
33.2540785100151,16.979030830673,21.212170165476,                   1207P   2381
33.2540785100151,13.979030830673,20.3376955332808,                  1207P   2382
32.2921564146004,16.979030830673,20.3376955332808,                  1207P   2383
32.2921564146004,13.979030830673,0.,2.30769230769231,               1207P   2384
-1.5707963267949,0.;                                                1207P   2385
128,1,1,1,1,0,0,1,0,0,-0.001,-0.001,6.02512989328259,               1209P   2386
6.02512989328259,-0.001,-0.001,0.301,0.301,1.,1.,1.,1.,             1209P   2387
20.2576474707953,34.1218264142703,16.989030830673,                  1209P   2388
-24.3321024844949,74.6579627372613,16.989030830673,                 1209P   2389
20.2576474707953,34.1218264142703,13.969030830673,                  1209P   2390
-24.3321024844949,74.6579627372613,13.969030830673,-0.001,          1209P   2391
6.02512989328259,-0.001,0.301;                                      1209P   2392
128,1,2,1,2,0,0,0,0,0,0.,0.,2.30769230769229,2.30769230769229,      1211P   2393
-1.55396817158147,-1.55396817158147,-1.55396817158147,0.,0.,0.,     1211P   2394
1.,1.,0.713031332050965,0.713031332050965,1.,1.,                    1211P   2395
-26.1462485124638,74.5798513395112,16.979030830673,                 1211P   2396
-26.1462485124638,74.5798513395112,13.979030830673,                 1211P   2397
-25.2705724945574,75.5111172918636,16.979030830673,                 1211P   2398
-25.2705724945574,75.5111172918636,13.979030830673,                 1211P   2399
-24.3247030837609,74.6512360093213,16.979030830673,                 1211P   2400
-24.3247030837609,74.6512360093213,13.979030830673,0.,              1211P   2401
2.30769230769229,-1.55396817158147,0.;                              1211P   2402
502,184,-39.604732329241,13.0697539195454,13.979030830673,          1213P   2403
-34.604732329241,8.06975391954537,13.979030830673,                  1213P   2404
-34.604732329241,8.06975391954537,16.979030830673,                  1213P   2405
-39.604732329241,13.0697539195454,16.979030830673,                  1213P   2406
-39.604732329241,216.069753919545,16.979030830673,                  1213P   2407
-39.604732329241,216.069753919545,13.979030830673,                  1213P   2408
73.395267670759,8.06975391954537,16.979030830673,                   1213P   2409
78.395267670759,13.0697539195454,16.979030830673,                   1213P   2410
78.395267670759,216.069753919545,16.979030830673,                   1213P   2411
73.395267670759,221.069753919545,16.979030830673,                   1213P   2412
-34.604732329241,221.069753919545,16.979030830673,                  1213P   2413
63.2672011195295,133.951279324029,16.979030830673,                  1213P   2414
63.2672011195295,94.9512793240294,16.979030830673,                  1213P   2415
24.2672011195295,94.9512793240294,16.979030830673,                  1213P   2416
24.2672011195295,133.951279324029,16.979030830673,                  1213P   2417
15.6752969162391,74.6512360093213,16.979030830673,                  1213P   2418
60.2502480700613,34.1285531422103,16.979030830673,                  1213P   2419
60.3376955332808,32.2921564146004,16.979030830673,                  1213P   2420
59.6280391789495,31.511534424836,16.979030830673,                   1213P   2421
57.7916424513396,31.4240869616165,16.979030830673,                  1213P   2422
13.2035536293492,71.9587131634259,16.979030830673,                  1213P   2423
13.1309574650367,73.8111726844452,16.979030830673,                  1213P   2424
13.8537514875362,74.5798513395112,16.979030830673,                  1213P   2425
67.7916424513396,31.4240869616165,16.979030830673,                  1213P   2426
23.2035536293492,71.9587131634259,16.979030830673,                  1213P   2427
23.1309574650367,73.8111726844452,16.979030830673,                  1213P   2428
23.8537514875362,74.5798513395112,16.979030830673,                  1213P   2429
25.6752969162391,74.6512360093213,16.979030830673,                  1213P   2430
70.2502480700613,34.1285531422103,16.979030830673,                  1213P   2431
70.3376955332808,32.2921564146004,16.979030830673,                  1213P   2432
69.6280391789495,31.511534424836,16.979030830673,                   1213P   2433
40.3376955332808,32.2921564146004,16.979030830673,                  1213P   2434
39.6280391789495,31.511534424836,16.979030830673,                   1213P   2435
37.7916424513396,31.4240869616165,16.979030830673,                  1213P   2436
-6.79644637065084,71.9587131634259,16.979030830673,                 1213P   2437
-6.86904253496329,73.8111726844452,16.979030830673,                 1213P   2438
-6.14624851246376,74.5798513395112,16.979030830673,                 1213P   2439
-4.3247030837609,74.6512360093213,16.979030830673,                  1213P   2440
40.2502480700613,34.1285531422103,16.979030830673,                  1213P   2441
50.3376955332808,32.2921564146004,16.979030830673,                  1213P   2442
49.6280391789495,31.511534424836,16.979030830673,                   1213P   2443
47.7916424513396,31.4240869616165,16.979030830673,                  1213P   2444
3.20355362934916,71.9587131634259,16.979030830673,                  1213P   2445
3.13095746503671,73.8111726844452,16.979030830673,                  1213P   2446
3.85375148753625,74.5798513395112,16.979030830673,                  1213P   2447
5.6752969162391,74.6512360093213,16.979030830673,                   1213P   2448
50.2502480700613,34.1285531422103,16.979030830673,                  1213P   2449
30.3376955332808,32.2921564146004,16.979030830673,                  1213P   2450
29.6280391789495,31.511534424836,16.979030830673,                   1213P   2451
27.7916424513396,31.4240869616165,16.979030830673,                  1213P   2452
-16.7964463706508,71.9587131634259,16.979030830673,                 1213P   2453
-16.8690425349633,73.8111726844452,16.979030830673,                 1213P   2454
-16.1462485124638,74.5798513395112,16.979030830673,                 1213P   2455
-14.3247030837609,74.6512360093213,16.979030830673,                 1213P   2456
30.2502480700613,34.1285531422103,16.979030830673,                  1213P   2457
20.3376955332808,32.2921564146004,16.979030830673,                  1213P   2458
19.6280391789495,31.511534424836,16.979030830673,                   1213P   2459
17.7916424513396,31.4240869616165,16.979030830673,                  1213P   2460
-26.7964463706508,71.9587131634259,16.979030830673,                 1213P   2461
-26.8690425349633,73.8111726844452,16.979030830673,                 1213P   2462
-26.1462485124638,74.5798513395112,16.979030830673,                 1213P   2463
-24.3247030837609,74.6512360093213,16.979030830673,                 1213P   2464
20.2502480700613,34.1285531422103,16.979030830673,                  1213P   2465
73.395267670759,8.06975391954537,13.979030830673,                   1213P   2466
78.395267670759,13.0697539195454,13.979030830673,                   1213P   2467
78.395267670759,216.069753919545,13.979030830673,                   1213P   2468
73.395267670759,221.069753919545,13.979030830673,                   1213P   2469
-34.604732329241,221.069753919545,13.979030830673,                  1213P   2470
72.395267670759,10.0697539195454,13.979030830673,                   1213P   2471
72.395267670759,12.0697539195454,13.979030830673,                   1213P   2472
72.395267670759,10.0697539195454,11.979030830673,                   1213P   2473
72.395267670759,12.0697539195454,11.979030830673,                   1213P   2474
60.3952676707591,12.0697539195454,13.979030830673,                  1213P   2475
60.3952676707591,12.0697539195454,11.979030830673,                  1213P   2476
60.3952676707591,10.0697539195454,13.979030830673,                  1213P   2477
60.3952676707591,10.0697539195454,11.979030830673,                  1213P   2478
-37.604732329241,200.569753919545,13.979030830673,                  1213P   2479
-35.604732329241,200.569753919545,13.979030830673,                  1213P   2480
-37.604732329241,200.569753919545,11.979030830673,                  1213P   2481
-35.604732329241,200.569753919545,11.979030830673,                  1213P   2482
-35.604732329241,212.569753919545,13.979030830673,                  1213P   2483
-35.604732329241,212.569753919545,11.979030830673,                  1213P   2484
-37.604732329241,212.569753919545,13.979030830673,                  1213P   2485
-37.604732329241,212.569753919545,11.979030830673,                  1213P   2486
60.3952676707591,217.069753919545,13.979030830673,                  1213P   2487
72.3952676707591,217.069753919545,13.979030830673,                  1213P   2488
60.3952676707591,217.069753919545,11.979030830673,                  1213P   2489
72.3952676707591,217.069753919545,11.979030830673,                  1213P   2490
72.3952676707591,219.069753919545,13.979030830673,                  1213P   2491
72.3952676707591,219.069753919545,11.979030830673,                  1213P   2492
60.3952676707591,219.069753919545,13.979030830673,                  1213P   2493
60.3952676707591,219.069753919545,11.979030830673,                  1213P   2494
-37.604732329241,28.5697539195454,13.979030830673,                  1213P   2495
-37.604732329241,16.5697539195454,13.979030830673,                  1213P   2496
-37.604732329241,28.5697539195454,11.979030830673,                  1213P   2497
-37.604732329241,16.5697539195454,11.979030830673,                  1213P   2498
-35.604732329241,16.5697539195454,13.979030830673,                  1213P   2499
-35.604732329241,16.5697539195454,11.979030830673,                  1213P   2500
-35.604732329241,28.5697539195454,13.979030830673,                  1213P   2501
-35.604732329241,28.5697539195454,11.979030830673,                  1213P   2502
76.3952676707591,16.5697539195454,13.979030830673,                  1213P   2503
76.3952676707591,28.5697539195454,13.979030830673,                  1213P   2504
76.3952676707591,16.5697539195454,11.979030830673,                  1213P   2505
76.3952676707591,28.5697539195454,11.979030830673,                  1213P   2506
74.3952676707591,28.5697539195454,13.979030830673,                  1213P   2507
74.3952676707591,28.5697539195454,11.979030830673,                  1213P   2508
74.3952676707591,16.5697539195454,13.979030830673,                  1213P   2509
74.3952676707591,16.5697539195454,11.979030830673,                  1213P   2510
-16.604732329241,217.069753919545,13.979030830673,                  1213P   2511
-16.604732329241,219.069753919545,13.979030830673,                  1213P   2512
-16.604732329241,217.069753919545,11.979030830673,                  1213P   2513
-16.604732329241,219.069753919545,11.979030830673,                  1213P   2514
-28.604732329241,219.069753919545,13.979030830673,                  1213P   2515
-28.604732329241,219.069753919545,11.979030830673,                  1213P   2516
-28.604732329241,217.069753919545,13.979030830673,                  1213P   2517
-28.604732329241,217.069753919545,11.979030830673,                  1213P   2518
76.3952676707591,212.569753919545,13.979030830673,                  1213P   2519
74.3952676707591,212.569753919545,13.979030830673,                  1213P   2520
76.3952676707591,212.569753919545,11.979030830673,                  1213P   2521
74.3952676707591,212.569753919545,11.979030830673,                  1213P   2522
74.3952676707591,200.569753919545,13.979030830673,                  1213P   2523
74.3952676707591,200.569753919545,11.979030830673,                  1213P   2524
76.3952676707591,200.569753919545,13.979030830673,                  1213P   2525
76.3952676707591,200.569753919545,11.979030830673,                  1213P   2526
-28.604732329241,10.0697539195454,13.979030830673,                  1213P   2527
-16.604732329241,10.0697539195454,13.979030830673,                  1213P   2528
-28.604732329241,10.0697539195454,11.979030830673,                  1213P   2529
-16.604732329241,10.0697539195454,11.979030830673,                  1213P   2530
-16.604732329241,12.0697539195454,13.979030830673,                  1213P   2531
-16.604732329241,12.0697539195454,11.979030830673,                  1213P   2532
-28.604732329241,12.0697539195454,13.979030830673,                  1213P   2533
-28.604732329241,12.0697539195454,11.979030830673,                  1213P   2534
63.2672011195295,94.9512793240294,13.979030830673,                  1213P   2535
24.2672011195295,94.9512793240294,13.979030830673,                  1213P   2536
24.2672011195295,133.951279324029,13.979030830673,                  1213P   2537
63.2672011195295,133.951279324029,13.979030830673,                  1213P   2538
23.2035536293492,71.9587131634259,13.979030830673,                  1213P   2539
67.7916424513396,31.4240869616165,13.979030830673,                  1213P   2540
69.6280391789495,31.511534424836,13.979030830673,                   1213P   2541
70.3376955332808,32.2921564146004,13.979030830673,                  1213P   2542
70.2502480700613,34.1285531422103,13.979030830673,                  1213P   2543
25.6752969162391,74.6512360093213,13.979030830673,                  1213P   2544
23.8537514875362,74.5798513395112,13.979030830673,                  1213P   2545
23.1309574650367,73.8111726844452,13.979030830673,                  1213P   2546
60.2502480700613,34.1285531422103,13.979030830673,                  1213P   2547
15.6752969162391,74.6512360093213,13.979030830673,                  1213P   2548
13.8537514875362,74.5798513395112,13.979030830673,                  1213P   2549
13.1309574650367,73.8111726844452,13.979030830673,                  1213P   2550
13.2035536293492,71.9587131634259,13.979030830673,                  1213P   2551
57.7916424513396,31.4240869616165,13.979030830673,                  1213P   2552
59.6280391789495,31.511534424836,13.979030830673,                   1213P   2553
60.3376955332808,32.2921564146004,13.979030830673,                  1213P   2554
19.6280391789495,31.511534424836,13.979030830673,                   1213P   2555
20.3376955332808,32.2921564146004,13.979030830673,                  1213P   2556
20.2502480700613,34.1285531422103,13.979030830673,                  1213P   2557
-24.3247030837609,74.6512360093213,13.979030830673,                 1213P   2558
-26.1462485124638,74.5798513395112,13.979030830673,                 1213P   2559
-26.8690425349633,73.8111726844452,13.979030830673,                 1213P   2560
-26.7964463706508,71.9587131634259,13.979030830673,                 1213P   2561
17.7916424513396,31.4240869616165,13.979030830673,                  1213P   2562
29.6280391789495,31.511534424836,13.979030830673,                   1213P   2563
30.3376955332808,32.2921564146004,13.979030830673,                  1213P   2564
30.2502480700613,34.1285531422103,13.979030830673,                  1213P   2565
-14.3247030837609,74.6512360093213,13.979030830673,                 1213P   2566
-16.1462485124638,74.5798513395112,13.979030830673,                 1213P   2567
-16.8690425349633,73.8111726844452,13.979030830673,                 1213P   2568
-16.7964463706508,71.9587131634259,13.979030830673,                 1213P   2569
27.7916424513396,31.4240869616165,13.979030830673,                  1213P   2570
49.6280391789495,31.511534424836,13.979030830673,                   1213P   2571
50.3376955332808,32.2921564146004,13.979030830673,                  1213P   2572
50.2502480700613,34.1285531422103,13.979030830673,                  1213P   2573
5.6752969162391,74.6512360093213,13.979030830673,                   1213P   2574
3.85375148753625,74.5798513395112,13.979030830673,                  1213P   2575
3.13095746503671,73.8111726844452,13.979030830673,                  1213P   2576
3.20355362934916,71.9587131634259,13.979030830673,                  1213P   2577
47.7916424513396,31.4240869616165,13.979030830673,                  1213P   2578
39.6280391789495,31.511534424836,13.979030830673,                   1213P   2579
40.3376955332808,32.2921564146004,13.979030830673,                  1213P   2580
40.2502480700613,34.1285531422103,13.979030830673,                  1213P   2581
-4.3247030837609,74.6512360093213,13.979030830673,                  1213P   2582
-6.14624851246376,74.5798513395112,13.979030830673,                 1213P   2583
-6.86904253496329,73.8111726844452,13.979030830673,                 1213P   2584
-6.79644637065084,71.9587131634259,13.979030830673,                 1213P   2585
37.7916424513396,31.4240869616165,13.979030830673;                  1213P   2586
504,276,457,1213,1,1213,2,459,1213,2,1213,3,461,1213,3,1213,4,      1215P   2587
463,1213,4,1213,1,465,1213,5,1213,4,467,1213,6,1213,5,469,1213,     1215P   2588
6,1213,1,471,1213,3,1213,7,473,1213,8,1213,7,475,1213,8,1213,9,     1215P   2589
477,1213,10,1213,9,479,1213,10,1213,11,481,1213,5,1213,11,483,      1215P   2590
1213,12,1213,13,485,1213,13,1213,14,487,1213,14,1213,15,489,        1215P   2591
1213,15,1213,12,491,1213,16,1213,17,493,1213,17,1213,18,495,        1215P   2592
1213,18,1213,19,497,1213,19,1213,20,499,1213,20,1213,21,501,        1215P   2593
1213,21,1213,22,503,1213,22,1213,23,505,1213,23,1213,16,507,        1215P   2594
1213,24,1213,25,509,1213,25,1213,26,511,1213,26,1213,27,513,        1215P   2595
1213,27,1213,28,515,1213,28,1213,29,517,1213,29,1213,30,519,        1215P   2596
1213,30,1213,31,521,1213,31,1213,24,523,1213,32,1213,33,525,        1215P   2597
1213,33,1213,34,527,1213,34,1213,35,529,1213,35,1213,36,531,        1215P   2598
1213,36,1213,37,533,1213,37,1213,38,535,1213,38,1213,39,537,        1215P   2599
1213,39,1213,32,539,1213,40,1213,41,541,1213,41,1213,42,543,        1215P   2600
1213,42,1213,43,545,1213,43,1213,44,547,1213,44,1213,45,549,        1215P   2601
1213,45,1213,46,551,1213,46,1213,47,553,1213,47,1213,40,555,        1215P   2602
1213,48,1213,49,557,1213,49,1213,50,559,1213,50,1213,51,561,        1215P   2603
1213,51,1213,52,563,1213,52,1213,53,565,1213,53,1213,54,567,        1215P   2604
1213,54,1213,55,569,1213,55,1213,48,571,1213,56,1213,57,573,        1215P   2605
1213,57,1213,58,575,1213,58,1213,59,577,1213,59,1213,60,579,        1215P   2606
1213,60,1213,61,581,1213,61,1213,62,583,1213,62,1213,63,585,        1215P   2607
1213,63,1213,56,587,1213,64,1213,65,589,1213,65,1213,8,591,1213,    1215P   2608
7,1213,64,593,1213,65,1213,66,595,1213,9,1213,66,597,1213,2,        1215P   2609
1213,64,599,1213,66,1213,67,601,1213,67,1213,10,603,1213,67,        1215P   2610
1213,68,605,1213,11,1213,68,607,1213,68,1213,6,609,1213,69,1213,    1215P   2611
70,611,1213,69,1213,71,613,1213,72,1213,71,615,1213,70,1213,72,     1215P   2612
617,1213,70,1213,73,619,1213,74,1213,72,621,1213,73,1213,74,623,    1215P   2613
1213,73,1213,75,625,1213,76,1213,74,627,1213,75,1213,76,629,        1215P   2614
1213,75,1213,69,631,1213,71,1213,76,633,1213,77,1213,78,635,        1215P   2615
1213,77,1213,79,637,1213,80,1213,79,639,1213,78,1213,80,641,        1215P   2616
1213,78,1213,81,643,1213,82,1213,80,645,1213,81,1213,82,647,        1215P   2617
1213,81,1213,83,649,1213,84,1213,82,651,1213,83,1213,84,653,        1215P   2618
1213,83,1213,77,655,1213,79,1213,84,657,1213,85,1213,86,659,        1215P   2619
1213,85,1213,87,661,1213,88,1213,87,663,1213,86,1213,88,665,        1215P   2620
1213,86,1213,89,667,1213,90,1213,88,669,1213,89,1213,90,671,        1215P   2621
1213,89,1213,91,673,1213,92,1213,90,675,1213,91,1213,92,677,        1215P   2622
1213,91,1213,85,679,1213,87,1213,92,681,1213,93,1213,94,683,        1215P   2623
1213,93,1213,95,685,1213,96,1213,95,687,1213,94,1213,96,689,        1215P   2624
1213,94,1213,97,691,1213,98,1213,96,693,1213,97,1213,98,695,        1215P   2625
1213,97,1213,99,697,1213,100,1213,98,699,1213,99,1213,100,701,      1215P   2626
1213,99,1213,93,703,1213,95,1213,100,705,1213,101,1213,102,707,     1215P   2627
1213,101,1213,103,709,1213,104,1213,103,711,1213,102,1213,104,      1215P   2628
713,1213,102,1213,105,715,1213,106,1213,104,717,1213,105,1213,      1215P   2629
106,719,1213,105,1213,107,721,1213,108,1213,106,723,1213,107,       1215P   2630
1213,108,725,1213,107,1213,101,727,1213,103,1213,108,729,1213,      1215P   2631
109,1213,110,731,1213,109,1213,111,733,1213,112,1213,111,735,       1215P   2632
1213,110,1213,112,737,1213,110,1213,113,739,1213,114,1213,112,      1215P   2633
741,1213,113,1213,114,743,1213,113,1213,115,745,1213,116,1213,      1215P   2634
114,747,1213,115,1213,116,749,1213,115,1213,109,751,1213,111,       1215P   2635
1213,116,753,1213,117,1213,118,755,1213,117,1213,119,757,1213,      1215P   2636
120,1213,119,759,1213,118,1213,120,761,1213,118,1213,121,763,       1215P   2637
1213,122,1213,120,765,1213,121,1213,122,767,1213,121,1213,123,      1215P   2638
769,1213,124,1213,122,771,1213,123,1213,124,773,1213,123,1213,      1215P   2639
117,775,1213,119,1213,124,777,1213,125,1213,126,779,1213,125,       1215P   2640
1213,127,781,1213,128,1213,127,783,1213,126,1213,128,785,1213,      1215P   2641
126,1213,129,787,1213,130,1213,128,789,1213,129,1213,130,791,       1215P   2642
1213,129,1213,131,793,1213,132,1213,130,795,1213,131,1213,132,      1215P   2643
797,1213,131,1213,125,799,1213,127,1213,132,801,1213,133,1213,      1215P   2644
13,803,1213,133,1213,134,805,1213,134,1213,14,807,1213,134,1213,    1215P   2645
135,809,1213,135,1213,15,811,1213,136,1213,12,813,1213,136,1213,    1215P   2646
133,815,1213,135,1213,136,817,1213,137,1213,138,819,1213,138,       1215P   2647
1213,139,821,1213,139,1213,140,823,1213,140,1213,141,825,1213,      1215P   2648
141,1213,142,827,1213,142,1213,143,829,1213,143,1213,144,831,       1215P   2649
1213,144,1213,137,833,1213,145,1213,146,835,1213,146,1213,147,      1215P   2650
837,1213,147,1213,148,839,1213,148,1213,149,841,1213,149,1213,      1215P   2651
150,843,1213,150,1213,151,845,1213,151,1213,152,847,1213,152,       1215P   2652
1213,145,849,1213,153,1213,154,851,1213,154,1213,155,853,1213,      1215P   2653
155,1213,156,855,1213,156,1213,157,857,1213,157,1213,158,859,       1215P   2654
1213,158,1213,159,861,1213,159,1213,160,863,1213,160,1213,153,      1215P   2655
865,1213,161,1213,162,867,1213,162,1213,163,869,1213,163,1213,      1215P   2656
164,871,1213,164,1213,165,873,1213,165,1213,166,875,1213,166,       1215P   2657
1213,167,877,1213,167,1213,168,879,1213,168,1213,161,881,1213,      1215P   2658
169,1213,170,883,1213,170,1213,171,885,1213,171,1213,172,887,       1215P   2659
1213,172,1213,173,889,1213,173,1213,174,891,1213,174,1213,175,      1215P   2660
893,1213,175,1213,176,895,1213,176,1213,169,897,1213,177,1213,      1215P   2661
178,899,1213,178,1213,179,901,1213,179,1213,180,903,1213,180,       1215P   2662
1213,181,905,1213,181,1213,182,907,1213,182,1213,183,909,1213,      1215P   2663
183,1213,184,911,1213,184,1213,177,913,1213,24,1213,138,915,        1215P   2664
1213,25,1213,137,917,1213,37,1213,181,919,1213,36,1213,182,921,     1215P   2665
1213,35,1213,183,923,1213,34,1213,184,925,1213,33,1213,177,927,     1215P   2666
1213,32,1213,178,929,1213,39,1213,179,931,1213,38,1213,180,933,     1215P   2667
1213,45,1213,173,935,1213,44,1213,174,937,1213,43,1213,175,939,     1215P   2668
1213,42,1213,176,941,1213,41,1213,169,943,1213,40,1213,170,945,     1215P   2669
1213,47,1213,171,947,1213,46,1213,172,949,1213,53,1213,165,951,     1215P   2670
1213,52,1213,166,953,1213,51,1213,167,955,1213,50,1213,168,957,     1215P   2671
1213,49,1213,161,959,1213,48,1213,162,961,1213,55,1213,163,963,     1215P   2672
1213,54,1213,164,965,1213,27,1213,143,967,1213,26,1213,144,969,     1215P   2673
1213,31,1213,139,971,1213,30,1213,140,973,1213,29,1213,141,975,     1215P   2674
1213,28,1213,142,977,1213,23,1213,147,979,1213,22,1213,148,981,     1215P   2675
1213,21,1213,149,983,1213,20,1213,150,985,1213,19,1213,151,987,     1215P   2676
1213,18,1213,152,989,1213,17,1213,145,991,1213,16,1213,146,993,     1215P   2677
1213,61,1213,157,995,1213,60,1213,158,997,1213,59,1213,159,999,     1215P   2678
1213,58,1213,160,1001,1213,57,1213,153,1003,1213,56,1213,154,       1215P   2679
1005,1213,63,1213,155,1007,1213,62,1213,156;                        1215P   2680
406,1,5HBody1;                                                      1217P   2681
314,62.7450980392157,62.7450980392157,62.7450980392157,13HSteel     1219P   2682
- Satin;                                                            1219P   2683
S      1G      3D   1220P   2683                                        T      1
